aggregate_power,true_DWE,pred_DWE,true_FRE,pred_FRE,true_KTE,pred_KTE,true_MIC,pred_MIC,true_WME,pred_WME
339.524,1.0,0.2540160129853346,87.0,20.575297051812104,1.0,0.2540160129853346,1.0,0.2540160129853346,0.0,0.0
339.58832,1.0,0.2540160129853346,88.0,20.32128103882677,1.0,596.4295984895657,1.0,0.2540160129853346,0.0,0.0
339.195,1.0,0.2540160129853346,88.0,24.639553259577458,1.0,588.8091181000057,1.0,0.2540160129853346,0.0,0.0
339.51166,1.0,0.2540160129853346,88.0,20.575297051812104,1.0,583.4747818273136,1.0,0.2540160129853346,0.0,0.0
339.97168,1.0,0.2540160129853346,88.0,20.575297051812104,1.0,583.4747818273136,1.0,0.2540160129853346,0.0,0.0
340.125,1.0,0.2540160129853346,88.0,20.32128103882677,1.0,575.8543014377535,1.0,0.2540160129853346,0.0,0.0
339.35168,1.0,0.2540160129853346,88.0,20.32128103882677,1.0,585.5069099311962,1.0,0.2540160129853346,0.0,0.0
338.58167,1.0,0.2540160129853346,88.0,20.32128103882677,1.0,584.7448618922402,1.0,0.2540160129853346,0.0,0.0
338.70667,1.0,0.2540160129853346,88.0,20.32128103882677,1.0,588.8091181000057,1.0,0.2540160129853346,0.0,0.0
339.21167,1.0,0.2540160129853346,89.0,20.32128103882677,1.0,592.111326268815,1.0,0.2540160129853346,0.0,0.0
338.58167,1.0,0.2540160129853346,88.0,20.32128103882677,1.0,592.111326268815,1.0,0.2540160129853346,0.0,0.0
338.995,1.0,0.2540160129853346,88.0,20.32128103882677,1.0,581.6966697364162,1.0,0.2540160129853346,0.0,0.0
339.65668,1.0,0.2540160129853346,87.0,20.32128103882677,1.0,592.3653422818003,1.0,0.2540160129853346,0.0,0.0
339.57,1.0,0.2540160129853346,88.0,20.32128103882677,1.0,592.6193582947857,1.0,0.2540160129853346,0.0,0.0
339.28833,1.0,0.2540160129853346,88.0,20.575297051812104,1.0,586.7769899961229,1.0,0.2540160129853346,0.0,0.0
339.01166,1.0,0.2540160129853346,88.0,20.32128103882677,1.0,587.539038035079,1.0,0.2540160129853346,0.0,0.0
339.445,1.0,0.2540160129853346,88.0,20.32128103882677,1.0,655.3613135021633,1.0,0.2540160129853346,0.0,0.0
340.01666,1.0,0.2540160129853346,88.0,4.318272220750688,1.0,589.3171501259762,1.0,0.2540160129853346,0.0,0.0
339.975,1.0,0.2540160129853346,88.0,0.0,1.0,68.83833951902568,1.0,0.2540160129853346,0.0,0.0
340.84332,1.0,0.2540160129853346,88.0,0.0,1.0,0.0,1.0,0.2540160129853346,0.0,0.0
340.685,1.0,0.2540160129853346,88.0,0.0,1.0,0.2540160129853346,1.0,0.2540160129853346,0.0,0.0
340.10498,1.0,0.2540160129853346,88.0,0.0,1.0,0.2540160129853346,1.0,0.2540160129853346,0.0,0.0
340.83002,1.0,0.2540160129853346,88.0,0.0,1.0,0.2540160129853346,1.0,0.2540160129853346,0.0,0.0
341.44333,1.0,0.2540160129853346,89.0,4.318272220750688,1.0,0.2540160129853346,1.0,0.2540160129853346,0.0,0.0
340.60333,1.0,0.2540160129853346,88.0,4.572288233736023,1.0,0.2540160129853346,1.0,0.2540160129853346,0.0,0.0
340.4,1.0,0.2540160129853346,88.0,4.318272220750688,1.0,0.2540160129853346,1.0,0.2540160129853346,0.0,0.0
340.06,1.0,0.2540160129853346,88.0,4.318272220750688,1.0,0.2540160129853346,1.0,0.2540160129853346,0.0,0.0
340.43665,1.0,0.2540160129853346,88.0,0.0,1.0,0.2540160129853346,1.0,0.2540160129853346,0.0,0.0
340.13165,1.0,0.2540160129853346,87.0,0.0,1.0,0.2540160129853346,1.0,0.2540160129853346,0.0,0.0
340.52167,1.0,0.2540160129853346,87.0,0.0,1.0,0.2540160129853346,1.0,0.2540160129853346,0.0,0.0
340.02832,1.0,0.2540160129853346,88.0,0.0,1.0,0.2540160129853346,1.0,0.2540160129853346,0.0,0.0
340.028,1.0,0.2540160129853346,88.0,0.0,1.0,0.2540160129853346,1.0,0.2540160129853346,0.0,0.0
339.905,1.0,0.2540160129853346,88.0,0.0,1.0,0.2540160129853346,1.0,0.2540160129853346,0.0,0.0
339.98834,1.0,0.2540160129853346,88.0,0.0,1.0,0.2540160129853346,1.0,0.2540160129853346,0.0,0.0
340.74,1.0,0.2540160129853346,88.0,0.0,1.0,0.2540160129853346,1.0,0.2540160129853346,0.0,0.0
340.16998,1.0,0.2540160129853346,88.0,0.0,1.0,0.2540160129853346,1.0,0.2540160129853346,0.0,0.0
340.46,1.0,0.2540160129853346,88.0,0.0,1.0,0.2540160129853346,1.0,0.2540160129853346,0.0,0.0
340.71832,1.0,0.2540160129853346,88.0,4.318272220750688,1.0,0.2540160129853346,1.0,0.2540160129853346,0.0,0.0
340.55334,1.0,0.2540160129853346,88.0,0.0,1.0,0.2540160129853346,1.0,0.2540160129853346,0.0,0.0
341.025,1.0,0.2540160129853346,88.0,0.0,1.0,0.2540160129853346,1.0,0.2540160129853346,0.0,0.0
341.15167,1.0,0.2540160129853346,88.0,0.0,1.0,0.2540160129853346,1.0,0.2540160129853346,0.0,0.0
341.15668,1.0,0.2540160129853346,88.0,0.0,1.0,0.2540160129853346,1.0,0.2540160129853346,0.0,0.0
341.245,1.0,0.2540160129853346,88.0,0.0,1.0,0.2540160129853346,1.0,0.2540160129853346,0.0,0.0
340.79834,1.0,0.2540160129853346,88.0,0.0,1.0,0.2540160129853346,1.0,0.2540160129853346,0.0,0.0
340.08667,1.0,0.2540160129853346,88.0,0.0,1.0,0.2540160129853346,1.0,0.2540160129853346,0.0,0.0
340.67,1.0,0.2540160129853346,88.0,4.318272220750688,1.0,0.2540160129853346,1.0,0.2540160129853346,0.0,0.0
340.025,1.0,0.2540160129853346,88.0,4.318272220750688,1.0,0.2540160129853346,1.0,0.2540160129853346,0.0,0.0
340.03668,1.0,0.2540160129853346,88.0,4.318272220750688,1.0,0.2540160129853346,1.0,0.2540160129853346,0.0,0.0
339.78168,1.0,0.2540160129853346,88.0,4.318272220750688,1.0,0.2540160129853346,1.0,0.2540160129853346,0.0,0.0
341.11667,1.0,0.2540160129853346,88.0,0.0,1.0,0.2540160129853346,1.0,0.2540160129853346,0.0,0.0
340.7083,1.0,0.2540160129853346,88.0,0.0,1.0,0.2540160129853346,1.0,0.2540160129853346,0.0,0.0
341.08334,1.0,0.2540160129853346,88.0,0.0,1.0,0.2540160129853346,1.0,0.2540160129853346,0.0,0.0
341.78333,1.0,0.2540160129853346,88.0,0.0,1.0,0.2540160129853346,1.0,0.2540160129853346,0.0,0.0
341.60498,1.0,0.2540160129853346,88.0,0.0,1.0,0.2540160129853346,1.0,0.2540160129853346,0.0,0.0
341.16833,1.0,0.2540160129853346,88.0,0.0,1.0,0.2540160129853346,1.0,0.2540160129853346,0.0,0.0
341.50333,1.0,0.2540160129853346,88.0,4.318272220750688,1.0,0.2540160129853346,1.0,0.2540160129853346,0.0,0.0
341.35834,1.0,0.2540160129853346,88.0,0.0,1.0,0.2540160129853346,1.0,0.2540160129853346,0.0,0.0
340.885,1.0,0.2540160129853346,88.0,0.0,1.0,0.2540160129853346,1.0,0.2540160129853346,0.0,0.0
342.04,1.0,0.2540160129853346,88.0,0.0,1.0,0.2540160129853346,1.0,0.2540160129853346,0.0,0.0
341.93832,1.0,0.2540160129853346,88.0,0.0,1.0,0.2540160129853346,1.0,0.2540160129853346,0.0,0.0
339.58832,1.0,0.25404125888576173,88.0,20.5773419697467,1.0,0.25404125888576173,1.0,0.25404125888576173,0.0,0.0
339.195,1.0,0.25404125888576173,88.0,20.323300710860938,1.0,596.4888758637685,1.0,0.25404125888576173,0.0,0.0
339.51166,1.0,0.25404125888576173,88.0,24.642002111918888,1.0,588.8676380971957,1.0,0.25404125888576173,0.0,0.0
339.97168,1.0,0.25404125888576173,88.0,20.5773419697467,1.0,583.5327716605947,1.0,0.25404125888576173,0.0,0.0
340.125,1.0,0.25404125888576173,88.0,20.5773419697467,1.0,583.5327716605947,1.0,0.25404125888576173,0.0,0.0
339.35168,1.0,0.25404125888576173,88.0,20.323300710860938,1.0,575.9115338940219,1.0,0.25404125888576173,0.0,0.0
338.58167,1.0,0.25404125888576173,88.0,20.323300710860938,1.0,585.5651017316808,1.0,0.25404125888576173,0.0,0.0
338.70667,1.0,0.25404125888576173,88.0,20.323300710860938,1.0,584.8029779550235,1.0,0.25404125888576173,0.0,0.0
339.21167,1.0,0.25404125888576173,89.0,20.323300710860938,1.0,588.8676380971957,1.0,0.25404125888576173,0.0,0.0
338.58167,1.0,0.25404125888576173,88.0,20.323300710860938,1.0,592.1701744627106,1.0,0.25404125888576173,0.0,0.0
338.995,1.0,0.25404125888576173,88.0,20.323300710860938,1.0,592.1701744627106,1.0,0.25404125888576173,0.0,0.0
339.65668,1.0,0.25404125888576173,87.0,20.323300710860938,1.0,581.7544828483943,1.0,0.25404125888576173,0.0,0.0
339.57,1.0,0.25404125888576173,88.0,20.323300710860938,1.0,592.4242157215964,1.0,0.25404125888576173,0.0,0.0
339.28833,1.0,0.25404125888576173,88.0,20.323300710860938,1.0,592.6782569804822,1.0,0.25404125888576173,0.0,0.0
339.01166,1.0,0.25404125888576173,88.0,20.5773419697467,1.0,586.8353080261096,1.0,0.25404125888576173,0.0,0.0
339.445,1.0,0.25404125888576173,88.0,20.323300710860938,1.0,587.5974318027669,1.0,0.25404125888576173,0.0,0.0
340.01666,1.0,0.25404125888576173,88.0,20.323300710860938,1.0,655.4264479252653,1.0,0.25404125888576173,0.0,0.0
339.975,1.0,0.25404125888576173,88.0,4.318701401057949,1.0,589.3757206149672,1.0,0.25404125888576173,0.0,0.0
340.84332,1.0,0.25404125888576173,88.0,0.0,1.0,68.84518115804143,1.0,0.25404125888576173,0.0,0.0
340.685,1.0,0.25404125888576173,88.0,0.0,1.0,0.0,1.0,0.25404125888576173,0.0,0.0
340.10498,1.0,0.25404125888576173,88.0,0.0,1.0,0.25404125888576173,1.0,0.25404125888576173,0.0,0.0
340.83002,1.0,0.25404125888576173,88.0,0.0,1.0,0.25404125888576173,1.0,0.25404125888576173,0.0,0.0
341.44333,1.0,0.25404125888576173,89.0,0.0,1.0,0.25404125888576173,1.0,0.25404125888576173,0.0,0.0
340.60333,1.0,0.25404125888576173,88.0,4.318701401057949,1.0,0.25404125888576173,1.0,0.25404125888576173,0.0,0.0
340.4,1.0,0.25404125888576173,88.0,4.572742659943711,1.0,0.25404125888576173,1.0,0.25404125888576173,0.0,0.0
340.06,1.0,0.25404125888576173,88.0,4.318701401057949,1.0,0.25404125888576173,1.0,0.25404125888576173,0.0,0.0
340.43665,1.0,0.25404125888576173,88.0,4.318701401057949,1.0,0.25404125888576173,1.0,0.25404125888576173,0.0,0.0
340.13165,1.0,0.25404125888576173,87.0,0.0,1.0,0.25404125888576173,1.0,0.25404125888576173,0.0,0.0
340.52167,1.0,0.25404125888576173,87.0,0.0,1.0,0.25404125888576173,1.0,0.25404125888576173,0.0,0.0
340.02832,1.0,0.25404125888576173,88.0,0.0,1.0,0.25404125888576173,1.0,0.25404125888576173,0.0,0.0
340.028,1.0,0.25404125888576173,88.0,0.0,1.0,0.25404125888576173,1.0,0.25404125888576173,0.0,0.0
339.905,1.0,0.25404125888576173,88.0,0.0,1.0,0.25404125888576173,1.0,0.25404125888576173,0.0,0.0
339.98834,1.0,0.25404125888576173,88.0,0.0,1.0,0.25404125888576173,1.0,0.25404125888576173,0.0,0.0
340.74,1.0,0.25404125888576173,88.0,0.0,1.0,0.25404125888576173,1.0,0.25404125888576173,0.0,0.0
340.16998,1.0,0.25404125888576173,88.0,0.0,1.0,0.25404125888576173,1.0,0.25404125888576173,0.0,0.0
340.46,1.0,0.25404125888576173,88.0,0.0,1.0,0.25404125888576173,1.0,0.25404125888576173,0.0,0.0
340.71832,1.0,0.25404125888576173,88.0,0.0,1.0,0.25404125888576173,1.0,0.25404125888576173,0.0,0.0
340.55334,1.0,0.25404125888576173,88.0,4.318701401057949,1.0,0.25404125888576173,1.0,0.25404125888576173,0.0,0.0
341.025,1.0,0.25404125888576173,88.0,0.0,1.0,0.25404125888576173,1.0,0.25404125888576173,0.0,0.0
341.15167,1.0,0.25404125888576173,88.0,0.0,1.0,0.25404125888576173,1.0,0.25404125888576173,0.0,0.0
341.15668,1.0,0.25404125888576173,88.0,0.0,1.0,0.25404125888576173,1.0,0.25404125888576173,0.0,0.0
341.245,1.0,0.25404125888576173,88.0,0.0,1.0,0.25404125888576173,1.0,0.25404125888576173,0.0,0.0
340.79834,1.0,0.25404125888576173,88.0,0.0,1.0,0.25404125888576173,1.0,0.25404125888576173,0.0,0.0
340.08667,1.0,0.25404125888576173,88.0,0.0,1.0,0.25404125888576173,1.0,0.25404125888576173,0.0,0.0
340.67,1.0,0.25404125888576173,88.0,0.0,1.0,0.25404125888576173,1.0,0.25404125888576173,0.0,0.0
340.025,1.0,0.25404125888576173,88.0,4.318701401057949,1.0,0.25404125888576173,1.0,0.25404125888576173,0.0,0.0
340.03668,1.0,0.25404125888576173,88.0,4.318701401057949,1.0,0.25404125888576173,1.0,0.25404125888576173,0.0,0.0
339.78168,1.0,0.25404125888576173,88.0,4.318701401057949,1.0,0.25404125888576173,1.0,0.25404125888576173,0.0,0.0
341.11667,1.0,0.25404125888576173,88.0,4.318701401057949,1.0,0.25404125888576173,1.0,0.25404125888576173,0.0,0.0
340.7083,1.0,0.25404125888576173,88.0,0.0,1.0,0.25404125888576173,1.0,0.25404125888576173,0.0,0.0
341.08334,1.0,0.25404125888576173,88.0,0.0,1.0,0.25404125888576173,1.0,0.25404125888576173,0.0,0.0
341.78333,1.0,0.25404125888576173,88.0,0.0,1.0,0.25404125888576173,1.0,0.25404125888576173,0.0,0.0
341.60498,1.0,0.25404125888576173,88.0,0.0,1.0,0.25404125888576173,1.0,0.25404125888576173,0.0,0.0
341.16833,1.0,0.25404125888576173,88.0,0.0,1.0,0.25404125888576173,1.0,0.25404125888576173,0.0,0.0
341.50333,1.0,0.25404125888576173,88.0,0.0,1.0,0.25404125888576173,1.0,0.25404125888576173,0.0,0.0
341.35834,1.0,0.25404125888576173,88.0,4.318701401057949,1.0,0.25404125888576173,1.0,0.25404125888576173,0.0,0.0
340.885,1.0,0.25404125888576173,88.0,0.0,1.0,0.25404125888576173,1.0,0.25404125888576173,0.0,0.0
342.04,1.0,0.25404125888576173,88.0,0.0,1.0,0.25404125888576173,1.0,0.25404125888576173,0.0,0.0
341.93832,1.0,0.25404125888576173,88.0,0.0,1.0,0.25404125888576173,1.0,0.25404125888576173,0.0,0.0
341.55334,1.0,0.25404125888576173,88.0,0.0,1.0,0.25404125888576173,1.0,0.25404125888576173,0.0,0.0
339.195,1.0,0.6601394138132256,88.0,0.0,1.0,0.6601394138132256,1.0,0.6601394138132256,0.0,0.0
339.51166,1.0,0.6601394138132256,88.0,0.0,1.0,0.6601394138132256,1.0,0.6601394138132256,0.0,0.0
339.97168,1.0,0.6601394138132256,88.0,0.0,1.0,0.6601394138132256,1.0,0.6601394138132256,0.0,0.0
340.125,1.0,0.6601394138132256,88.0,0.0,1.0,0.6601394138132256,1.0,0.6601394138132256,0.0,0.0
339.35168,1.0,0.6601394138132256,88.0,0.0,1.0,0.6601394138132256,1.0,0.6601394138132256,0.0,0.0
338.58167,1.0,0.6601394138132256,88.0,0.0,1.0,0.6601394138132256,1.0,0.6601394138132256,0.0,0.0
338.70667,1.0,0.6601394138132256,88.0,0.0,1.0,0.6601394138132256,1.0,0.6601394138132256,0.0,0.0
339.21167,1.0,0.6601394138132256,89.0,0.0,1.0,0.6601394138132256,1.0,0.6601394138132256,0.0,0.0
338.58167,1.0,0.6601394138132256,88.0,0.0,1.0,0.6601394138132256,1.0,0.6601394138132256,0.0,0.0
338.995,1.0,0.6601394138132256,88.0,0.0,1.0,0.6601394138132256,1.0,0.6601394138132256,0.0,0.0
339.65668,1.0,0.6601394138132256,87.0,0.0,1.0,0.6601394138132256,1.0,0.6601394138132256,0.0,0.0
339.57,1.0,0.6601394138132256,88.0,0.0,1.0,0.6601394138132256,1.0,0.6601394138132256,0.0,0.0
339.28833,1.0,0.6601394138132256,88.0,0.0,1.0,0.6601394138132256,1.0,0.6601394138132256,0.0,0.0
339.01166,1.0,0.6601394138132256,88.0,0.0,1.0,0.6601394138132256,1.0,0.6601394138132256,0.0,0.0
339.445,1.0,0.6601394138132256,88.0,0.0,1.0,0.6601394138132256,1.0,0.6601394138132256,0.0,0.0
340.01666,1.0,0.6601394138132256,88.0,0.0,1.0,0.6601394138132256,1.0,0.6601394138132256,0.0,0.0
339.975,1.0,0.6601394138132256,88.0,0.0,1.0,0.6601394138132256,1.0,0.6601394138132256,0.0,0.0
340.84332,1.0,0.6601394138132256,88.0,0.0,1.0,0.6601394138132256,1.0,0.6601394138132256,0.0,0.0
340.685,1.0,0.6601394138132256,88.0,0.0,1.0,0.6601394138132256,1.0,0.6601394138132256,0.0,0.0
340.10498,1.0,0.6601394138132256,88.0,0.0,1.0,0.6601394138132256,1.0,0.6601394138132256,0.0,0.0
340.83002,1.0,0.6601394138132256,88.0,0.0,1.0,0.6601394138132256,1.0,0.6601394138132256,0.0,0.0
341.44333,1.0,0.6601394138132256,89.0,0.0,1.0,0.6601394138132256,1.0,0.6601394138132256,0.0,0.0
340.60333,1.0,0.6601394138132256,88.0,0.0,1.0,0.6601394138132256,1.0,0.6601394138132256,0.0,0.0
340.4,1.0,0.6601394138132256,88.0,0.0,1.0,0.6601394138132256,1.0,0.6601394138132256,0.0,0.0
340.06,1.0,0.6601394138132256,88.0,0.0,1.0,0.6601394138132256,1.0,0.6601394138132256,0.0,0.0
340.43665,1.0,0.6601394138132256,88.0,0.0,1.0,0.6601394138132256,1.0,0.6601394138132256,0.0,0.0
340.13165,1.0,0.6601394138132256,87.0,0.0,1.0,0.6601394138132256,1.0,0.6601394138132256,0.0,0.0
340.52167,1.0,0.6601394138132256,87.0,0.0,1.0,0.6601394138132256,1.0,0.6601394138132256,0.0,0.0
340.02832,1.0,0.6601394138132256,88.0,0.0,1.0,0.6601394138132256,1.0,0.6601394138132256,0.0,0.0
340.028,1.0,0.6601394138132256,88.0,0.0,1.0,0.6601394138132256,1.0,0.6601394138132256,0.0,0.0
339.905,1.0,0.6601394138132256,88.0,0.0,1.0,0.6601394138132256,1.0,0.6601394138132256,0.0,0.0
339.98834,1.0,0.6601394138132256,88.0,0.0,1.0,0.6601394138132256,1.0,0.6601394138132256,0.0,0.0
340.74,1.0,0.6601394138132256,88.0,0.0,1.0,0.6601394138132256,1.0,0.6601394138132256,0.0,0.0
340.16998,1.0,0.6601394138132256,88.0,161.73415638424026,1.0,0.6601394138132256,1.0,0.6601394138132256,0.0,0.0
340.46,1.0,0.6601394138132256,88.0,161.07401697042704,1.0,0.6601394138132256,1.0,0.6601394138132256,0.0,0.0
340.71832,1.0,0.6601394138132256,88.0,161.73415638424026,1.0,0.6601394138132256,1.0,0.6601394138132256,0.0,0.0
340.55334,1.0,0.6601394138132256,88.0,161.07401697042704,1.0,0.6601394138132256,1.0,0.6601394138132256,0.0,0.0
341.025,1.0,0.6601394138132256,88.0,161.73415638424026,1.0,0.6601394138132256,1.0,0.6601394138132256,0.0,0.0
341.15167,1.0,0.6601394138132256,88.0,162.3942957980535,1.0,0.6601394138132256,1.0,0.6601394138132256,0.0,0.0
341.15668,1.0,0.6601394138132256,88.0,162.3942957980535,1.0,0.6601394138132256,1.0,0.6601394138132256,0.0,0.0
341.245,1.0,0.6601394138132256,88.0,162.3942957980535,1.0,0.6601394138132256,1.0,0.6601394138132256,0.0,0.0
340.79834,1.0,0.6601394138132256,88.0,161.73415638424026,1.0,0.6601394138132256,1.0,0.6601394138132256,0.0,0.0
340.08667,1.0,0.6601394138132256,88.0,161.73415638424026,1.0,0.6601394138132256,1.0,0.6601394138132256,0.0,0.0
340.67,1.0,0.6601394138132256,88.0,159.09359872898736,1.0,0.6601394138132256,1.0,0.6601394138132256,0.0,0.0
340.025,1.0,0.6601394138132256,88.0,158.43345931517413,1.0,0.6601394138132256,1.0,0.6601394138132256,0.0,0.0
340.03668,1.0,0.6601394138132256,88.0,158.43345931517413,1.0,0.6601394138132256,1.0,0.6601394138132256,0.0,0.0
339.78168,1.0,0.6601394138132256,88.0,160.4138775566138,1.0,0.6601394138132256,1.0,0.6601394138132256,0.0,0.0
341.11667,1.0,0.6601394138132256,88.0,160.4138775566138,1.0,0.6601394138132256,1.0,0.6601394138132256,0.0,0.0
340.7083,1.0,0.6601394138132256,88.0,159.09359872898736,1.0,0.6601394138132256,1.0,0.6601394138132256,0.0,0.0
341.08334,1.0,0.6601394138132256,88.0,158.43345931517413,1.0,0.6601394138132256,1.0,0.6601394138132256,0.0,0.0
341.78333,1.0,0.6601394138132256,88.0,157.7733199013609,1.0,0.6601394138132256,1.0,0.6601394138132256,0.0,0.0
341.60498,1.0,0.6601394138132256,88.0,158.43345931517413,1.0,0.6601394138132256,1.0,0.6601394138132256,0.0,0.0
341.16833,1.0,0.6601394138132256,88.0,157.7733199013609,1.0,0.6601394138132256,1.0,0.6601394138132256,0.0,0.0
341.50333,1.0,0.6601394138132256,88.0,159.09359872898736,1.0,0.6601394138132256,1.0,0.6601394138132256,0.0,0.0
341.35834,1.0,0.6601394138132256,88.0,159.09359872898736,1.0,0.6601394138132256,1.0,0.6601394138132256,0.0,0.0
340.885,1.0,0.6601394138132256,88.0,159.09359872898736,1.0,0.6601394138132256,1.0,0.6601394138132256,0.0,0.0
342.04,1.0,0.6601394138132256,88.0,157.11318048754768,1.0,0.6601394138132256,1.0,0.6601394138132256,0.0,0.0
341.93832,1.0,0.6601394138132256,88.0,157.7733199013609,1.0,0.6601394138132256,1.0,0.6601394138132256,0.0,0.0
341.55334,1.0,0.6601394138132256,88.0,158.43345931517413,1.0,0.6601394138132256,1.0,0.6601394138132256,0.0,0.0
341.825,1.0,0.6601394138132256,88.0,159.09359872898736,1.0,0.6601394138132256,1.0,0.6601394138132256,0.0,0.0
339.51166,1.0,0.6503946065567117,88.0,0.0,1.0,0.6503946065567117,1.0,0.6503946065567117,0.0,0.0
339.97168,1.0,0.6503946065567117,88.0,0.0,1.0,0.6503946065567117,1.0,0.6503946065567117,0.0,0.0
340.125,1.0,0.6503946065567117,88.0,0.0,1.0,0.6503946065567117,1.0,0.6503946065567117,0.0,0.0
339.35168,1.0,0.6503946065567117,88.0,0.0,1.0,0.6503946065567117,1.0,0.6503946065567117,0.0,0.0
338.58167,1.0,0.6503946065567117,88.0,0.0,1.0,0.6503946065567117,1.0,0.6503946065567117,0.0,0.0
338.70667,1.0,0.6503946065567117,88.0,0.0,1.0,0.6503946065567117,1.0,0.6503946065567117,0.0,0.0
339.21167,1.0,0.6503946065567117,89.0,0.0,1.0,0.6503946065567117,1.0,0.6503946065567117,0.0,0.0
338.58167,1.0,0.6503946065567117,88.0,0.0,1.0,0.6503946065567117,1.0,0.6503946065567117,0.0,0.0
338.995,1.0,0.6503946065567117,88.0,0.0,1.0,0.6503946065567117,1.0,0.6503946065567117,0.0,0.0
339.65668,1.0,0.6503946065567117,87.0,0.0,1.0,0.6503946065567117,1.0,0.6503946065567117,0.0,0.0
339.57,1.0,0.6503946065567117,88.0,0.0,1.0,0.6503946065567117,1.0,0.6503946065567117,0.0,0.0
339.28833,1.0,0.6503946065567117,88.0,0.0,1.0,0.6503946065567117,1.0,0.6503946065567117,0.0,0.0
339.01166,1.0,0.6503946065567117,88.0,0.0,1.0,0.6503946065567117,1.0,0.6503946065567117,0.0,0.0
339.445,1.0,0.6503946065567117,88.0,0.0,1.0,0.6503946065567117,1.0,0.6503946065567117,0.0,0.0
340.01666,1.0,0.6503946065567117,88.0,0.0,1.0,0.6503946065567117,1.0,0.6503946065567117,0.0,0.0
339.975,1.0,0.6503946065567117,88.0,0.0,1.0,0.6503946065567117,1.0,0.6503946065567117,0.0,0.0
340.84332,1.0,0.6503946065567117,88.0,0.0,1.0,0.6503946065567117,1.0,0.6503946065567117,0.0,0.0
340.685,1.0,0.6503946065567117,88.0,0.0,1.0,0.6503946065567117,1.0,0.6503946065567117,0.0,0.0
340.10498,1.0,0.6503946065567117,88.0,0.0,1.0,0.6503946065567117,1.0,0.6503946065567117,0.0,0.0
340.83002,1.0,0.6503946065567117,88.0,0.0,1.0,0.6503946065567117,1.0,0.6503946065567117,0.0,0.0
341.44333,1.0,0.6503946065567117,89.0,0.0,1.0,0.6503946065567117,1.0,0.6503946065567117,0.0,0.0
340.60333,1.0,0.6503946065567117,88.0,0.0,1.0,0.6503946065567117,1.0,0.6503946065567117,0.0,0.0
340.4,1.0,0.6503946065567117,88.0,0.0,1.0,0.6503946065567117,1.0,0.6503946065567117,0.0,0.0
340.06,1.0,0.6503946065567117,88.0,0.0,1.0,0.6503946065567117,1.0,0.6503946065567117,0.0,0.0
340.43665,1.0,0.6503946065567117,88.0,0.0,1.0,0.6503946065567117,1.0,0.6503946065567117,0.0,0.0
340.13165,1.0,0.6503946065567117,87.0,0.0,1.0,0.6503946065567117,1.0,0.6503946065567117,0.0,0.0
340.52167,1.0,0.6503946065567117,87.0,0.0,1.0,0.6503946065567117,1.0,0.6503946065567117,0.0,0.0
340.02832,1.0,0.6503946065567117,88.0,0.0,1.0,0.6503946065567117,1.0,0.6503946065567117,0.0,0.0
340.028,1.0,0.6503946065567117,88.0,0.0,1.0,0.6503946065567117,1.0,0.6503946065567117,0.0,0.0
339.905,1.0,0.6503946065567117,88.0,0.0,1.0,0.6503946065567117,1.0,0.6503946065567117,0.0,0.0
339.98834,1.0,0.6503946065567117,88.0,0.0,1.0,0.6503946065567117,1.0,0.6503946065567117,0.0,0.0
340.74,1.0,0.6503946065567117,88.0,0.0,1.0,0.6503946065567117,1.0,0.6503946065567117,0.0,0.0
340.16998,1.0,0.6503946065567117,88.0,159.34667860639436,1.0,0.6503946065567117,1.0,0.6503946065567117,0.0,0.0
340.46,1.0,0.6503946065567117,88.0,158.69628399983765,1.0,0.6503946065567117,1.0,0.6503946065567117,0.0,0.0
340.71832,1.0,0.6503946065567117,88.0,159.34667860639436,1.0,0.6503946065567117,1.0,0.6503946065567117,0.0,0.0
340.55334,1.0,0.6503946065567117,88.0,158.69628399983765,1.0,0.6503946065567117,1.0,0.6503946065567117,0.0,0.0
341.025,1.0,0.6503946065567117,88.0,159.34667860639436,1.0,0.6503946065567117,1.0,0.6503946065567117,0.0,0.0
341.15167,1.0,0.6503946065567117,88.0,159.99707321295108,1.0,0.6503946065567117,1.0,0.6503946065567117,0.0,0.0
341.15668,1.0,0.6503946065567117,88.0,159.99707321295108,1.0,0.6503946065567117,1.0,0.6503946065567117,0.0,0.0
341.245,1.0,0.6503946065567117,88.0,159.99707321295108,1.0,0.6503946065567117,1.0,0.6503946065567117,0.0,0.0
340.79834,1.0,0.6503946065567117,88.0,159.34667860639436,1.0,0.6503946065567117,1.0,0.6503946065567117,0.0,0.0
340.08667,1.0,0.6503946065567117,88.0,159.34667860639436,1.0,0.6503946065567117,1.0,0.6503946065567117,0.0,0.0
340.67,1.0,0.6503946065567117,88.0,156.7451001801675,1.0,0.6503946065567117,1.0,0.6503946065567117,0.0,0.0
340.025,1.0,0.6503946065567117,88.0,156.0947055736108,1.0,0.6503946065567117,1.0,0.6503946065567117,0.0,0.0
340.03668,1.0,0.6503946065567117,88.0,156.0947055736108,1.0,0.6503946065567117,1.0,0.6503946065567117,0.0,0.0
339.78168,1.0,0.6503946065567117,88.0,158.04588939328093,1.0,0.6503946065567117,1.0,0.6503946065567117,0.0,0.0
341.11667,1.0,0.6503946065567117,88.0,158.04588939328093,1.0,0.6503946065567117,1.0,0.6503946065567117,0.0,0.0
340.7083,1.0,0.6503946065567117,88.0,156.7451001801675,1.0,0.6503946065567117,1.0,0.6503946065567117,0.0,0.0
341.08334,1.0,0.6503946065567117,88.0,156.0947055736108,1.0,0.6503946065567117,1.0,0.6503946065567117,0.0,0.0
341.78333,1.0,0.6503946065567117,88.0,155.4443109670541,1.0,0.6503946065567117,1.0,0.6503946065567117,0.0,0.0
341.60498,1.0,0.6503946065567117,88.0,156.0947055736108,1.0,0.6503946065567117,1.0,0.6503946065567117,0.0,0.0
341.16833,1.0,0.6503946065567117,88.0,155.4443109670541,1.0,0.6503946065567117,1.0,0.6503946065567117,0.0,0.0
341.50333,1.0,0.6503946065567117,88.0,156.7451001801675,1.0,0.6503946065567117,1.0,0.6503946065567117,0.0,0.0
341.35834,1.0,0.6503946065567117,88.0,156.7451001801675,1.0,0.6503946065567117,1.0,0.6503946065567117,0.0,0.0
340.885,1.0,0.6503946065567117,88.0,156.7451001801675,1.0,0.6503946065567117,1.0,0.6503946065567117,0.0,0.0
342.04,1.0,0.6503946065567117,88.0,154.79391636049738,1.0,0.6503946065567117,1.0,0.6503946065567117,0.0,0.0
341.93832,1.0,0.6503946065567117,88.0,155.4443109670541,1.0,0.6503946065567117,1.0,0.6503946065567117,0.0,0.0
341.55334,1.0,0.6503946065567117,88.0,156.0947055736108,1.0,0.6503946065567117,1.0,0.6503946065567117,0.0,0.0
341.825,1.0,0.6503946065567117,88.0,156.7451001801675,1.0,0.6503946065567117,1.0,0.6503946065567117,0.0,0.0
341.42166,1.0,0.6503946065567117,88.0,156.0947055736108,1.0,0.6503946065567117,1.0,0.6503946065567117,0.0,0.0
339.97168,1.0,0.6409201229626699,88.0,0.0,1.0,0.6409201229626699,1.0,0.6409201229626699,0.0,0.0
340.125,1.0,0.6409201229626699,88.0,0.0,1.0,0.6409201229626699,1.0,0.6409201229626699,0.0,0.0
339.35168,1.0,0.6409201229626699,88.0,0.0,1.0,0.6409201229626699,1.0,0.6409201229626699,0.0,0.0
338.58167,1.0,0.6409201229626699,88.0,0.0,1.0,0.6409201229626699,1.0,0.6409201229626699,0.0,0.0
338.70667,1.0,0.6409201229626699,88.0,0.0,1.0,0.6409201229626699,1.0,0.6409201229626699,0.0,0.0
339.21167,1.0,0.6409201229626699,89.0,0.0,1.0,0.6409201229626699,1.0,0.6409201229626699,0.0,0.0
338.58167,1.0,0.6409201229626699,88.0,0.0,1.0,0.6409201229626699,1.0,0.6409201229626699,0.0,0.0
338.995,1.0,0.6409201229626699,88.0,0.0,1.0,0.6409201229626699,1.0,0.6409201229626699,0.0,0.0
339.65668,1.0,0.6409201229626699,87.0,0.0,1.0,0.6409201229626699,1.0,0.6409201229626699,0.0,0.0
339.57,1.0,0.6409201229626699,88.0,0.0,1.0,0.6409201229626699,1.0,0.6409201229626699,0.0,0.0
339.28833,1.0,0.6409201229626699,88.0,0.0,1.0,0.6409201229626699,1.0,0.6409201229626699,0.0,0.0
339.01166,1.0,0.6409201229626699,88.0,0.0,1.0,0.6409201229626699,1.0,0.6409201229626699,0.0,0.0
339.445,1.0,0.6409201229626699,88.0,0.0,1.0,0.6409201229626699,1.0,0.6409201229626699,0.0,0.0
340.01666,1.0,0.6409201229626699,88.0,0.0,1.0,0.6409201229626699,1.0,0.6409201229626699,0.0,0.0
339.975,1.0,0.6409201229626699,88.0,0.0,1.0,0.6409201229626699,1.0,0.6409201229626699,0.0,0.0
340.84332,1.0,0.6409201229626699,88.0,0.0,1.0,0.6409201229626699,1.0,0.6409201229626699,0.0,0.0
340.685,1.0,0.6409201229626699,88.0,0.0,1.0,0.6409201229626699,1.0,0.6409201229626699,0.0,0.0
340.10498,1.0,0.6409201229626699,88.0,0.0,1.0,0.6409201229626699,1.0,0.6409201229626699,0.0,0.0
340.83002,1.0,0.6409201229626699,88.0,0.0,1.0,0.6409201229626699,1.0,0.6409201229626699,0.0,0.0
341.44333,1.0,0.6409201229626699,89.0,0.0,1.0,0.6409201229626699,1.0,0.6409201229626699,0.0,0.0
340.60333,1.0,0.6409201229626699,88.0,0.0,1.0,0.6409201229626699,1.0,0.6409201229626699,0.0,0.0
340.4,1.0,0.6409201229626699,88.0,0.0,1.0,0.6409201229626699,1.0,0.6409201229626699,0.0,0.0
340.06,1.0,0.6409201229626699,88.0,0.0,1.0,0.6409201229626699,1.0,0.6409201229626699,0.0,0.0
340.43665,1.0,0.6409201229626699,88.0,0.0,1.0,0.6409201229626699,1.0,0.6409201229626699,0.0,0.0
340.13165,1.0,0.6409201229626699,87.0,0.0,1.0,0.6409201229626699,1.0,0.6409201229626699,0.0,0.0
340.52167,1.0,0.6409201229626699,87.0,0.0,1.0,0.6409201229626699,1.0,0.6409201229626699,0.0,0.0
340.02832,1.0,0.6409201229626699,88.0,0.0,1.0,0.6409201229626699,1.0,0.6409201229626699,0.0,0.0
340.028,1.0,0.6409201229626699,88.0,0.0,1.0,0.6409201229626699,1.0,0.6409201229626699,0.0,0.0
339.905,1.0,0.6409201229626699,88.0,0.0,1.0,0.6409201229626699,1.0,0.6409201229626699,0.0,0.0
339.98834,1.0,0.6409201229626699,88.0,0.0,1.0,0.6409201229626699,1.0,0.6409201229626699,0.0,0.0
340.74,1.0,0.6409201229626699,88.0,0.0,1.0,0.6409201229626699,1.0,0.6409201229626699,0.0,0.0
340.16998,1.0,0.6409201229626699,88.0,157.02543012585411,1.0,0.6409201229626699,1.0,0.6409201229626699,0.0,0.0
340.46,1.0,0.6409201229626699,88.0,156.38451000289146,1.0,0.6409201229626699,1.0,0.6409201229626699,0.0,0.0
340.71832,1.0,0.6409201229626699,88.0,157.02543012585411,1.0,0.6409201229626699,1.0,0.6409201229626699,0.0,0.0
340.55334,1.0,0.6409201229626699,88.0,156.38451000289146,1.0,0.6409201229626699,1.0,0.6409201229626699,0.0,0.0
341.025,1.0,0.6409201229626699,88.0,157.02543012585411,1.0,0.6409201229626699,1.0,0.6409201229626699,0.0,0.0
341.15167,1.0,0.6409201229626699,88.0,157.6663502488168,1.0,0.6409201229626699,1.0,0.6409201229626699,0.0,0.0
341.15668,1.0,0.6409201229626699,88.0,157.6663502488168,1.0,0.6409201229626699,1.0,0.6409201229626699,0.0,0.0
341.245,1.0,0.6409201229626699,88.0,157.6663502488168,1.0,0.6409201229626699,1.0,0.6409201229626699,0.0,0.0
340.79834,1.0,0.6409201229626699,88.0,157.02543012585411,1.0,0.6409201229626699,1.0,0.6409201229626699,0.0,0.0
340.08667,1.0,0.6409201229626699,88.0,157.02543012585411,1.0,0.6409201229626699,1.0,0.6409201229626699,0.0,0.0
340.67,1.0,0.6409201229626699,88.0,154.46174963400344,1.0,0.6409201229626699,1.0,0.6409201229626699,0.0,0.0
340.025,1.0,0.6409201229626699,88.0,153.82082951104076,1.0,0.6409201229626699,1.0,0.6409201229626699,0.0,0.0
340.03668,1.0,0.6409201229626699,88.0,153.82082951104076,1.0,0.6409201229626699,1.0,0.6409201229626699,0.0,0.0
339.78168,1.0,0.6409201229626699,88.0,155.74358987992878,1.0,0.6409201229626699,1.0,0.6409201229626699,0.0,0.0
341.11667,1.0,0.6409201229626699,88.0,155.74358987992878,1.0,0.6409201229626699,1.0,0.6409201229626699,0.0,0.0
340.7083,1.0,0.6409201229626699,88.0,154.46174963400344,1.0,0.6409201229626699,1.0,0.6409201229626699,0.0,0.0
341.08334,1.0,0.6409201229626699,88.0,153.82082951104076,1.0,0.6409201229626699,1.0,0.6409201229626699,0.0,0.0
341.78333,1.0,0.6409201229626699,88.0,153.1799093880781,1.0,0.6409201229626699,1.0,0.6409201229626699,0.0,0.0
341.60498,1.0,0.6409201229626699,88.0,153.82082951104076,1.0,0.6409201229626699,1.0,0.6409201229626699,0.0,0.0
341.16833,1.0,0.6409201229626699,88.0,153.1799093880781,1.0,0.6409201229626699,1.0,0.6409201229626699,0.0,0.0
341.50333,1.0,0.6409201229626699,88.0,154.46174963400344,1.0,0.6409201229626699,1.0,0.6409201229626699,0.0,0.0
341.35834,1.0,0.6409201229626699,88.0,154.46174963400344,1.0,0.6409201229626699,1.0,0.6409201229626699,0.0,0.0
340.885,1.0,0.6409201229626699,88.0,154.46174963400344,1.0,0.6409201229626699,1.0,0.6409201229626699,0.0,0.0
342.04,1.0,0.6409201229626699,88.0,152.53898926511542,1.0,0.6409201229626699,1.0,0.6409201229626699,0.0,0.0
341.93832,1.0,0.6409201229626699,88.0,153.1799093880781,1.0,0.6409201229626699,1.0,0.6409201229626699,0.0,0.0
341.55334,1.0,0.6409201229626699,88.0,153.82082951104076,1.0,0.6409201229626699,1.0,0.6409201229626699,0.0,0.0
341.825,1.0,0.6409201229626699,88.0,154.46174963400344,1.0,0.6409201229626699,1.0,0.6409201229626699,0.0,0.0
341.42166,1.0,0.6409201229626699,88.0,153.82082951104076,1.0,0.6409201229626699,1.0,0.6409201229626699,0.0,0.0
341.52667,1.0,0.6409201229626699,88.0,153.82082951104076,1.0,0.6409201229626699,1.0,0.6409201229626699,0.0,0.0
340.125,1.0,0.6314371404543939,88.0,0.0,1.0,0.6314371404543939,1.0,0.6314371404543939,0.0,0.0
339.35168,1.0,0.6314371404543939,88.0,0.0,1.0,0.6314371404543939,1.0,0.6314371404543939,0.0,0.0
338.58167,1.0,0.6314371404543939,88.0,0.0,1.0,0.6314371404543939,1.0,0.6314371404543939,0.0,0.0
338.70667,1.0,0.6314371404543939,88.0,0.0,1.0,0.6314371404543939,1.0,0.6314371404543939,0.0,0.0
339.21167,1.0,0.6314371404543939,89.0,0.0,1.0,0.6314371404543939,1.0,0.6314371404543939,0.0,0.0
338.58167,1.0,0.6314371404543939,88.0,0.0,1.0,0.6314371404543939,1.0,0.6314371404543939,0.0,0.0
338.995,1.0,0.6314371404543939,88.0,0.0,1.0,0.6314371404543939,1.0,0.6314371404543939,0.0,0.0
339.65668,1.0,0.6314371404543939,87.0,0.0,1.0,0.6314371404543939,1.0,0.6314371404543939,0.0,0.0
339.57,1.0,0.6314371404543939,88.0,0.0,1.0,0.6314371404543939,1.0,0.6314371404543939,0.0,0.0
339.28833,1.0,0.6314371404543939,88.0,0.0,1.0,0.6314371404543939,1.0,0.6314371404543939,0.0,0.0
339.01166,1.0,0.6314371404543939,88.0,0.0,1.0,0.6314371404543939,1.0,0.6314371404543939,0.0,0.0
339.445,1.0,0.6314371404543939,88.0,0.0,1.0,0.6314371404543939,1.0,0.6314371404543939,0.0,0.0
340.01666,1.0,0.6314371404543939,88.0,0.0,1.0,0.6314371404543939,1.0,0.6314371404543939,0.0,0.0
339.975,1.0,0.6314371404543939,88.0,0.0,1.0,0.6314371404543939,1.0,0.6314371404543939,0.0,0.0
340.84332,1.0,0.6314371404543939,88.0,0.0,1.0,0.6314371404543939,1.0,0.6314371404543939,0.0,0.0
340.685,1.0,0.6314371404543939,88.0,0.0,1.0,0.6314371404543939,1.0,0.6314371404543939,0.0,0.0
340.10498,1.0,0.6314371404543939,88.0,0.0,1.0,0.6314371404543939,1.0,0.6314371404543939,0.0,0.0
340.83002,1.0,0.6314371404543939,88.0,0.0,1.0,0.6314371404543939,1.0,0.6314371404543939,0.0,0.0
341.44333,1.0,0.6314371404543939,89.0,0.0,1.0,0.6314371404543939,1.0,0.6314371404543939,0.0,0.0
340.60333,1.0,0.6314371404543939,88.0,0.0,1.0,0.6314371404543939,1.0,0.6314371404543939,0.0,0.0
340.4,1.0,0.6314371404543939,88.0,0.0,1.0,0.6314371404543939,1.0,0.6314371404543939,0.0,0.0
340.06,1.0,0.6314371404543939,88.0,0.0,1.0,0.6314371404543939,1.0,0.6314371404543939,0.0,0.0
340.43665,1.0,0.6314371404543939,88.0,0.0,1.0,0.6314371404543939,1.0,0.6314371404543939,0.0,0.0
340.13165,1.0,0.6314371404543939,87.0,0.0,1.0,0.6314371404543939,1.0,0.6314371404543939,0.0,0.0
340.52167,1.0,0.6314371404543939,87.0,0.0,1.0,0.6314371404543939,1.0,0.6314371404543939,0.0,0.0
340.02832,1.0,0.6314371404543939,88.0,0.0,1.0,0.6314371404543939,1.0,0.6314371404543939,0.0,0.0
340.028,1.0,0.6314371404543939,88.0,0.0,1.0,0.6314371404543939,1.0,0.6314371404543939,0.0,0.0
339.905,1.0,0.6314371404543939,88.0,0.0,1.0,0.6314371404543939,1.0,0.6314371404543939,0.0,0.0
339.98834,1.0,0.6314371404543939,88.0,0.0,1.0,0.6314371404543939,1.0,0.6314371404543939,0.0,0.0
340.74,1.0,0.6314371404543939,88.0,0.0,1.0,0.6314371404543939,1.0,0.6314371404543939,0.0,0.0
340.16998,1.0,0.6314371404543939,88.0,154.70209941132651,1.0,0.6314371404543939,1.0,0.6314371404543939,0.0,0.0
340.46,1.0,0.6314371404543939,88.0,154.0706622708721,1.0,0.6314371404543939,1.0,0.6314371404543939,0.0,0.0
340.71832,1.0,0.6314371404543939,88.0,154.70209941132651,1.0,0.6314371404543939,1.0,0.6314371404543939,0.0,0.0
340.55334,1.0,0.6314371404543939,88.0,154.0706622708721,1.0,0.6314371404543939,1.0,0.6314371404543939,0.0,0.0
341.025,1.0,0.6314371404543939,88.0,154.70209941132651,1.0,0.6314371404543939,1.0,0.6314371404543939,0.0,0.0
341.15167,1.0,0.6314371404543939,88.0,155.3335365517809,1.0,0.6314371404543939,1.0,0.6314371404543939,0.0,0.0
341.15668,1.0,0.6314371404543939,88.0,155.3335365517809,1.0,0.6314371404543939,1.0,0.6314371404543939,0.0,0.0
341.245,1.0,0.6314371404543939,88.0,155.3335365517809,1.0,0.6314371404543939,1.0,0.6314371404543939,0.0,0.0
340.79834,1.0,0.6314371404543939,88.0,154.70209941132651,1.0,0.6314371404543939,1.0,0.6314371404543939,0.0,0.0
340.08667,1.0,0.6314371404543939,88.0,154.70209941132651,1.0,0.6314371404543939,1.0,0.6314371404543939,0.0,0.0
340.67,1.0,0.6314371404543939,88.0,152.17635084950894,1.0,0.6314371404543939,1.0,0.6314371404543939,0.0,0.0
340.025,1.0,0.6314371404543939,88.0,151.54491370905453,1.0,0.6314371404543939,1.0,0.6314371404543939,0.0,0.0
340.03668,1.0,0.6314371404543939,88.0,151.54491370905453,1.0,0.6314371404543939,1.0,0.6314371404543939,0.0,0.0
339.78168,1.0,0.6314371404543939,88.0,153.43922513041773,1.0,0.6314371404543939,1.0,0.6314371404543939,0.0,0.0
341.11667,1.0,0.6314371404543939,88.0,153.43922513041773,1.0,0.6314371404543939,1.0,0.6314371404543939,0.0,0.0
340.7083,1.0,0.6314371404543939,88.0,152.17635084950894,1.0,0.6314371404543939,1.0,0.6314371404543939,0.0,0.0
341.08334,1.0,0.6314371404543939,88.0,151.54491370905453,1.0,0.6314371404543939,1.0,0.6314371404543939,0.0,0.0
341.78333,1.0,0.6314371404543939,88.0,150.91347656860015,1.0,0.6314371404543939,1.0,0.6314371404543939,0.0,0.0
341.60498,1.0,0.6314371404543939,88.0,151.54491370905453,1.0,0.6314371404543939,1.0,0.6314371404543939,0.0,0.0
341.16833,1.0,0.6314371404543939,88.0,150.91347656860015,1.0,0.6314371404543939,1.0,0.6314371404543939,0.0,0.0
341.50333,1.0,0.6314371404543939,88.0,152.17635084950894,1.0,0.6314371404543939,1.0,0.6314371404543939,0.0,0.0
341.35834,1.0,0.6314371404543939,88.0,152.17635084950894,1.0,0.6314371404543939,1.0,0.6314371404543939,0.0,0.0
340.885,1.0,0.6314371404543939,88.0,152.17635084950894,1.0,0.6314371404543939,1.0,0.6314371404543939,0.0,0.0
342.04,1.0,0.6314371404543939,88.0,150.28203942814577,1.0,0.6314371404543939,1.0,0.6314371404543939,0.0,0.0
341.93832,1.0,0.6314371404543939,88.0,150.91347656860015,1.0,0.6314371404543939,1.0,0.6314371404543939,0.0,0.0
341.55334,1.0,0.6314371404543939,88.0,151.54491370905453,1.0,0.6314371404543939,1.0,0.6314371404543939,0.0,0.0
341.825,1.0,0.6314371404543939,88.0,152.17635084950894,1.0,0.6314371404543939,1.0,0.6314371404543939,0.0,0.0
341.42166,1.0,0.6314371404543939,88.0,151.54491370905453,1.0,0.6314371404543939,1.0,0.6314371404543939,0.0,0.0
341.52667,1.0,0.6314371404543939,88.0,151.54491370905453,1.0,0.6314371404543939,1.0,0.6314371404543939,0.0,0.0
341.53168,1.0,0.6314371404543939,88.0,152.17635084950894,1.0,0.6314371404543939,1.0,0.6314371404543939,0.0,0.0
339.35168,1.0,0.6225116946853854,88.0,0.0,1.0,0.6225116946853854,1.0,0.6225116946853854,0.0,0.0
338.58167,1.0,0.6225116946853854,88.0,0.0,1.0,0.6225116946853854,1.0,0.6225116946853854,0.0,0.0
338.70667,1.0,0.6225116946853854,88.0,0.0,1.0,0.6225116946853854,1.0,0.6225116946853854,0.0,0.0
339.21167,1.0,0.6225116946853854,89.0,0.0,1.0,0.6225116946853854,1.0,0.6225116946853854,0.0,0.0
338.58167,1.0,0.6225116946853854,88.0,0.0,1.0,0.6225116946853854,1.0,0.6225116946853854,0.0,0.0
338.995,1.0,0.6225116946853854,88.0,0.0,1.0,0.6225116946853854,1.0,0.6225116946853854,0.0,0.0
339.65668,1.0,0.6225116946853854,87.0,0.0,1.0,0.6225116946853854,1.0,0.6225116946853854,0.0,0.0
339.57,1.0,0.6225116946853854,88.0,0.0,1.0,0.6225116946853854,1.0,0.6225116946853854,0.0,0.0
339.28833,1.0,0.6225116946853854,88.0,0.0,1.0,0.6225116946853854,1.0,0.6225116946853854,0.0,0.0
339.01166,1.0,0.6225116946853854,88.0,0.0,1.0,0.6225116946853854,1.0,0.6225116946853854,0.0,0.0
339.445,1.0,0.6225116946853854,88.0,0.0,1.0,0.6225116946853854,1.0,0.6225116946853854,0.0,0.0
340.01666,1.0,0.6225116946853854,88.0,0.0,1.0,0.6225116946853854,1.0,0.6225116946853854,0.0,0.0
339.975,1.0,0.6225116946853854,88.0,0.0,1.0,0.6225116946853854,1.0,0.6225116946853854,0.0,0.0
340.84332,1.0,0.6225116946853854,88.0,0.0,1.0,0.6225116946853854,1.0,0.6225116946853854,0.0,0.0
340.685,1.0,0.6225116946853854,88.0,0.0,1.0,0.6225116946853854,1.0,0.6225116946853854,0.0,0.0
340.10498,1.0,0.6225116946853854,88.0,0.0,1.0,0.6225116946853854,1.0,0.6225116946853854,0.0,0.0
340.83002,1.0,0.6225116946853854,88.0,0.0,1.0,0.6225116946853854,1.0,0.6225116946853854,0.0,0.0
341.44333,1.0,0.6225116946853854,89.0,0.0,1.0,0.6225116946853854,1.0,0.6225116946853854,0.0,0.0
340.60333,1.0,0.6225116946853854,88.0,0.0,1.0,0.6225116946853854,1.0,0.6225116946853854,0.0,0.0
340.4,1.0,0.6225116946853854,88.0,0.0,1.0,0.6225116946853854,1.0,0.6225116946853854,0.0,0.0
340.06,1.0,0.6225116946853854,88.0,0.0,1.0,0.6225116946853854,1.0,0.6225116946853854,0.0,0.0
340.43665,1.0,0.6225116946853854,88.0,0.0,1.0,0.6225116946853854,1.0,0.6225116946853854,0.0,0.0
340.13165,1.0,0.6225116946853854,87.0,0.0,1.0,0.6225116946853854,1.0,0.6225116946853854,0.0,0.0
340.52167,1.0,0.6225116946853854,87.0,0.0,1.0,0.6225116946853854,1.0,0.6225116946853854,0.0,0.0
340.02832,1.0,0.6225116946853854,88.0,0.0,1.0,0.6225116946853854,1.0,0.6225116946853854,0.0,0.0
340.028,1.0,0.6225116946853854,88.0,0.0,1.0,0.6225116946853854,1.0,0.6225116946853854,0.0,0.0
339.905,1.0,0.6225116946853854,88.0,0.0,1.0,0.6225116946853854,1.0,0.6225116946853854,0.0,0.0
339.98834,1.0,0.6225116946853854,88.0,0.0,1.0,0.6225116946853854,1.0,0.6225116946853854,0.0,0.0
340.74,1.0,0.6225116946853854,88.0,0.0,1.0,0.6225116946853854,1.0,0.6225116946853854,0.0,0.0
340.16998,1.0,0.6225116946853854,88.0,152.5153651979194,1.0,0.6225116946853854,1.0,0.6225116946853854,0.0,0.0
340.46,1.0,0.6225116946853854,88.0,151.89285350323402,1.0,0.6225116946853854,1.0,0.6225116946853854,0.0,0.0
340.71832,1.0,0.6225116946853854,88.0,152.5153651979194,1.0,0.6225116946853854,1.0,0.6225116946853854,0.0,0.0
340.55334,1.0,0.6225116946853854,88.0,151.89285350323402,1.0,0.6225116946853854,1.0,0.6225116946853854,0.0,0.0
341.025,1.0,0.6225116946853854,88.0,152.5153651979194,1.0,0.6225116946853854,1.0,0.6225116946853854,0.0,0.0
341.15167,1.0,0.6225116946853854,88.0,153.1378768926048,1.0,0.6225116946853854,1.0,0.6225116946853854,0.0,0.0
341.15668,1.0,0.6225116946853854,88.0,153.1378768926048,1.0,0.6225116946853854,1.0,0.6225116946853854,0.0,0.0
341.245,1.0,0.6225116946853854,88.0,153.1378768926048,1.0,0.6225116946853854,1.0,0.6225116946853854,0.0,0.0
340.79834,1.0,0.6225116946853854,88.0,152.5153651979194,1.0,0.6225116946853854,1.0,0.6225116946853854,0.0,0.0
340.08667,1.0,0.6225116946853854,88.0,152.5153651979194,1.0,0.6225116946853854,1.0,0.6225116946853854,0.0,0.0
340.67,1.0,0.6225116946853854,88.0,150.02531841917786,1.0,0.6225116946853854,1.0,0.6225116946853854,0.0,0.0
340.025,1.0,0.6225116946853854,88.0,149.40280672449248,1.0,0.6225116946853854,1.0,0.6225116946853854,0.0,0.0
340.03668,1.0,0.6225116946853854,88.0,149.40280672449248,1.0,0.6225116946853854,1.0,0.6225116946853854,0.0,0.0
339.78168,1.0,0.6225116946853854,88.0,151.27034180854864,1.0,0.6225116946853854,1.0,0.6225116946853854,0.0,0.0
341.11667,1.0,0.6225116946853854,88.0,151.27034180854864,1.0,0.6225116946853854,1.0,0.6225116946853854,0.0,0.0
340.7083,1.0,0.6225116946853854,88.0,150.02531841917786,1.0,0.6225116946853854,1.0,0.6225116946853854,0.0,0.0
341.08334,1.0,0.6225116946853854,88.0,149.40280672449248,1.0,0.6225116946853854,1.0,0.6225116946853854,0.0,0.0
341.78333,1.0,0.6225116946853854,88.0,148.7802950298071,1.0,0.6225116946853854,1.0,0.6225116946853854,0.0,0.0
341.60498,1.0,0.6225116946853854,88.0,149.40280672449248,1.0,0.6225116946853854,1.0,0.6225116946853854,0.0,0.0
341.16833,1.0,0.6225116946853854,88.0,148.7802950298071,1.0,0.6225116946853854,1.0,0.6225116946853854,0.0,0.0
341.50333,1.0,0.6225116946853854,88.0,150.02531841917786,1.0,0.6225116946853854,1.0,0.6225116946853854,0.0,0.0
341.35834,1.0,0.6225116946853854,88.0,150.02531841917786,1.0,0.6225116946853854,1.0,0.6225116946853854,0.0,0.0
340.885,1.0,0.6225116946853854,88.0,150.02531841917786,1.0,0.6225116946853854,1.0,0.6225116946853854,0.0,0.0
342.04,1.0,0.6225116946853854,88.0,148.1577833351217,1.0,0.6225116946853854,1.0,0.6225116946853854,0.0,0.0
341.93832,1.0,0.6225116946853854,88.0,148.7802950298071,1.0,0.6225116946853854,1.0,0.6225116946853854,0.0,0.0
341.55334,1.0,0.6225116946853854,88.0,149.40280672449248,1.0,0.6225116946853854,1.0,0.6225116946853854,0.0,0.0
341.825,1.0,0.6225116946853854,88.0,150.02531841917786,1.0,0.6225116946853854,1.0,0.6225116946853854,0.0,0.0
341.42166,1.0,0.6225116946853854,88.0,149.40280672449248,1.0,0.6225116946853854,1.0,0.6225116946853854,0.0,0.0
341.52667,1.0,0.6225116946853854,88.0,149.40280672449248,1.0,0.6225116946853854,1.0,0.6225116946853854,0.0,0.0
341.53168,1.0,0.6225116946853854,88.0,150.02531841917786,1.0,0.6225116946853854,1.0,0.6225116946853854,0.0,0.0
341.07,1.0,0.6225116946853854,88.0,149.40280672449248,1.0,0.6225116946853854,1.0,0.6225116946853854,0.0,0.0
338.58167,1.0,0.6137433235014228,88.0,0.0,1.0,0.6137433235014228,1.0,0.6137433235014228,0.0,0.0
338.70667,1.0,0.6137433235014228,88.0,0.0,1.0,0.6137433235014228,1.0,0.6137433235014228,0.0,0.0
339.21167,1.0,0.6137433235014228,89.0,0.0,1.0,0.6137433235014228,1.0,0.6137433235014228,0.0,0.0
338.58167,1.0,0.6137433235014228,88.0,0.0,1.0,0.6137433235014228,1.0,0.6137433235014228,0.0,0.0
338.995,1.0,0.6137433235014228,88.0,0.0,1.0,0.6137433235014228,1.0,0.6137433235014228,0.0,0.0
339.65668,1.0,0.6137433235014228,87.0,0.0,1.0,0.6137433235014228,1.0,0.6137433235014228,0.0,0.0
339.57,1.0,0.6137433235014228,88.0,0.0,1.0,0.6137433235014228,1.0,0.6137433235014228,0.0,0.0
339.28833,1.0,0.6137433235014228,88.0,0.0,1.0,0.6137433235014228,1.0,0.6137433235014228,0.0,0.0
339.01166,1.0,0.6137433235014228,88.0,0.0,1.0,0.6137433235014228,1.0,0.6137433235014228,0.0,0.0
339.445,1.0,0.6137433235014228,88.0,0.0,1.0,0.6137433235014228,1.0,0.6137433235014228,0.0,0.0
340.01666,1.0,0.6137433235014228,88.0,0.0,1.0,0.6137433235014228,1.0,0.6137433235014228,0.0,0.0
339.975,1.0,0.6137433235014228,88.0,0.0,1.0,0.6137433235014228,1.0,0.6137433235014228,0.0,0.0
340.84332,1.0,0.6137433235014228,88.0,0.0,1.0,0.6137433235014228,1.0,0.6137433235014228,0.0,0.0
340.685,1.0,0.6137433235014228,88.0,0.0,1.0,0.6137433235014228,1.0,0.6137433235014228,0.0,0.0
340.10498,1.0,0.6137433235014228,88.0,0.0,1.0,0.6137433235014228,1.0,0.6137433235014228,0.0,0.0
340.83002,1.0,0.6137433235014228,88.0,0.0,1.0,0.6137433235014228,1.0,0.6137433235014228,0.0,0.0
341.44333,1.0,0.6137433235014228,89.0,0.0,1.0,0.6137433235014228,1.0,0.6137433235014228,0.0,0.0
340.60333,1.0,0.6137433235014228,88.0,0.0,1.0,0.6137433235014228,1.0,0.6137433235014228,0.0,0.0
340.4,1.0,0.6137433235014228,88.0,0.0,1.0,0.6137433235014228,1.0,0.6137433235014228,0.0,0.0
340.06,1.0,0.6137433235014228,88.0,0.0,1.0,0.6137433235014228,1.0,0.6137433235014228,0.0,0.0
340.43665,1.0,0.6137433235014228,88.0,0.0,1.0,0.6137433235014228,1.0,0.6137433235014228,0.0,0.0
340.13165,1.0,0.6137433235014228,87.0,0.0,1.0,0.6137433235014228,1.0,0.6137433235014228,0.0,0.0
340.52167,1.0,0.6137433235014228,87.0,0.0,1.0,0.6137433235014228,1.0,0.6137433235014228,0.0,0.0
340.02832,1.0,0.6137433235014228,88.0,0.0,1.0,0.6137433235014228,1.0,0.6137433235014228,0.0,0.0
340.028,1.0,0.6137433235014228,88.0,0.0,1.0,0.6137433235014228,1.0,0.6137433235014228,0.0,0.0
339.905,1.0,0.6137433235014228,88.0,0.0,1.0,0.6137433235014228,1.0,0.6137433235014228,0.0,0.0
339.98834,1.0,0.6137433235014228,88.0,0.0,1.0,0.6137433235014228,1.0,0.6137433235014228,0.0,0.0
340.74,1.0,0.6137433235014228,88.0,0.0,1.0,0.6137433235014228,1.0,0.6137433235014228,0.0,0.0
340.16998,1.0,0.6137433235014228,88.0,150.36711425784858,1.0,0.6137433235014228,1.0,0.6137433235014228,0.0,0.0
340.46,1.0,0.6137433235014228,88.0,149.75337093434717,1.0,0.6137433235014228,1.0,0.6137433235014228,0.0,0.0
340.71832,1.0,0.6137433235014228,88.0,150.36711425784858,1.0,0.6137433235014228,1.0,0.6137433235014228,0.0,0.0
340.55334,1.0,0.6137433235014228,88.0,149.75337093434717,1.0,0.6137433235014228,1.0,0.6137433235014228,0.0,0.0
341.025,1.0,0.6137433235014228,88.0,150.36711425784858,1.0,0.6137433235014228,1.0,0.6137433235014228,0.0,0.0
341.15167,1.0,0.6137433235014228,88.0,150.98085758135002,1.0,0.6137433235014228,1.0,0.6137433235014228,0.0,0.0
341.15668,1.0,0.6137433235014228,88.0,150.98085758135002,1.0,0.6137433235014228,1.0,0.6137433235014228,0.0,0.0
341.245,1.0,0.6137433235014228,88.0,150.98085758135002,1.0,0.6137433235014228,1.0,0.6137433235014228,0.0,0.0
340.79834,1.0,0.6137433235014228,88.0,150.36711425784858,1.0,0.6137433235014228,1.0,0.6137433235014228,0.0,0.0
340.08667,1.0,0.6137433235014228,88.0,150.36711425784858,1.0,0.6137433235014228,1.0,0.6137433235014228,0.0,0.0
340.67,1.0,0.6137433235014228,88.0,147.9121409638429,1.0,0.6137433235014228,1.0,0.6137433235014228,0.0,0.0
340.025,1.0,0.6137433235014228,88.0,147.29839764034148,1.0,0.6137433235014228,1.0,0.6137433235014228,0.0,0.0
340.03668,1.0,0.6137433235014228,88.0,147.29839764034148,1.0,0.6137433235014228,1.0,0.6137433235014228,0.0,0.0
339.78168,1.0,0.6137433235014228,88.0,149.13962761084574,1.0,0.6137433235014228,1.0,0.6137433235014228,0.0,0.0
341.11667,1.0,0.6137433235014228,88.0,149.13962761084574,1.0,0.6137433235014228,1.0,0.6137433235014228,0.0,0.0
340.7083,1.0,0.6137433235014228,88.0,147.9121409638429,1.0,0.6137433235014228,1.0,0.6137433235014228,0.0,0.0
341.08334,1.0,0.6137433235014228,88.0,147.29839764034148,1.0,0.6137433235014228,1.0,0.6137433235014228,0.0,0.0
341.78333,1.0,0.6137433235014228,88.0,146.68465431684004,1.0,0.6137433235014228,1.0,0.6137433235014228,0.0,0.0
341.60498,1.0,0.6137433235014228,88.0,147.29839764034148,1.0,0.6137433235014228,1.0,0.6137433235014228,0.0,0.0
341.16833,1.0,0.6137433235014228,88.0,146.68465431684004,1.0,0.6137433235014228,1.0,0.6137433235014228,0.0,0.0
341.50333,1.0,0.6137433235014228,88.0,147.9121409638429,1.0,0.6137433235014228,1.0,0.6137433235014228,0.0,0.0
341.35834,1.0,0.6137433235014228,88.0,147.9121409638429,1.0,0.6137433235014228,1.0,0.6137433235014228,0.0,0.0
340.885,1.0,0.6137433235014228,88.0,147.9121409638429,1.0,0.6137433235014228,1.0,0.6137433235014228,0.0,0.0
342.04,1.0,0.6137433235014228,88.0,146.07091099333863,1.0,0.6137433235014228,1.0,0.6137433235014228,0.0,0.0
341.93832,1.0,0.6137433235014228,88.0,146.68465431684004,1.0,0.6137433235014228,1.0,0.6137433235014228,0.0,0.0
341.55334,1.0,0.6137433235014228,88.0,147.29839764034148,1.0,0.6137433235014228,1.0,0.6137433235014228,0.0,0.0
341.825,1.0,0.6137433235014228,88.0,147.9121409638429,1.0,0.6137433235014228,1.0,0.6137433235014228,0.0,0.0
341.42166,1.0,0.6137433235014228,88.0,147.29839764034148,1.0,0.6137433235014228,1.0,0.6137433235014228,0.0,0.0
341.52667,1.0,0.6137433235014228,88.0,147.29839764034148,1.0,0.6137433235014228,1.0,0.6137433235014228,0.0,0.0
341.53168,1.0,0.6137433235014228,88.0,147.9121409638429,1.0,0.6137433235014228,1.0,0.6137433235014228,0.0,0.0
341.07,1.0,0.6137433235014228,88.0,147.29839764034148,1.0,0.6137433235014228,1.0,0.6137433235014228,0.0,0.0
341.21832,1.0,0.6137433235014228,88.0,147.29839764034148,1.0,0.6137433235014228,1.0,0.6137433235014228,0.0,0.0
338.70667,1.0,0.6052537898070987,88.0,0.0,1.0,0.6052537898070987,1.0,0.6052537898070987,0.0,0.0
339.21167,1.0,0.6052537898070987,89.0,0.0,1.0,0.6052537898070987,1.0,0.6052537898070987,0.0,0.0
338.58167,1.0,0.6052537898070987,88.0,0.0,1.0,0.6052537898070987,1.0,0.6052537898070987,0.0,0.0
338.995,1.0,0.6052537898070987,88.0,0.0,1.0,0.6052537898070987,1.0,0.6052537898070987,0.0,0.0
339.65668,1.0,0.6052537898070987,87.0,0.0,1.0,0.6052537898070987,1.0,0.6052537898070987,0.0,0.0
339.57,1.0,0.6052537898070987,88.0,0.0,1.0,0.6052537898070987,1.0,0.6052537898070987,0.0,0.0
339.28833,1.0,0.6052537898070987,88.0,0.0,1.0,0.6052537898070987,1.0,0.6052537898070987,0.0,0.0
339.01166,1.0,0.6052537898070987,88.0,0.0,1.0,0.6052537898070987,1.0,0.6052537898070987,0.0,0.0
339.445,1.0,0.6052537898070987,88.0,0.0,1.0,0.6052537898070987,1.0,0.6052537898070987,0.0,0.0
340.01666,1.0,0.6052537898070987,88.0,0.0,1.0,0.6052537898070987,1.0,0.6052537898070987,0.0,0.0
339.975,1.0,0.6052537898070987,88.0,0.0,1.0,0.6052537898070987,1.0,0.6052537898070987,0.0,0.0
340.84332,1.0,0.6052537898070987,88.0,0.0,1.0,0.6052537898070987,1.0,0.6052537898070987,0.0,0.0
340.685,1.0,0.6052537898070987,88.0,0.0,1.0,0.6052537898070987,1.0,0.6052537898070987,0.0,0.0
340.10498,1.0,0.6052537898070987,88.0,0.0,1.0,0.6052537898070987,1.0,0.6052537898070987,0.0,0.0
340.83002,1.0,0.6052537898070987,88.0,0.0,1.0,0.6052537898070987,1.0,0.6052537898070987,0.0,0.0
341.44333,1.0,0.6052537898070987,89.0,0.0,1.0,0.6052537898070987,1.0,0.6052537898070987,0.0,0.0
340.60333,1.0,0.6052537898070987,88.0,0.0,1.0,0.6052537898070987,1.0,0.6052537898070987,0.0,0.0
340.4,1.0,0.6052537898070987,88.0,0.0,1.0,0.6052537898070987,1.0,0.6052537898070987,0.0,0.0
340.06,1.0,0.6052537898070987,88.0,0.0,1.0,0.6052537898070987,1.0,0.6052537898070987,0.0,0.0
340.43665,1.0,0.6052537898070987,88.0,0.0,1.0,0.6052537898070987,1.0,0.6052537898070987,0.0,0.0
340.13165,1.0,0.6052537898070987,87.0,0.0,1.0,0.6052537898070987,1.0,0.6052537898070987,0.0,0.0
340.52167,1.0,0.6052537898070987,87.0,0.0,1.0,0.6052537898070987,1.0,0.6052537898070987,0.0,0.0
340.02832,1.0,0.6052537898070987,88.0,0.0,1.0,0.6052537898070987,1.0,0.6052537898070987,0.0,0.0
340.028,1.0,0.6052537898070987,88.0,0.0,1.0,0.6052537898070987,1.0,0.6052537898070987,0.0,0.0
339.905,1.0,0.6052537898070987,88.0,0.0,1.0,0.6052537898070987,1.0,0.6052537898070987,0.0,0.0
339.98834,1.0,0.6052537898070987,88.0,0.0,1.0,0.6052537898070987,1.0,0.6052537898070987,0.0,0.0
340.74,1.0,0.6052537898070987,88.0,0.0,1.0,0.6052537898070987,1.0,0.6052537898070987,0.0,0.0
340.16998,1.0,0.6052537898070987,88.0,148.28717850273918,1.0,0.6052537898070987,1.0,0.6052537898070987,0.0,0.0
340.46,1.0,0.6052537898070987,88.0,147.68192471293207,1.0,0.6052537898070987,1.0,0.6052537898070987,0.0,0.0
340.71832,1.0,0.6052537898070987,88.0,148.28717850273918,1.0,0.6052537898070987,1.0,0.6052537898070987,0.0,0.0
340.55334,1.0,0.6052537898070987,88.0,147.68192471293207,1.0,0.6052537898070987,1.0,0.6052537898070987,0.0,0.0
341.025,1.0,0.6052537898070987,88.0,148.28717850273918,1.0,0.6052537898070987,1.0,0.6052537898070987,0.0,0.0
341.15167,1.0,0.6052537898070987,88.0,148.89243229254626,1.0,0.6052537898070987,1.0,0.6052537898070987,0.0,0.0
341.15668,1.0,0.6052537898070987,88.0,148.89243229254626,1.0,0.6052537898070987,1.0,0.6052537898070987,0.0,0.0
341.245,1.0,0.6052537898070987,88.0,148.89243229254626,1.0,0.6052537898070987,1.0,0.6052537898070987,0.0,0.0
340.79834,1.0,0.6052537898070987,88.0,148.28717850273918,1.0,0.6052537898070987,1.0,0.6052537898070987,0.0,0.0
340.08667,1.0,0.6052537898070987,88.0,148.28717850273918,1.0,0.6052537898070987,1.0,0.6052537898070987,0.0,0.0
340.67,1.0,0.6052537898070987,88.0,145.86616334351078,1.0,0.6052537898070987,1.0,0.6052537898070987,0.0,0.0
340.025,1.0,0.6052537898070987,88.0,145.26090955370367,1.0,0.6052537898070987,1.0,0.6052537898070987,0.0,0.0
340.03668,1.0,0.6052537898070987,88.0,145.26090955370367,1.0,0.6052537898070987,1.0,0.6052537898070987,0.0,0.0
339.78168,1.0,0.6052537898070987,88.0,147.07667092312496,1.0,0.6052537898070987,1.0,0.6052537898070987,0.0,0.0
341.11667,1.0,0.6052537898070987,88.0,147.07667092312496,1.0,0.6052537898070987,1.0,0.6052537898070987,0.0,0.0
340.7083,1.0,0.6052537898070987,88.0,145.86616334351078,1.0,0.6052537898070987,1.0,0.6052537898070987,0.0,0.0
341.08334,1.0,0.6052537898070987,88.0,145.26090955370367,1.0,0.6052537898070987,1.0,0.6052537898070987,0.0,0.0
341.78333,1.0,0.6052537898070987,88.0,144.6556557638966,1.0,0.6052537898070987,1.0,0.6052537898070987,0.0,0.0
341.60498,1.0,0.6052537898070987,88.0,145.26090955370367,1.0,0.6052537898070987,1.0,0.6052537898070987,0.0,0.0
341.16833,1.0,0.6052537898070987,88.0,144.6556557638966,1.0,0.6052537898070987,1.0,0.6052537898070987,0.0,0.0
341.50333,1.0,0.6052537898070987,88.0,145.86616334351078,1.0,0.6052537898070987,1.0,0.6052537898070987,0.0,0.0
341.35834,1.0,0.6052537898070987,88.0,145.86616334351078,1.0,0.6052537898070987,1.0,0.6052537898070987,0.0,0.0
340.885,1.0,0.6052537898070987,88.0,145.86616334351078,1.0,0.6052537898070987,1.0,0.6052537898070987,0.0,0.0
342.04,1.0,0.6052537898070987,88.0,144.05040197408948,1.0,0.6052537898070987,1.0,0.6052537898070987,0.0,0.0
341.93832,1.0,0.6052537898070987,88.0,144.6556557638966,1.0,0.6052537898070987,1.0,0.6052537898070987,0.0,0.0
341.55334,1.0,0.6052537898070987,88.0,145.26090955370367,1.0,0.6052537898070987,1.0,0.6052537898070987,0.0,0.0
341.825,1.0,0.6052537898070987,88.0,145.86616334351078,1.0,0.6052537898070987,1.0,0.6052537898070987,0.0,0.0
341.42166,1.0,0.6052537898070987,88.0,145.26090955370367,1.0,0.6052537898070987,1.0,0.6052537898070987,0.0,0.0
341.52667,1.0,0.6052537898070987,88.0,145.26090955370367,1.0,0.6052537898070987,1.0,0.6052537898070987,0.0,0.0
341.53168,1.0,0.6052537898070987,88.0,145.86616334351078,1.0,0.6052537898070987,1.0,0.6052537898070987,0.0,0.0
341.07,1.0,0.6052537898070987,88.0,145.26090955370367,1.0,0.6052537898070987,1.0,0.6052537898070987,0.0,0.0
341.21832,1.0,0.6052537898070987,88.0,145.26090955370367,1.0,0.6052537898070987,1.0,0.6052537898070987,0.0,0.0
340.00165,1.0,0.6052537898070987,88.0,142.8398943944753,1.0,0.6052537898070987,1.0,0.6052537898070987,0.0,0.0
339.21167,1.0,0.5973807160696021,89.0,0.0,1.0,0.5973807160696021,1.0,0.5973807160696021,0.0,0.0
338.58167,1.0,0.5973807160696021,88.0,0.0,1.0,0.5973807160696021,1.0,0.5973807160696021,0.0,0.0
338.995,1.0,0.5973807160696021,88.0,0.0,1.0,0.5973807160696021,1.0,0.5973807160696021,0.0,0.0
339.65668,1.0,0.5973807160696021,87.0,0.0,1.0,0.5973807160696021,1.0,0.5973807160696021,0.0,0.0
339.57,1.0,0.5973807160696021,88.0,0.0,1.0,0.5973807160696021,1.0,0.5973807160696021,0.0,0.0
339.28833,1.0,0.5973807160696021,88.0,0.0,1.0,0.5973807160696021,1.0,0.5973807160696021,0.0,0.0
339.01166,1.0,0.5973807160696021,88.0,0.0,1.0,0.5973807160696021,1.0,0.5973807160696021,0.0,0.0
339.445,1.0,0.5973807160696021,88.0,0.0,1.0,0.5973807160696021,1.0,0.5973807160696021,0.0,0.0
340.01666,1.0,0.5973807160696021,88.0,0.0,1.0,0.5973807160696021,1.0,0.5973807160696021,0.0,0.0
339.975,1.0,0.5973807160696021,88.0,0.0,1.0,0.5973807160696021,1.0,0.5973807160696021,0.0,0.0
340.84332,1.0,0.5973807160696021,88.0,0.0,1.0,0.5973807160696021,1.0,0.5973807160696021,0.0,0.0
340.685,1.0,0.5973807160696021,88.0,0.0,1.0,0.5973807160696021,1.0,0.5973807160696021,0.0,0.0
340.10498,1.0,0.5973807160696021,88.0,0.0,1.0,0.5973807160696021,1.0,0.5973807160696021,0.0,0.0
340.83002,1.0,0.5973807160696021,88.0,0.0,1.0,0.5973807160696021,1.0,0.5973807160696021,0.0,0.0
341.44333,1.0,0.5973807160696021,89.0,0.0,1.0,0.5973807160696021,1.0,0.5973807160696021,0.0,0.0
340.60333,1.0,0.5973807160696021,88.0,0.0,1.0,0.5973807160696021,1.0,0.5973807160696021,0.0,0.0
340.4,1.0,0.5973807160696021,88.0,0.0,1.0,0.5973807160696021,1.0,0.5973807160696021,0.0,0.0
340.06,1.0,0.5973807160696021,88.0,0.0,1.0,0.5973807160696021,1.0,0.5973807160696021,0.0,0.0
340.43665,1.0,0.5973807160696021,88.0,0.0,1.0,0.5973807160696021,1.0,0.5973807160696021,0.0,0.0
340.13165,1.0,0.5973807160696021,87.0,0.0,1.0,0.5973807160696021,1.0,0.5973807160696021,0.0,0.0
340.52167,1.0,0.5973807160696021,87.0,0.0,1.0,0.5973807160696021,1.0,0.5973807160696021,0.0,0.0
340.02832,1.0,0.5973807160696021,88.0,0.0,1.0,0.5973807160696021,1.0,0.5973807160696021,0.0,0.0
340.028,1.0,0.5973807160696021,88.0,0.0,1.0,0.5973807160696021,1.0,0.5973807160696021,0.0,0.0
339.905,1.0,0.5973807160696021,88.0,0.0,1.0,0.5973807160696021,1.0,0.5973807160696021,0.0,0.0
339.98834,1.0,0.5973807160696021,88.0,0.0,1.0,0.5973807160696021,1.0,0.5973807160696021,0.0,0.0
340.74,1.0,0.5973807160696021,88.0,0.0,1.0,0.5973807160696021,1.0,0.5973807160696021,0.0,0.0
340.16998,1.0,0.5973807160696021,88.0,146.3582754370525,1.0,0.5973807160696021,1.0,0.5973807160696021,0.0,0.0
340.46,1.0,0.5973807160696021,88.0,145.76089472098292,1.0,0.5973807160696021,1.0,0.5973807160696021,0.0,0.0
340.71832,1.0,0.5973807160696021,88.0,146.3582754370525,1.0,0.5973807160696021,1.0,0.5973807160696021,0.0,0.0
340.55334,1.0,0.5973807160696021,88.0,145.76089472098292,1.0,0.5973807160696021,1.0,0.5973807160696021,0.0,0.0
341.025,1.0,0.5973807160696021,88.0,146.3582754370525,1.0,0.5973807160696021,1.0,0.5973807160696021,0.0,0.0
341.15167,1.0,0.5973807160696021,88.0,146.9556561531221,1.0,0.5973807160696021,1.0,0.5973807160696021,0.0,0.0
341.15668,1.0,0.5973807160696021,88.0,146.9556561531221,1.0,0.5973807160696021,1.0,0.5973807160696021,0.0,0.0
341.245,1.0,0.5973807160696021,88.0,146.9556561531221,1.0,0.5973807160696021,1.0,0.5973807160696021,0.0,0.0
340.79834,1.0,0.5973807160696021,88.0,146.3582754370525,1.0,0.5973807160696021,1.0,0.5973807160696021,0.0,0.0
340.08667,1.0,0.5973807160696021,88.0,146.3582754370525,1.0,0.5973807160696021,1.0,0.5973807160696021,0.0,0.0
340.67,1.0,0.5973807160696021,88.0,143.9687525727741,1.0,0.5973807160696021,1.0,0.5973807160696021,0.0,0.0
340.025,1.0,0.5973807160696021,88.0,143.3713718567045,1.0,0.5973807160696021,1.0,0.5973807160696021,0.0,0.0
340.03668,1.0,0.5973807160696021,88.0,143.3713718567045,1.0,0.5973807160696021,1.0,0.5973807160696021,0.0,0.0
339.78168,1.0,0.5973807160696021,88.0,145.1635140049133,1.0,0.5973807160696021,1.0,0.5973807160696021,0.0,0.0
341.11667,1.0,0.5973807160696021,88.0,145.1635140049133,1.0,0.5973807160696021,1.0,0.5973807160696021,0.0,0.0
340.7083,1.0,0.5973807160696021,88.0,143.9687525727741,1.0,0.5973807160696021,1.0,0.5973807160696021,0.0,0.0
341.08334,1.0,0.5973807160696021,88.0,143.3713718567045,1.0,0.5973807160696021,1.0,0.5973807160696021,0.0,0.0
341.78333,1.0,0.5973807160696021,88.0,142.7739911406349,1.0,0.5973807160696021,1.0,0.5973807160696021,0.0,0.0
341.60498,1.0,0.5973807160696021,88.0,143.3713718567045,1.0,0.5973807160696021,1.0,0.5973807160696021,0.0,0.0
341.16833,1.0,0.5973807160696021,88.0,142.7739911406349,1.0,0.5973807160696021,1.0,0.5973807160696021,0.0,0.0
341.50333,1.0,0.5973807160696021,88.0,143.9687525727741,1.0,0.5973807160696021,1.0,0.5973807160696021,0.0,0.0
341.35834,1.0,0.5973807160696021,88.0,143.9687525727741,1.0,0.5973807160696021,1.0,0.5973807160696021,0.0,0.0
340.885,1.0,0.5973807160696021,88.0,143.9687525727741,1.0,0.5973807160696021,1.0,0.5973807160696021,0.0,0.0
342.04,1.0,0.5973807160696021,88.0,142.1766104245653,1.0,0.5973807160696021,1.0,0.5973807160696021,0.0,0.0
341.93832,1.0,0.5973807160696021,88.0,142.7739911406349,1.0,0.5973807160696021,1.0,0.5973807160696021,0.0,0.0
341.55334,1.0,0.5973807160696021,88.0,143.3713718567045,1.0,0.5973807160696021,1.0,0.5973807160696021,0.0,0.0
341.825,1.0,0.5973807160696021,88.0,143.9687525727741,1.0,0.5973807160696021,1.0,0.5973807160696021,0.0,0.0
341.42166,1.0,0.5973807160696021,88.0,143.3713718567045,1.0,0.5973807160696021,1.0,0.5973807160696021,0.0,0.0
341.52667,1.0,0.5973807160696021,88.0,143.3713718567045,1.0,0.5973807160696021,1.0,0.5973807160696021,0.0,0.0
341.53168,1.0,0.5973807160696021,88.0,143.9687525727741,1.0,0.5973807160696021,1.0,0.5973807160696021,0.0,0.0
341.07,1.0,0.5973807160696021,88.0,143.3713718567045,1.0,0.5973807160696021,1.0,0.5973807160696021,0.0,0.0
341.21832,1.0,0.5973807160696021,88.0,143.3713718567045,1.0,0.5973807160696021,1.0,0.5973807160696021,0.0,0.0
340.00165,1.0,0.5973807160696021,88.0,140.98184899242608,1.0,0.5973807160696021,1.0,0.5973807160696021,0.0,0.0
340.905,1.0,0.5973807160696021,88.0,140.98184899242608,1.0,0.5973807160696021,1.0,0.5973807160696021,0.0,0.0
338.58167,1.0,0.7393094312151776,88.0,0.0,1.0,0.7393094312151776,1.0,0.7393094312151776,0.0,0.0
338.995,1.0,0.7393094312151776,88.0,0.0,1.0,0.7393094312151776,1.0,0.7393094312151776,0.0,0.0
339.65668,1.0,0.7393094312151776,87.0,0.0,1.0,0.7393094312151776,1.0,0.7393094312151776,0.0,0.0
339.57,1.0,0.7393094312151776,88.0,0.0,1.0,0.7393094312151776,1.0,0.7393094312151776,0.0,0.0
339.28833,1.0,0.7393094312151776,88.0,0.0,1.0,0.7393094312151776,1.0,0.7393094312151776,0.0,0.0
339.01166,1.0,0.7393094312151776,88.0,0.0,1.0,0.7393094312151776,1.0,0.7393094312151776,0.0,0.0
339.445,1.0,0.7393094312151776,88.0,0.0,1.0,0.7393094312151776,1.0,0.7393094312151776,0.0,0.0
340.01666,1.0,0.7393094312151776,88.0,0.0,1.0,0.7393094312151776,1.0,0.7393094312151776,0.0,0.0
339.975,1.0,0.7393094312151776,88.0,0.0,1.0,0.7393094312151776,1.0,0.7393094312151776,0.0,0.0
340.84332,1.0,0.7393094312151776,88.0,0.0,1.0,0.7393094312151776,1.0,0.7393094312151776,0.0,0.0
340.685,1.0,0.7393094312151776,88.0,0.0,1.0,0.7393094312151776,1.0,0.7393094312151776,0.0,0.0
340.10498,1.0,0.7393094312151776,88.0,0.0,1.0,0.7393094312151776,1.0,0.7393094312151776,0.0,0.0
340.83002,1.0,0.7393094312151776,88.0,0.0,1.0,0.7393094312151776,1.0,0.7393094312151776,0.0,0.0
341.44333,1.0,0.7393094312151776,89.0,0.0,1.0,0.7393094312151776,1.0,0.7393094312151776,0.0,0.0
340.60333,1.0,0.7393094312151776,88.0,0.0,1.0,0.7393094312151776,1.0,0.7393094312151776,0.0,0.0
340.4,1.0,0.7393094312151776,88.0,0.0,1.0,0.7393094312151776,1.0,0.7393094312151776,0.0,0.0
340.06,1.0,0.7393094312151776,88.0,0.0,1.0,0.7393094312151776,1.0,0.7393094312151776,0.0,0.0
340.43665,1.0,0.7393094312151776,88.0,0.0,1.0,0.7393094312151776,1.0,0.7393094312151776,0.0,0.0
340.13165,1.0,0.7393094312151776,87.0,0.0,1.0,0.7393094312151776,1.0,0.7393094312151776,0.0,0.0
340.52167,1.0,0.7393094312151776,87.0,0.0,1.0,0.7393094312151776,1.0,0.7393094312151776,0.0,0.0
340.02832,1.0,0.7393094312151776,88.0,0.0,1.0,0.7393094312151776,1.0,0.7393094312151776,0.0,0.0
340.028,1.0,0.7393094312151776,88.0,0.0,1.0,0.7393094312151776,1.0,0.7393094312151776,0.0,0.0
339.905,1.0,0.7393094312151776,88.0,0.0,1.0,0.7393094312151776,1.0,0.7393094312151776,0.0,0.0
339.98834,1.0,0.7393094312151776,88.0,0.0,1.0,0.7393094312151776,1.0,0.7393094312151776,0.0,0.0
340.74,1.0,0.7393094312151776,88.0,0.0,1.0,0.7393094312151776,1.0,0.7393094312151776,0.0,0.0
340.16998,1.0,0.7393094312151776,88.0,0.0,1.0,0.7393094312151776,1.0,0.7393094312151776,0.0,0.0
340.46,1.0,0.7393094312151776,88.0,0.0,1.0,0.7393094312151776,1.0,0.7393094312151776,0.0,0.0
340.71832,1.0,0.7393094312151776,88.0,0.0,1.0,0.7393094312151776,1.0,0.7393094312151776,0.0,0.0
340.55334,1.0,0.7393094312151776,88.0,0.0,1.0,0.7393094312151776,1.0,0.7393094312151776,0.0,0.0
341.025,1.0,0.7393094312151776,88.0,0.0,1.0,0.7393094312151776,1.0,0.7393094312151776,0.0,0.0
341.15167,1.0,0.7393094312151776,88.0,0.0,1.0,0.7393094312151776,1.0,0.7393094312151776,0.0,0.0
341.15668,1.0,0.7393094312151776,88.0,0.0,1.0,0.7393094312151776,1.0,0.7393094312151776,0.0,0.0
341.245,1.0,0.7393094312151776,88.0,0.0,1.0,0.7393094312151776,1.0,0.7393094312151776,0.0,0.0
340.79834,1.0,0.7393094312151776,88.0,0.0,1.0,0.7393094312151776,1.0,0.7393094312151776,0.0,0.0
340.08667,1.0,0.7393094312151776,88.0,0.0,1.0,0.7393094312151776,1.0,0.7393094312151776,0.0,0.0
340.67,1.0,0.7393094312151776,88.0,0.0,1.0,0.7393094312151776,1.0,0.7393094312151776,0.0,0.0
340.025,1.0,0.7393094312151776,88.0,0.0,1.0,0.7393094312151776,1.0,0.7393094312151776,0.0,0.0
340.03668,1.0,0.7393094312151776,88.0,0.0,1.0,0.7393094312151776,1.0,0.7393094312151776,0.0,0.0
339.78168,1.0,0.7393094312151776,88.0,0.0,1.0,0.7393094312151776,1.0,0.7393094312151776,0.0,0.0
341.11667,1.0,0.7393094312151776,88.0,0.0,1.0,0.7393094312151776,1.0,0.7393094312151776,0.0,0.0
340.7083,1.0,0.7393094312151776,88.0,181.1308106477185,1.0,0.7393094312151776,1.0,0.7393094312151776,0.0,0.0
341.08334,1.0,0.7393094312151776,88.0,180.39150121650331,1.0,0.7393094312151776,1.0,0.7393094312151776,0.0,0.0
341.78333,1.0,0.7393094312151776,88.0,181.1308106477185,1.0,0.7393094312151776,1.0,0.7393094312151776,0.0,0.0
341.60498,1.0,0.7393094312151776,88.0,180.39150121650331,1.0,0.7393094312151776,1.0,0.7393094312151776,0.0,0.0
341.16833,1.0,0.7393094312151776,88.0,181.1308106477185,1.0,0.7393094312151776,1.0,0.7393094312151776,0.0,0.0
341.50333,1.0,0.7393094312151776,88.0,181.87012007893367,1.0,0.7393094312151776,1.0,0.7393094312151776,0.0,0.0
341.35834,1.0,0.7393094312151776,88.0,181.87012007893367,1.0,0.7393094312151776,1.0,0.7393094312151776,0.0,0.0
340.885,1.0,0.7393094312151776,88.0,181.87012007893367,1.0,0.7393094312151776,1.0,0.7393094312151776,0.0,0.0
342.04,1.0,0.7393094312151776,88.0,181.1308106477185,1.0,0.7393094312151776,1.0,0.7393094312151776,0.0,0.0
341.93832,1.0,0.7393094312151776,88.0,181.1308106477185,1.0,0.7393094312151776,1.0,0.7393094312151776,0.0,0.0
341.55334,1.0,0.7393094312151776,88.0,178.1735729228578,1.0,0.7393094312151776,1.0,0.7393094312151776,0.0,0.0
341.825,1.0,0.7393094312151776,88.0,177.4342634916426,1.0,0.7393094312151776,1.0,0.7393094312151776,0.0,0.0
341.42166,1.0,0.7393094312151776,88.0,177.4342634916426,1.0,0.7393094312151776,1.0,0.7393094312151776,0.0,0.0
341.52667,1.0,0.7393094312151776,88.0,179.65219178528815,1.0,0.7393094312151776,1.0,0.7393094312151776,0.0,0.0
341.53168,1.0,0.7393094312151776,88.0,179.65219178528815,1.0,0.7393094312151776,1.0,0.7393094312151776,0.0,0.0
341.07,1.0,0.7393094312151776,88.0,178.1735729228578,1.0,0.7393094312151776,1.0,0.7393094312151776,0.0,0.0
341.21832,1.0,0.7393094312151776,88.0,177.4342634916426,1.0,0.7393094312151776,1.0,0.7393094312151776,0.0,0.0
340.00165,1.0,0.7393094312151776,88.0,176.69495406042745,1.0,0.7393094312151776,1.0,0.7393094312151776,0.0,0.0
340.905,1.0,0.7393094312151776,88.0,177.4342634916426,1.0,0.7393094312151776,1.0,0.7393094312151776,0.0,0.0
340.98834,1.0,0.7393094312151776,88.0,176.69495406042745,1.0,0.7393094312151776,1.0,0.7393094312151776,0.0,0.0
338.995,1.0,0.25977634977476866,88.0,21.821213381080568,1.0,0.25977634977476866,1.0,0.25977634977476866,0.0,0.0
339.65668,1.0,0.25977634977476866,87.0,21.561437031305797,1.0,0.25977634977476866,1.0,0.25977634977476866,0.0,0.0
339.57,1.0,0.25977634977476866,88.0,21.30166068153103,1.0,0.25977634977476866,1.0,0.25977634977476866,0.0,0.0
339.28833,1.0,0.25977634977476866,88.0,21.30166068153103,1.0,0.25977634977476866,1.0,0.25977634977476866,0.0,0.0
339.01166,1.0,0.25977634977476866,88.0,21.561437031305797,1.0,0.25977634977476866,1.0,0.25977634977476866,0.0,0.0
339.445,1.0,0.25977634977476866,88.0,21.561437031305797,1.0,0.25977634977476866,1.0,0.25977634977476866,0.0,0.0
340.01666,1.0,0.25977634977476866,88.0,21.30166068153103,1.0,0.25977634977476866,1.0,0.25977634977476866,0.0,0.0
339.975,1.0,0.25977634977476866,88.0,21.30166068153103,1.0,0.25977634977476866,1.0,0.25977634977476866,0.0,0.0
340.84332,1.0,0.25977634977476866,88.0,21.30166068153103,1.0,0.25977634977476866,1.0,0.25977634977476866,0.0,0.0
340.685,1.0,0.25977634977476866,88.0,21.30166068153103,1.0,0.25977634977476866,1.0,0.25977634977476866,0.0,0.0
340.10498,1.0,0.25977634977476866,88.0,21.30166068153103,1.0,0.25977634977476866,1.0,0.25977634977476866,0.0,0.0
340.83002,1.0,0.25977634977476866,88.0,21.30166068153103,1.0,0.25977634977476866,1.0,0.25977634977476866,0.0,0.0
341.44333,1.0,0.25977634977476866,89.0,21.30166068153103,1.0,0.25977634977476866,1.0,0.25977634977476866,0.0,0.0
340.60333,1.0,0.25977634977476866,88.0,21.30166068153103,1.0,0.25977634977476866,1.0,0.25977634977476866,0.0,0.0
340.4,1.0,0.25977634977476866,88.0,21.30166068153103,1.0,0.25977634977476866,1.0,0.25977634977476866,0.0,0.0
340.06,1.0,0.25977634977476866,88.0,21.30166068153103,1.0,0.25977634977476866,1.0,0.25977634977476866,0.0,0.0
340.43665,1.0,0.25977634977476866,88.0,21.30166068153103,1.0,0.25977634977476866,1.0,0.25977634977476866,0.0,0.0
340.13165,1.0,0.25977634977476866,87.0,21.30166068153103,1.0,0.25977634977476866,1.0,0.25977634977476866,0.0,0.0
340.52167,1.0,0.25977634977476866,87.0,21.30166068153103,1.0,0.25977634977476866,1.0,0.25977634977476866,0.0,0.0
340.02832,1.0,0.25977634977476866,88.0,21.30166068153103,1.0,0.25977634977476866,1.0,0.25977634977476866,0.0,0.0
340.028,1.0,0.25977634977476866,88.0,21.04188433175626,1.0,0.25977634977476866,1.0,0.25977634977476866,0.0,0.0
339.905,1.0,0.25977634977476866,88.0,21.30166068153103,1.0,0.25977634977476866,1.0,0.25977634977476866,0.0,0.0
339.98834,1.0,0.25977634977476866,88.0,21.30166068153103,1.0,0.25977634977476866,1.0,0.25977634977476866,0.0,0.0
340.74,1.0,0.25977634977476866,88.0,21.30166068153103,1.0,0.25977634977476866,1.0,0.25977634977476866,0.0,0.0
340.16998,1.0,0.25977634977476866,88.0,21.30166068153103,1.0,0.25977634977476866,1.0,0.25977634977476866,0.0,0.0
340.46,1.0,0.25977634977476866,88.0,21.30166068153103,1.0,0.25977634977476866,1.0,0.25977634977476866,0.0,0.0
340.71832,1.0,0.25977634977476866,88.0,21.04188433175626,1.0,0.25977634977476866,1.0,0.25977634977476866,0.0,0.0
340.55334,1.0,0.25977634977476866,88.0,21.04188433175626,1.0,0.25977634977476866,1.0,0.25977634977476866,0.0,0.0
341.025,1.0,0.25977634977476866,88.0,21.561437031305797,1.0,0.25977634977476866,1.0,0.25977634977476866,0.0,0.0
341.15167,1.0,0.25977634977476866,88.0,21.04188433175626,1.0,0.25977634977476866,1.0,0.25977634977476866,0.0,0.0
341.15668,1.0,0.25977634977476866,88.0,21.30166068153103,1.0,0.25977634977476866,1.0,0.25977634977476866,0.0,0.0
341.245,1.0,0.25977634977476866,88.0,21.04188433175626,1.0,0.25977634977476866,1.0,0.25977634977476866,0.0,0.0
340.79834,1.0,0.25977634977476866,88.0,21.04188433175626,1.0,0.25977634977476866,1.0,0.25977634977476866,0.0,0.0
340.08667,1.0,0.25977634977476866,88.0,21.04188433175626,1.0,0.25977634977476866,1.0,0.25977634977476866,0.0,0.0
340.67,1.0,0.25977634977476866,88.0,21.04188433175626,1.0,0.25977634977476866,1.0,0.25977634977476866,0.0,0.0
340.025,1.0,0.25977634977476866,88.0,21.04188433175626,1.0,0.25977634977476866,1.0,0.25977634977476866,0.0,0.0
340.03668,1.0,0.25977634977476866,88.0,20.782107981981493,1.0,0.25977634977476866,1.0,0.25977634977476866,0.0,0.0
339.78168,1.0,0.25977634977476866,88.0,20.782107981981493,1.0,0.25977634977476866,1.0,0.25977634977476866,0.0,0.0
341.11667,1.0,0.25977634977476866,88.0,21.04188433175626,1.0,0.25977634977476866,1.0,0.25977634977476866,0.0,0.0
340.7083,1.0,0.25977634977476866,88.0,20.782107981981493,1.0,609.9548692711568,1.0,0.25977634977476866,0.0,0.0
341.08334,1.0,0.25977634977476866,88.0,25.19830592815256,1.0,602.1615787779137,1.0,0.25977634977476866,0.0,0.0
341.78333,1.0,0.25977634977476866,88.0,21.04188433175626,1.0,596.7062754326436,1.0,0.25977634977476866,0.0,0.0
341.60498,1.0,0.25977634977476866,88.0,21.04188433175626,1.0,596.7062754326436,1.0,0.25977634977476866,0.0,0.0
341.16833,1.0,0.25977634977476866,88.0,20.782107981981493,1.0,588.9129849394005,1.0,0.25977634977476866,0.0,0.0
341.50333,1.0,0.25977634977476866,88.0,20.782107981981493,1.0,598.7844862308417,1.0,0.25977634977476866,0.0,0.0
341.35834,1.0,0.25977634977476866,88.0,20.782107981981493,1.0,598.0051571815175,1.0,0.25977634977476866,0.0,0.0
340.885,1.0,0.25977634977476866,88.0,20.782107981981493,1.0,602.1615787779137,1.0,0.25977634977476866,0.0,0.0
342.04,1.0,0.25977634977476866,88.0,20.782107981981493,1.0,605.5386713249858,1.0,0.25977634977476866,0.0,0.0
341.93832,1.0,0.25977634977476866,88.0,20.782107981981493,1.0,605.5386713249858,1.0,0.25977634977476866,0.0,0.0
341.55334,1.0,0.25977634977476866,88.0,20.782107981981493,1.0,594.8878409842202,1.0,0.25977634977476866,0.0,0.0
341.825,1.0,0.25977634977476866,88.0,20.782107981981493,1.0,605.7984476747605,1.0,0.25977634977476866,0.0,0.0
341.42166,1.0,0.25977634977476866,88.0,20.782107981981493,1.0,606.0582240245353,1.0,0.25977634977476866,0.0,0.0
341.52667,1.0,0.25977634977476866,88.0,21.04188433175626,1.0,600.0833679797156,1.0,0.25977634977476866,0.0,0.0
341.53168,1.0,0.25977634977476866,88.0,20.782107981981493,1.0,600.8626970290399,1.0,0.25977634977476866,0.0,0.0
341.07,1.0,0.25977634977476866,88.0,20.782107981981493,1.0,670.2229824189031,1.0,0.25977634977476866,0.0,0.0
341.21832,1.0,0.25977634977476866,88.0,4.416197946171067,1.0,602.6811314774633,1.0,0.25977634977476866,0.0,0.0
340.00165,1.0,0.25977634977476866,88.0,0.0,1.0,70.39939078896231,1.0,0.25977634977476866,0.0,0.0
340.905,1.0,0.25977634977476866,88.0,0.0,1.0,0.0,1.0,0.25977634977476866,0.0,0.0
340.98834,1.0,0.25977634977476866,88.0,0.0,1.0,0.25977634977476866,1.0,0.25977634977476866,0.0,0.0
340.09167,1.0,0.25977634977476866,87.0,0.0,1.0,0.25977634977476866,1.0,0.25977634977476866,0.0,0.0
339.65668,1.0,0.2596009255485171,87.0,21.54687682052692,1.0,0.2596009255485171,1.0,0.2596009255485171,0.0,0.0
339.57,1.0,0.2596009255485171,88.0,21.287275894978404,1.0,0.2596009255485171,1.0,0.2596009255485171,0.0,0.0
339.28833,1.0,0.2596009255485171,88.0,21.287275894978404,1.0,0.2596009255485171,1.0,0.2596009255485171,0.0,0.0
339.01166,1.0,0.2596009255485171,88.0,21.54687682052692,1.0,0.2596009255485171,1.0,0.2596009255485171,0.0,0.0
339.445,1.0,0.2596009255485171,88.0,21.54687682052692,1.0,0.2596009255485171,1.0,0.2596009255485171,0.0,0.0
340.01666,1.0,0.2596009255485171,88.0,21.287275894978404,1.0,0.2596009255485171,1.0,0.2596009255485171,0.0,0.0
339.975,1.0,0.2596009255485171,88.0,21.287275894978404,1.0,0.2596009255485171,1.0,0.2596009255485171,0.0,0.0
340.84332,1.0,0.2596009255485171,88.0,21.287275894978404,1.0,0.2596009255485171,1.0,0.2596009255485171,0.0,0.0
340.685,1.0,0.2596009255485171,88.0,21.287275894978404,1.0,0.2596009255485171,1.0,0.2596009255485171,0.0,0.0
340.10498,1.0,0.2596009255485171,88.0,21.287275894978404,1.0,0.2596009255485171,1.0,0.2596009255485171,0.0,0.0
340.83002,1.0,0.2596009255485171,88.0,21.287275894978404,1.0,0.2596009255485171,1.0,0.2596009255485171,0.0,0.0
341.44333,1.0,0.2596009255485171,89.0,21.287275894978404,1.0,0.2596009255485171,1.0,0.2596009255485171,0.0,0.0
340.60333,1.0,0.2596009255485171,88.0,21.287275894978404,1.0,0.2596009255485171,1.0,0.2596009255485171,0.0,0.0
340.4,1.0,0.2596009255485171,88.0,21.287275894978404,1.0,0.2596009255485171,1.0,0.2596009255485171,0.0,0.0
340.06,1.0,0.2596009255485171,88.0,21.287275894978404,1.0,0.2596009255485171,1.0,0.2596009255485171,0.0,0.0
340.43665,1.0,0.2596009255485171,88.0,21.287275894978404,1.0,0.2596009255485171,1.0,0.2596009255485171,0.0,0.0
340.13165,1.0,0.2596009255485171,87.0,21.287275894978404,1.0,0.2596009255485171,1.0,0.2596009255485171,0.0,0.0
340.52167,1.0,0.2596009255485171,87.0,21.287275894978404,1.0,0.2596009255485171,1.0,0.2596009255485171,0.0,0.0
340.02832,1.0,0.2596009255485171,88.0,21.287275894978404,1.0,0.2596009255485171,1.0,0.2596009255485171,0.0,0.0
340.028,1.0,0.2596009255485171,88.0,21.027674969429885,1.0,0.2596009255485171,1.0,0.2596009255485171,0.0,0.0
339.905,1.0,0.2596009255485171,88.0,21.287275894978404,1.0,0.2596009255485171,1.0,0.2596009255485171,0.0,0.0
339.98834,1.0,0.2596009255485171,88.0,21.287275894978404,1.0,0.2596009255485171,1.0,0.2596009255485171,0.0,0.0
340.74,1.0,0.2596009255485171,88.0,21.287275894978404,1.0,0.2596009255485171,1.0,0.2596009255485171,0.0,0.0
340.16998,1.0,0.2596009255485171,88.0,21.287275894978404,1.0,0.2596009255485171,1.0,0.2596009255485171,0.0,0.0
340.46,1.0,0.2596009255485171,88.0,21.287275894978404,1.0,0.2596009255485171,1.0,0.2596009255485171,0.0,0.0
340.71832,1.0,0.2596009255485171,88.0,21.027674969429885,1.0,0.2596009255485171,1.0,0.2596009255485171,0.0,0.0
340.55334,1.0,0.2596009255485171,88.0,21.027674969429885,1.0,0.2596009255485171,1.0,0.2596009255485171,0.0,0.0
341.025,1.0,0.2596009255485171,88.0,21.54687682052692,1.0,0.2596009255485171,1.0,0.2596009255485171,0.0,0.0
341.15167,1.0,0.2596009255485171,88.0,21.027674969429885,1.0,0.2596009255485171,1.0,0.2596009255485171,0.0,0.0
341.15668,1.0,0.2596009255485171,88.0,21.287275894978404,1.0,0.2596009255485171,1.0,0.2596009255485171,0.0,0.0
341.245,1.0,0.2596009255485171,88.0,21.027674969429885,1.0,0.2596009255485171,1.0,0.2596009255485171,0.0,0.0
340.79834,1.0,0.2596009255485171,88.0,21.027674969429885,1.0,0.2596009255485171,1.0,0.2596009255485171,0.0,0.0
340.08667,1.0,0.2596009255485171,88.0,21.027674969429885,1.0,0.2596009255485171,1.0,0.2596009255485171,0.0,0.0
340.67,1.0,0.2596009255485171,88.0,21.027674969429885,1.0,0.2596009255485171,1.0,0.2596009255485171,0.0,0.0
340.025,1.0,0.2596009255485171,88.0,21.027674969429885,1.0,0.2596009255485171,1.0,0.2596009255485171,0.0,0.0
340.03668,1.0,0.2596009255485171,88.0,20.76807404388137,1.0,0.2596009255485171,1.0,0.2596009255485171,0.0,0.0
339.78168,1.0,0.2596009255485171,88.0,20.76807404388137,1.0,0.2596009255485171,1.0,0.2596009255485171,0.0,0.0
341.11667,1.0,0.2596009255485171,88.0,21.027674969429885,1.0,0.2596009255485171,1.0,0.2596009255485171,0.0,0.0
340.7083,1.0,0.2596009255485171,88.0,20.76807404388137,1.0,609.5429731879182,1.0,0.2596009255485171,0.0,0.0
341.08334,1.0,0.2596009255485171,88.0,25.18128977820616,1.0,601.7549454214626,1.0,0.2596009255485171,0.0,0.0
341.78333,1.0,0.2596009255485171,88.0,21.027674969429885,1.0,596.3033259849437,1.0,0.2596009255485171,0.0,0.0
341.60498,1.0,0.2596009255485171,88.0,21.027674969429885,1.0,596.3033259849437,1.0,0.2596009255485171,0.0,0.0
341.16833,1.0,0.2596009255485171,88.0,20.76807404388137,1.0,588.5152982184883,1.0,0.2596009255485171,0.0,0.0
341.50333,1.0,0.2596009255485171,88.0,20.76807404388137,1.0,598.380133389332,1.0,0.2596009255485171,0.0,0.0
341.35834,1.0,0.2596009255485171,88.0,20.76807404388137,1.0,597.6013306126864,1.0,0.2596009255485171,0.0,0.0
340.885,1.0,0.2596009255485171,88.0,20.76807404388137,1.0,601.7549454214626,1.0,0.2596009255485171,0.0,0.0
342.04,1.0,0.2596009255485171,88.0,20.76807404388137,1.0,605.1297574535934,1.0,0.2596009255485171,0.0,0.0
341.93832,1.0,0.2596009255485171,88.0,20.76807404388137,1.0,605.1297574535934,1.0,0.2596009255485171,0.0,0.0
341.55334,1.0,0.2596009255485171,88.0,20.76807404388137,1.0,594.4861195061042,1.0,0.2596009255485171,0.0,0.0
341.825,1.0,0.2596009255485171,88.0,20.76807404388137,1.0,605.3893583791419,1.0,0.2596009255485171,0.0,0.0
341.42166,1.0,0.2596009255485171,88.0,20.76807404388137,1.0,605.6489593046904,1.0,0.2596009255485171,0.0,0.0
341.52667,1.0,0.2596009255485171,88.0,21.027674969429885,1.0,599.6781380170745,1.0,0.2596009255485171,0.0,0.0
341.53168,1.0,0.2596009255485171,88.0,20.76807404388137,1.0,600.45694079372,1.0,0.2596009255485171,0.0,0.0
341.07,1.0,0.2596009255485171,88.0,20.76807404388137,1.0,669.7703879151741,1.0,0.2596009255485171,0.0,0.0
341.21832,1.0,0.2596009255485171,88.0,4.41321573432479,1.0,602.2741472725597,1.0,0.2596009255485171,0.0,0.0
340.00165,1.0,0.2596009255485171,88.0,0.0,1.0,70.35185082364814,1.0,0.2596009255485171,0.0,0.0
340.905,1.0,0.2596009255485171,88.0,0.0,1.0,0.0,1.0,0.2596009255485171,0.0,0.0
340.98834,1.0,0.2596009255485171,88.0,0.0,1.0,0.2596009255485171,1.0,0.2596009255485171,0.0,0.0
340.09167,1.0,0.2596009255485171,87.0,0.0,1.0,0.2596009255485171,1.0,0.2596009255485171,0.0,0.0
339.80835,1.0,0.2596009255485171,88.0,0.0,1.0,0.2596009255485171,1.0,0.2596009255485171,0.0,0.0
339.57,1.0,0.2594151723610119,88.0,21.27204413360298,1.0,0.2594151723610119,1.0,0.2594151723610119,0.0,0.0
339.28833,1.0,0.2594151723610119,88.0,21.27204413360298,1.0,0.2594151723610119,1.0,0.2594151723610119,0.0,0.0
339.01166,1.0,0.2594151723610119,88.0,21.53145930596399,1.0,0.2594151723610119,1.0,0.2594151723610119,0.0,0.0
339.445,1.0,0.2594151723610119,88.0,21.53145930596399,1.0,0.2594151723610119,1.0,0.2594151723610119,0.0,0.0
340.01666,1.0,0.2594151723610119,88.0,21.27204413360298,1.0,0.2594151723610119,1.0,0.2594151723610119,0.0,0.0
339.975,1.0,0.2594151723610119,88.0,21.27204413360298,1.0,0.2594151723610119,1.0,0.2594151723610119,0.0,0.0
340.84332,1.0,0.2594151723610119,88.0,21.27204413360298,1.0,0.2594151723610119,1.0,0.2594151723610119,0.0,0.0
340.685,1.0,0.2594151723610119,88.0,21.27204413360298,1.0,0.2594151723610119,1.0,0.2594151723610119,0.0,0.0
340.10498,1.0,0.2594151723610119,88.0,21.27204413360298,1.0,0.2594151723610119,1.0,0.2594151723610119,0.0,0.0
340.83002,1.0,0.2594151723610119,88.0,21.27204413360298,1.0,0.2594151723610119,1.0,0.2594151723610119,0.0,0.0
341.44333,1.0,0.2594151723610119,89.0,21.27204413360298,1.0,0.2594151723610119,1.0,0.2594151723610119,0.0,0.0
340.60333,1.0,0.2594151723610119,88.0,21.27204413360298,1.0,0.2594151723610119,1.0,0.2594151723610119,0.0,0.0
340.4,1.0,0.2594151723610119,88.0,21.27204413360298,1.0,0.2594151723610119,1.0,0.2594151723610119,0.0,0.0
340.06,1.0,0.2594151723610119,88.0,21.27204413360298,1.0,0.2594151723610119,1.0,0.2594151723610119,0.0,0.0
340.43665,1.0,0.2594151723610119,88.0,21.27204413360298,1.0,0.2594151723610119,1.0,0.2594151723610119,0.0,0.0
340.13165,1.0,0.2594151723610119,87.0,21.27204413360298,1.0,0.2594151723610119,1.0,0.2594151723610119,0.0,0.0
340.52167,1.0,0.2594151723610119,87.0,21.27204413360298,1.0,0.2594151723610119,1.0,0.2594151723610119,0.0,0.0
340.02832,1.0,0.2594151723610119,88.0,21.27204413360298,1.0,0.2594151723610119,1.0,0.2594151723610119,0.0,0.0
340.028,1.0,0.2594151723610119,88.0,21.012628961241965,1.0,0.2594151723610119,1.0,0.2594151723610119,0.0,0.0
339.905,1.0,0.2594151723610119,88.0,21.27204413360298,1.0,0.2594151723610119,1.0,0.2594151723610119,0.0,0.0
339.98834,1.0,0.2594151723610119,88.0,21.27204413360298,1.0,0.2594151723610119,1.0,0.2594151723610119,0.0,0.0
340.74,1.0,0.2594151723610119,88.0,21.27204413360298,1.0,0.2594151723610119,1.0,0.2594151723610119,0.0,0.0
340.16998,1.0,0.2594151723610119,88.0,21.27204413360298,1.0,0.2594151723610119,1.0,0.2594151723610119,0.0,0.0
340.46,1.0,0.2594151723610119,88.0,21.27204413360298,1.0,0.2594151723610119,1.0,0.2594151723610119,0.0,0.0
340.71832,1.0,0.2594151723610119,88.0,21.012628961241965,1.0,0.2594151723610119,1.0,0.2594151723610119,0.0,0.0
340.55334,1.0,0.2594151723610119,88.0,21.012628961241965,1.0,0.2594151723610119,1.0,0.2594151723610119,0.0,0.0
341.025,1.0,0.2594151723610119,88.0,21.53145930596399,1.0,0.2594151723610119,1.0,0.2594151723610119,0.0,0.0
341.15167,1.0,0.2594151723610119,88.0,21.012628961241965,1.0,0.2594151723610119,1.0,0.2594151723610119,0.0,0.0
341.15668,1.0,0.2594151723610119,88.0,21.27204413360298,1.0,0.2594151723610119,1.0,0.2594151723610119,0.0,0.0
341.245,1.0,0.2594151723610119,88.0,21.012628961241965,1.0,0.2594151723610119,1.0,0.2594151723610119,0.0,0.0
340.79834,1.0,0.2594151723610119,88.0,21.012628961241965,1.0,0.2594151723610119,1.0,0.2594151723610119,0.0,0.0
340.08667,1.0,0.2594151723610119,88.0,21.012628961241965,1.0,0.2594151723610119,1.0,0.2594151723610119,0.0,0.0
340.67,1.0,0.2594151723610119,88.0,21.012628961241965,1.0,0.2594151723610119,1.0,0.2594151723610119,0.0,0.0
340.025,1.0,0.2594151723610119,88.0,21.012628961241965,1.0,0.2594151723610119,1.0,0.2594151723610119,0.0,0.0
340.03668,1.0,0.2594151723610119,88.0,20.753213788880952,1.0,0.2594151723610119,1.0,0.2594151723610119,0.0,0.0
339.78168,1.0,0.2594151723610119,88.0,20.753213788880952,1.0,0.2594151723610119,1.0,0.2594151723610119,0.0,0.0
341.11667,1.0,0.2594151723610119,88.0,21.012628961241965,1.0,0.2594151723610119,1.0,0.2594151723610119,0.0,0.0
340.7083,1.0,0.2594151723610119,88.0,20.753213788880952,1.0,609.106824703656,1.0,0.2594151723610119,0.0,0.0
341.08334,1.0,0.2594151723610119,88.0,25.163271719018155,1.0,601.3243695328256,1.0,0.2594151723610119,0.0,0.0
341.78333,1.0,0.2594151723610119,88.0,21.012628961241965,1.0,595.8766509132444,1.0,0.2594151723610119,0.0,0.0
341.60498,1.0,0.2594151723610119,88.0,21.012628961241965,1.0,595.8766509132444,1.0,0.2594151723610119,0.0,0.0
341.16833,1.0,0.2594151723610119,88.0,20.753213788880952,1.0,588.0941957424141,1.0,0.2594151723610119,0.0,0.0
341.50333,1.0,0.2594151723610119,88.0,20.753213788880952,1.0,597.9519722921325,1.0,0.2594151723610119,0.0,0.0
341.35834,1.0,0.2594151723610119,88.0,20.753213788880952,1.0,597.1737267750494,1.0,0.2594151723610119,0.0,0.0
340.885,1.0,0.2594151723610119,88.0,20.753213788880952,1.0,601.3243695328256,1.0,0.2594151723610119,0.0,0.0
342.04,1.0,0.2594151723610119,88.0,20.753213788880952,1.0,604.6967667735188,1.0,0.2594151723610119,0.0,0.0
341.93832,1.0,0.2594151723610119,88.0,20.753213788880952,1.0,604.6967667735188,1.0,0.2594151723610119,0.0,0.0
341.55334,1.0,0.2594151723610119,88.0,20.753213788880952,1.0,594.0607447067173,1.0,0.2594151723610119,0.0,0.0
341.825,1.0,0.2594151723610119,88.0,20.753213788880952,1.0,604.9561819458797,1.0,0.2594151723610119,0.0,0.0
341.42166,1.0,0.2594151723610119,88.0,20.753213788880952,1.0,605.2155971182408,1.0,0.2594151723610119,0.0,0.0
341.52667,1.0,0.2594151723610119,88.0,21.012628961241965,1.0,599.2490481539376,1.0,0.2594151723610119,0.0,0.0
341.53168,1.0,0.2594151723610119,88.0,20.753213788880952,1.0,600.0272936710205,1.0,0.2594151723610119,0.0,0.0
341.07,1.0,0.2594151723610119,88.0,20.753213788880952,1.0,669.2911446914108,1.0,0.2594151723610119,0.0,0.0
341.21832,1.0,0.2594151723610119,88.0,4.410057930137203,1.0,601.8431998775476,1.0,0.2594151723610119,0.0,0.0
340.00165,1.0,0.2594151723610119,88.0,0.0,1.0,70.30151170983423,1.0,0.2594151723610119,0.0,0.0
340.905,1.0,0.2594151723610119,88.0,0.0,1.0,0.0,1.0,0.2594151723610119,0.0,0.0
340.98834,1.0,0.2594151723610119,88.0,0.0,1.0,0.2594151723610119,1.0,0.2594151723610119,0.0,0.0
340.09167,1.0,0.2594151723610119,87.0,0.0,1.0,0.2594151723610119,1.0,0.2594151723610119,0.0,0.0
339.80835,1.0,0.2594151723610119,88.0,0.0,1.0,0.2594151723610119,1.0,0.2594151723610119,0.0,0.0
339.47333,1.0,0.2594151723610119,88.0,4.410057930137203,1.0,0.2594151723610119,1.0,0.2594151723610119,0.0,0.0
339.28833,1.0,0.2592139544910754,88.0,21.255544268268185,1.0,0.2592139544910754,1.0,0.2592139544910754,0.0,0.0
339.01166,1.0,0.2592139544910754,88.0,21.514758222759262,1.0,0.2592139544910754,1.0,0.2592139544910754,0.0,0.0
339.445,1.0,0.2592139544910754,88.0,21.514758222759262,1.0,0.2592139544910754,1.0,0.2592139544910754,0.0,0.0
340.01666,1.0,0.2592139544910754,88.0,21.255544268268185,1.0,0.2592139544910754,1.0,0.2592139544910754,0.0,0.0
339.975,1.0,0.2592139544910754,88.0,21.255544268268185,1.0,0.2592139544910754,1.0,0.2592139544910754,0.0,0.0
340.84332,1.0,0.2592139544910754,88.0,21.255544268268185,1.0,0.2592139544910754,1.0,0.2592139544910754,0.0,0.0
340.685,1.0,0.2592139544910754,88.0,21.255544268268185,1.0,0.2592139544910754,1.0,0.2592139544910754,0.0,0.0
340.10498,1.0,0.2592139544910754,88.0,21.255544268268185,1.0,0.2592139544910754,1.0,0.2592139544910754,0.0,0.0
340.83002,1.0,0.2592139544910754,88.0,21.255544268268185,1.0,0.2592139544910754,1.0,0.2592139544910754,0.0,0.0
341.44333,1.0,0.2592139544910754,89.0,21.255544268268185,1.0,0.2592139544910754,1.0,0.2592139544910754,0.0,0.0
340.60333,1.0,0.2592139544910754,88.0,21.255544268268185,1.0,0.2592139544910754,1.0,0.2592139544910754,0.0,0.0
340.4,1.0,0.2592139544910754,88.0,21.255544268268185,1.0,0.2592139544910754,1.0,0.2592139544910754,0.0,0.0
340.06,1.0,0.2592139544910754,88.0,21.255544268268185,1.0,0.2592139544910754,1.0,0.2592139544910754,0.0,0.0
340.43665,1.0,0.2592139544910754,88.0,21.255544268268185,1.0,0.2592139544910754,1.0,0.2592139544910754,0.0,0.0
340.13165,1.0,0.2592139544910754,87.0,21.255544268268185,1.0,0.2592139544910754,1.0,0.2592139544910754,0.0,0.0
340.52167,1.0,0.2592139544910754,87.0,21.255544268268185,1.0,0.2592139544910754,1.0,0.2592139544910754,0.0,0.0
340.02832,1.0,0.2592139544910754,88.0,21.255544268268185,1.0,0.2592139544910754,1.0,0.2592139544910754,0.0,0.0
340.028,1.0,0.2592139544910754,88.0,20.996330313777108,1.0,0.2592139544910754,1.0,0.2592139544910754,0.0,0.0
339.905,1.0,0.2592139544910754,88.0,21.255544268268185,1.0,0.2592139544910754,1.0,0.2592139544910754,0.0,0.0
339.98834,1.0,0.2592139544910754,88.0,21.255544268268185,1.0,0.2592139544910754,1.0,0.2592139544910754,0.0,0.0
340.74,1.0,0.2592139544910754,88.0,21.255544268268185,1.0,0.2592139544910754,1.0,0.2592139544910754,0.0,0.0
340.16998,1.0,0.2592139544910754,88.0,21.255544268268185,1.0,0.2592139544910754,1.0,0.2592139544910754,0.0,0.0
340.46,1.0,0.2592139544910754,88.0,21.255544268268185,1.0,0.2592139544910754,1.0,0.2592139544910754,0.0,0.0
340.71832,1.0,0.2592139544910754,88.0,20.996330313777108,1.0,0.2592139544910754,1.0,0.2592139544910754,0.0,0.0
340.55334,1.0,0.2592139544910754,88.0,20.996330313777108,1.0,0.2592139544910754,1.0,0.2592139544910754,0.0,0.0
341.025,1.0,0.2592139544910754,88.0,21.514758222759262,1.0,0.2592139544910754,1.0,0.2592139544910754,0.0,0.0
341.15167,1.0,0.2592139544910754,88.0,20.996330313777108,1.0,0.2592139544910754,1.0,0.2592139544910754,0.0,0.0
341.15668,1.0,0.2592139544910754,88.0,21.255544268268185,1.0,0.2592139544910754,1.0,0.2592139544910754,0.0,0.0
341.245,1.0,0.2592139544910754,88.0,20.996330313777108,1.0,0.2592139544910754,1.0,0.2592139544910754,0.0,0.0
340.79834,1.0,0.2592139544910754,88.0,20.996330313777108,1.0,0.2592139544910754,1.0,0.2592139544910754,0.0,0.0
340.08667,1.0,0.2592139544910754,88.0,20.996330313777108,1.0,0.2592139544910754,1.0,0.2592139544910754,0.0,0.0
340.67,1.0,0.2592139544910754,88.0,20.996330313777108,1.0,0.2592139544910754,1.0,0.2592139544910754,0.0,0.0
340.025,1.0,0.2592139544910754,88.0,20.996330313777108,1.0,0.2592139544910754,1.0,0.2592139544910754,0.0,0.0
340.03668,1.0,0.2592139544910754,88.0,20.737116359286034,1.0,0.2592139544910754,1.0,0.2592139544910754,0.0,0.0
339.78168,1.0,0.2592139544910754,88.0,20.737116359286034,1.0,0.2592139544910754,1.0,0.2592139544910754,0.0,0.0
341.11667,1.0,0.2592139544910754,88.0,20.996330313777108,1.0,0.2592139544910754,1.0,0.2592139544910754,0.0,0.0
340.7083,1.0,0.2592139544910754,88.0,20.737116359286034,1.0,608.6343651450451,1.0,0.2592139544910754,0.0,0.0
341.08334,1.0,0.2592139544910754,88.0,25.143753585634315,1.0,600.8579465103128,1.0,0.2592139544910754,0.0,0.0
341.78333,1.0,0.2592139544910754,88.0,20.996330313777108,1.0,595.4144534660003,1.0,0.2592139544910754,0.0,0.0
341.60498,1.0,0.2592139544910754,88.0,20.996330313777108,1.0,595.4144534660003,1.0,0.2592139544910754,0.0,0.0
341.16833,1.0,0.2592139544910754,88.0,20.737116359286034,1.0,587.638034831268,1.0,0.2592139544910754,0.0,0.0
341.50333,1.0,0.2592139544910754,88.0,20.737116359286034,1.0,597.4881651019289,1.0,0.2592139544910754,0.0,0.0
341.35834,1.0,0.2592139544910754,88.0,20.737116359286034,1.0,596.7105232384556,1.0,0.2592139544910754,0.0,0.0
340.885,1.0,0.2592139544910754,88.0,20.737116359286034,1.0,600.8579465103128,1.0,0.2592139544910754,0.0,0.0
342.04,1.0,0.2592139544910754,88.0,20.737116359286034,1.0,604.2277279186968,1.0,0.2592139544910754,0.0,0.0
341.93832,1.0,0.2592139544910754,88.0,20.737116359286034,1.0,604.2277279186968,1.0,0.2592139544910754,0.0,0.0
341.55334,1.0,0.2592139544910754,88.0,20.737116359286034,1.0,593.5999557845628,1.0,0.2592139544910754,0.0,0.0
341.825,1.0,0.2592139544910754,88.0,20.737116359286034,1.0,604.4869418731879,1.0,0.2592139544910754,0.0,0.0
341.42166,1.0,0.2592139544910754,88.0,20.737116359286034,1.0,604.746155827679,1.0,0.2592139544910754,0.0,0.0
341.52667,1.0,0.2592139544910754,88.0,20.996330313777108,1.0,598.7842348743842,1.0,0.2592139544910754,0.0,0.0
341.53168,1.0,0.2592139544910754,88.0,20.737116359286034,1.0,599.5618767378575,1.0,0.2592139544910754,0.0,0.0
341.07,1.0,0.2592139544910754,88.0,20.737116359286034,1.0,668.7720025869746,1.0,0.2592139544910754,0.0,0.0
341.21832,1.0,0.2592139544910754,88.0,4.406637226348282,1.0,601.376374419295,1.0,0.2592139544910754,0.0,0.0
340.00165,1.0,0.2592139544910754,88.0,0.0,1.0,70.24698166708144,1.0,0.2592139544910754,0.0,0.0
340.905,1.0,0.2592139544910754,88.0,0.0,1.0,0.0,1.0,0.2592139544910754,0.0,0.0
340.98834,1.0,0.2592139544910754,88.0,0.0,1.0,0.2592139544910754,1.0,0.2592139544910754,0.0,0.0
340.09167,1.0,0.2592139544910754,87.0,0.0,1.0,0.2592139544910754,1.0,0.2592139544910754,0.0,0.0
339.80835,1.0,0.2592139544910754,88.0,0.0,1.0,0.2592139544910754,1.0,0.2592139544910754,0.0,0.0
339.47333,1.0,0.2592139544910754,88.0,4.406637226348282,1.0,0.2592139544910754,1.0,0.2592139544910754,0.0,0.0
339.70334,1.0,0.2592139544910754,88.0,4.665851180839358,1.0,0.2592139544910754,1.0,0.2592139544910754,0.0,0.0
339.01166,1.0,0.25900319652772186,88.0,21.497265311800913,1.0,0.25900319652772186,1.0,0.25900319652772186,0.0,0.0
339.445,1.0,0.25900319652772186,88.0,21.497265311800913,1.0,0.25900319652772186,1.0,0.25900319652772186,0.0,0.0
340.01666,1.0,0.25900319652772186,88.0,21.23826211527319,1.0,0.25900319652772186,1.0,0.25900319652772186,0.0,0.0
339.975,1.0,0.25900319652772186,88.0,21.23826211527319,1.0,0.25900319652772186,1.0,0.25900319652772186,0.0,0.0
340.84332,1.0,0.25900319652772186,88.0,21.23826211527319,1.0,0.25900319652772186,1.0,0.25900319652772186,0.0,0.0
340.685,1.0,0.25900319652772186,88.0,21.23826211527319,1.0,0.25900319652772186,1.0,0.25900319652772186,0.0,0.0
340.10498,1.0,0.25900319652772186,88.0,21.23826211527319,1.0,0.25900319652772186,1.0,0.25900319652772186,0.0,0.0
340.83002,1.0,0.25900319652772186,88.0,21.23826211527319,1.0,0.25900319652772186,1.0,0.25900319652772186,0.0,0.0
341.44333,1.0,0.25900319652772186,89.0,21.23826211527319,1.0,0.25900319652772186,1.0,0.25900319652772186,0.0,0.0
340.60333,1.0,0.25900319652772186,88.0,21.23826211527319,1.0,0.25900319652772186,1.0,0.25900319652772186,0.0,0.0
340.4,1.0,0.25900319652772186,88.0,21.23826211527319,1.0,0.25900319652772186,1.0,0.25900319652772186,0.0,0.0
340.06,1.0,0.25900319652772186,88.0,21.23826211527319,1.0,0.25900319652772186,1.0,0.25900319652772186,0.0,0.0
340.43665,1.0,0.25900319652772186,88.0,21.23826211527319,1.0,0.25900319652772186,1.0,0.25900319652772186,0.0,0.0
340.13165,1.0,0.25900319652772186,87.0,21.23826211527319,1.0,0.25900319652772186,1.0,0.25900319652772186,0.0,0.0
340.52167,1.0,0.25900319652772186,87.0,21.23826211527319,1.0,0.25900319652772186,1.0,0.25900319652772186,0.0,0.0
340.02832,1.0,0.25900319652772186,88.0,21.23826211527319,1.0,0.25900319652772186,1.0,0.25900319652772186,0.0,0.0
340.028,1.0,0.25900319652772186,88.0,20.97925891874547,1.0,0.25900319652772186,1.0,0.25900319652772186,0.0,0.0
339.905,1.0,0.25900319652772186,88.0,21.23826211527319,1.0,0.25900319652772186,1.0,0.25900319652772186,0.0,0.0
339.98834,1.0,0.25900319652772186,88.0,21.23826211527319,1.0,0.25900319652772186,1.0,0.25900319652772186,0.0,0.0
340.74,1.0,0.25900319652772186,88.0,21.23826211527319,1.0,0.25900319652772186,1.0,0.25900319652772186,0.0,0.0
340.16998,1.0,0.25900319652772186,88.0,21.23826211527319,1.0,0.25900319652772186,1.0,0.25900319652772186,0.0,0.0
340.46,1.0,0.25900319652772186,88.0,21.23826211527319,1.0,0.25900319652772186,1.0,0.25900319652772186,0.0,0.0
340.71832,1.0,0.25900319652772186,88.0,20.97925891874547,1.0,0.25900319652772186,1.0,0.25900319652772186,0.0,0.0
340.55334,1.0,0.25900319652772186,88.0,20.97925891874547,1.0,0.25900319652772186,1.0,0.25900319652772186,0.0,0.0
341.025,1.0,0.25900319652772186,88.0,21.497265311800913,1.0,0.25900319652772186,1.0,0.25900319652772186,0.0,0.0
341.15167,1.0,0.25900319652772186,88.0,20.97925891874547,1.0,0.25900319652772186,1.0,0.25900319652772186,0.0,0.0
341.15668,1.0,0.25900319652772186,88.0,21.23826211527319,1.0,0.25900319652772186,1.0,0.25900319652772186,0.0,0.0
341.245,1.0,0.25900319652772186,88.0,20.97925891874547,1.0,0.25900319652772186,1.0,0.25900319652772186,0.0,0.0
340.79834,1.0,0.25900319652772186,88.0,20.97925891874547,1.0,0.25900319652772186,1.0,0.25900319652772186,0.0,0.0
340.08667,1.0,0.25900319652772186,88.0,20.97925891874547,1.0,0.25900319652772186,1.0,0.25900319652772186,0.0,0.0
340.67,1.0,0.25900319652772186,88.0,20.97925891874547,1.0,0.25900319652772186,1.0,0.25900319652772186,0.0,0.0
340.025,1.0,0.25900319652772186,88.0,20.97925891874547,1.0,0.25900319652772186,1.0,0.25900319652772186,0.0,0.0
340.03668,1.0,0.25900319652772186,88.0,20.72025572221775,1.0,0.25900319652772186,1.0,0.25900319652772186,0.0,0.0
339.78168,1.0,0.25900319652772186,88.0,20.72025572221775,1.0,0.25900319652772186,1.0,0.25900319652772186,0.0,0.0
341.11667,1.0,0.25900319652772186,88.0,20.97925891874547,1.0,0.25900319652772186,1.0,0.25900319652772186,0.0,0.0
340.7083,1.0,0.25900319652772186,88.0,20.72025572221775,1.0,608.1395054470909,1.0,0.25900319652772186,0.0,0.0
341.08334,1.0,0.25900319652772186,88.0,25.12331006318902,1.0,600.3694095512593,1.0,0.25900319652772186,0.0,0.0
341.78333,1.0,0.25900319652772186,88.0,20.97925891874547,1.0,594.9303424241771,1.0,0.25900319652772186,0.0,0.0
341.60498,1.0,0.25900319652772186,88.0,20.97925891874547,1.0,594.9303424241771,1.0,0.25900319652772186,0.0,0.0
341.16833,1.0,0.25900319652772186,88.0,20.72025572221775,1.0,587.1602465283454,1.0,0.25900319652772186,0.0,0.0
341.50333,1.0,0.25900319652772186,88.0,20.72025572221775,1.0,597.0023679963989,1.0,0.25900319652772186,0.0,0.0
341.35834,1.0,0.25900319652772186,88.0,20.72025572221775,1.0,596.2253584068158,1.0,0.25900319652772186,0.0,0.0
340.885,1.0,0.25900319652772186,88.0,20.72025572221775,1.0,600.3694095512593,1.0,0.25900319652772186,0.0,0.0
342.04,1.0,0.25900319652772186,88.0,20.72025572221775,1.0,603.7364511061196,1.0,0.25900319652772186,0.0,0.0
341.93832,1.0,0.25900319652772186,88.0,20.72025572221775,1.0,603.7364511061196,1.0,0.25900319652772186,0.0,0.0
341.55334,1.0,0.25900319652772186,88.0,20.72025572221775,1.0,593.1173200484831,1.0,0.25900319652772186,0.0,0.0
341.825,1.0,0.25900319652772186,88.0,20.72025572221775,1.0,603.9954543026473,1.0,0.25900319652772186,0.0,0.0
341.42166,1.0,0.25900319652772186,88.0,20.72025572221775,1.0,604.2544574991751,1.0,0.25900319652772186,0.0,0.0
341.52667,1.0,0.25900319652772186,88.0,20.97925891874547,1.0,598.2973839790375,1.0,0.25900319652772186,0.0,0.0
341.53168,1.0,0.25900319652772186,88.0,20.72025572221775,1.0,599.0743935686206,1.0,0.25900319652772186,0.0,0.0
341.07,1.0,0.25900319652772186,88.0,20.72025572221775,1.0,668.2282470415224,1.0,0.25900319652772186,0.0,0.0
341.21832,1.0,0.25900319652772186,88.0,4.403054340971272,1.0,600.8874159443147,1.0,0.25900319652772186,0.0,0.0
340.00165,1.0,0.25900319652772186,88.0,0.0,1.0,70.18986625901262,1.0,0.25900319652772186,0.0,0.0
340.905,1.0,0.25900319652772186,88.0,0.0,1.0,0.0,1.0,0.25900319652772186,0.0,0.0
340.98834,1.0,0.25900319652772186,88.0,0.0,1.0,0.25900319652772186,1.0,0.25900319652772186,0.0,0.0
340.09167,1.0,0.25900319652772186,87.0,0.0,1.0,0.25900319652772186,1.0,0.25900319652772186,0.0,0.0
339.80835,1.0,0.25900319652772186,88.0,0.0,1.0,0.25900319652772186,1.0,0.25900319652772186,0.0,0.0
339.47333,1.0,0.25900319652772186,88.0,4.403054340971272,1.0,0.25900319652772186,1.0,0.25900319652772186,0.0,0.0
339.70334,1.0,0.25900319652772186,88.0,4.662057537498994,1.0,0.25900319652772186,1.0,0.25900319652772186,0.0,0.0
339.58334,1.0,0.25900319652772186,88.0,4.403054340971272,1.0,0.25900319652772186,1.0,0.25900319652772186,0.0,0.0
339.445,1.0,0.2588199611201547,88.0,21.48205677297284,1.0,0.2588199611201547,1.0,0.2588199611201547,0.0,0.0
340.01666,1.0,0.2588199611201547,88.0,21.223236811852686,1.0,0.2588199611201547,1.0,0.2588199611201547,0.0,0.0
339.975,1.0,0.2588199611201547,88.0,21.223236811852686,1.0,0.2588199611201547,1.0,0.2588199611201547,0.0,0.0
340.84332,1.0,0.2588199611201547,88.0,21.223236811852686,1.0,0.2588199611201547,1.0,0.2588199611201547,0.0,0.0
340.685,1.0,0.2588199611201547,88.0,21.223236811852686,1.0,0.2588199611201547,1.0,0.2588199611201547,0.0,0.0
340.10498,1.0,0.2588199611201547,88.0,21.223236811852686,1.0,0.2588199611201547,1.0,0.2588199611201547,0.0,0.0
340.83002,1.0,0.2588199611201547,88.0,21.223236811852686,1.0,0.2588199611201547,1.0,0.2588199611201547,0.0,0.0
341.44333,1.0,0.2588199611201547,89.0,21.223236811852686,1.0,0.2588199611201547,1.0,0.2588199611201547,0.0,0.0
340.60333,1.0,0.2588199611201547,88.0,21.223236811852686,1.0,0.2588199611201547,1.0,0.2588199611201547,0.0,0.0
340.4,1.0,0.2588199611201547,88.0,21.223236811852686,1.0,0.2588199611201547,1.0,0.2588199611201547,0.0,0.0
340.06,1.0,0.2588199611201547,88.0,21.223236811852686,1.0,0.2588199611201547,1.0,0.2588199611201547,0.0,0.0
340.43665,1.0,0.2588199611201547,88.0,21.223236811852686,1.0,0.2588199611201547,1.0,0.2588199611201547,0.0,0.0
340.13165,1.0,0.2588199611201547,87.0,21.223236811852686,1.0,0.2588199611201547,1.0,0.2588199611201547,0.0,0.0
340.52167,1.0,0.2588199611201547,87.0,21.223236811852686,1.0,0.2588199611201547,1.0,0.2588199611201547,0.0,0.0
340.02832,1.0,0.2588199611201547,88.0,21.223236811852686,1.0,0.2588199611201547,1.0,0.2588199611201547,0.0,0.0
340.028,1.0,0.2588199611201547,88.0,20.96441685073253,1.0,0.2588199611201547,1.0,0.2588199611201547,0.0,0.0
339.905,1.0,0.2588199611201547,88.0,21.223236811852686,1.0,0.2588199611201547,1.0,0.2588199611201547,0.0,0.0
339.98834,1.0,0.2588199611201547,88.0,21.223236811852686,1.0,0.2588199611201547,1.0,0.2588199611201547,0.0,0.0
340.74,1.0,0.2588199611201547,88.0,21.223236811852686,1.0,0.2588199611201547,1.0,0.2588199611201547,0.0,0.0
340.16998,1.0,0.2588199611201547,88.0,21.223236811852686,1.0,0.2588199611201547,1.0,0.2588199611201547,0.0,0.0
340.46,1.0,0.2588199611201547,88.0,21.223236811852686,1.0,0.2588199611201547,1.0,0.2588199611201547,0.0,0.0
340.71832,1.0,0.2588199611201547,88.0,20.96441685073253,1.0,0.2588199611201547,1.0,0.2588199611201547,0.0,0.0
340.55334,1.0,0.2588199611201547,88.0,20.96441685073253,1.0,0.2588199611201547,1.0,0.2588199611201547,0.0,0.0
341.025,1.0,0.2588199611201547,88.0,21.48205677297284,1.0,0.2588199611201547,1.0,0.2588199611201547,0.0,0.0
341.15167,1.0,0.2588199611201547,88.0,20.96441685073253,1.0,0.2588199611201547,1.0,0.2588199611201547,0.0,0.0
341.15668,1.0,0.2588199611201547,88.0,21.223236811852686,1.0,0.2588199611201547,1.0,0.2588199611201547,0.0,0.0
341.245,1.0,0.2588199611201547,88.0,20.96441685073253,1.0,0.2588199611201547,1.0,0.2588199611201547,0.0,0.0
340.79834,1.0,0.2588199611201547,88.0,20.96441685073253,1.0,0.2588199611201547,1.0,0.2588199611201547,0.0,0.0
340.08667,1.0,0.2588199611201547,88.0,20.96441685073253,1.0,0.2588199611201547,1.0,0.2588199611201547,0.0,0.0
340.67,1.0,0.2588199611201547,88.0,20.96441685073253,1.0,0.2588199611201547,1.0,0.2588199611201547,0.0,0.0
340.025,1.0,0.2588199611201547,88.0,20.96441685073253,1.0,0.2588199611201547,1.0,0.2588199611201547,0.0,0.0
340.03668,1.0,0.2588199611201547,88.0,20.705596889612377,1.0,0.2588199611201547,1.0,0.2588199611201547,0.0,0.0
339.78168,1.0,0.2588199611201547,88.0,20.705596889612377,1.0,0.2588199611201547,1.0,0.2588199611201547,0.0,0.0
341.11667,1.0,0.2588199611201547,88.0,20.96441685073253,1.0,0.2588199611201547,1.0,0.2588199611201547,0.0,0.0
340.7083,1.0,0.2588199611201547,88.0,20.705596889612377,1.0,607.7092687101233,1.0,0.2588199611201547,0.0,0.0
341.08334,1.0,0.2588199611201547,88.0,25.105536228655005,1.0,599.9446698765186,1.0,0.2588199611201547,0.0,0.0
341.78333,1.0,0.2588199611201547,88.0,20.96441685073253,1.0,594.5094506929954,1.0,0.2588199611201547,0.0,0.0
341.60498,1.0,0.2588199611201547,88.0,20.96441685073253,1.0,594.5094506929954,1.0,0.2588199611201547,0.0,0.0
341.16833,1.0,0.2588199611201547,88.0,20.705596889612377,1.0,586.7448518593907,1.0,0.2588199611201547,0.0,0.0
341.50333,1.0,0.2588199611201547,88.0,20.705596889612377,1.0,596.5800103819566,1.0,0.2588199611201547,0.0,0.0
341.35834,1.0,0.2588199611201547,88.0,20.705596889612377,1.0,595.8035504985961,1.0,0.2588199611201547,0.0,0.0
340.885,1.0,0.2588199611201547,88.0,20.705596889612377,1.0,599.9446698765186,1.0,0.2588199611201547,0.0,0.0
342.04,1.0,0.2588199611201547,88.0,20.705596889612377,1.0,603.3093293710806,1.0,0.2588199611201547,0.0,0.0
341.93832,1.0,0.2588199611201547,88.0,20.705596889612377,1.0,603.3093293710806,1.0,0.2588199611201547,0.0,0.0
341.55334,1.0,0.2588199611201547,88.0,20.705596889612377,1.0,592.6977109651543,1.0,0.2588199611201547,0.0,0.0
341.825,1.0,0.2588199611201547,88.0,20.705596889612377,1.0,603.5681493322007,1.0,0.2588199611201547,0.0,0.0
341.42166,1.0,0.2588199611201547,88.0,20.705596889612377,1.0,603.826969293321,1.0,0.2588199611201547,0.0,0.0
341.52667,1.0,0.2588199611201547,88.0,20.96441685073253,1.0,597.8741101875573,1.0,0.2588199611201547,0.0,0.0
341.53168,1.0,0.2588199611201547,88.0,20.705596889612377,1.0,598.6505700709179,1.0,0.2588199611201547,0.0,0.0
341.07,1.0,0.2588199611201547,88.0,20.705596889612377,1.0,667.7554996899992,1.0,0.2588199611201547,0.0,0.0
341.21832,1.0,0.2588199611201547,88.0,4.39993933904263,1.0,600.462309798759,1.0,0.2588199611201547,0.0,0.0
340.00165,1.0,0.2588199611201547,88.0,0.0,1.0,70.14020946356193,1.0,0.2588199611201547,0.0,0.0
340.905,1.0,0.2588199611201547,88.0,0.0,1.0,0.0,1.0,0.2588199611201547,0.0,0.0
340.98834,1.0,0.2588199611201547,88.0,0.0,1.0,0.2588199611201547,1.0,0.2588199611201547,0.0,0.0
340.09167,1.0,0.2588199611201547,87.0,0.0,1.0,0.2588199611201547,1.0,0.2588199611201547,0.0,0.0
339.80835,1.0,0.2588199611201547,88.0,0.0,1.0,0.2588199611201547,1.0,0.2588199611201547,0.0,0.0
339.47333,1.0,0.2588199611201547,88.0,4.39993933904263,1.0,0.2588199611201547,1.0,0.2588199611201547,0.0,0.0
339.70334,1.0,0.2588199611201547,88.0,4.658759300162785,1.0,0.2588199611201547,1.0,0.2588199611201547,0.0,0.0
339.58334,1.0,0.2588199611201547,88.0,4.39993933904263,1.0,0.2588199611201547,1.0,0.2588199611201547,0.0,0.0
340.035,1.0,0.2588199611201547,87.0,4.39993933904263,1.0,0.2588199611201547,1.0,0.2588199611201547,0.0,0.0
340.01666,1.0,0.2586700504992573,88.0,21.210944140939098,1.0,0.2586700504992573,1.0,0.2586700504992573,0.0,0.0
339.975,1.0,0.2586700504992573,88.0,21.210944140939098,1.0,0.2586700504992573,1.0,0.2586700504992573,0.0,0.0
340.84332,1.0,0.2586700504992573,88.0,21.210944140939098,1.0,0.2586700504992573,1.0,0.2586700504992573,0.0,0.0
340.685,1.0,0.2586700504992573,88.0,21.210944140939098,1.0,0.2586700504992573,1.0,0.2586700504992573,0.0,0.0
340.10498,1.0,0.2586700504992573,88.0,21.210944140939098,1.0,0.2586700504992573,1.0,0.2586700504992573,0.0,0.0
340.83002,1.0,0.2586700504992573,88.0,21.210944140939098,1.0,0.2586700504992573,1.0,0.2586700504992573,0.0,0.0
341.44333,1.0,0.2586700504992573,89.0,21.210944140939098,1.0,0.2586700504992573,1.0,0.2586700504992573,0.0,0.0
340.60333,1.0,0.2586700504992573,88.0,21.210944140939098,1.0,0.2586700504992573,1.0,0.2586700504992573,0.0,0.0
340.4,1.0,0.2586700504992573,88.0,21.210944140939098,1.0,0.2586700504992573,1.0,0.2586700504992573,0.0,0.0
340.06,1.0,0.2586700504992573,88.0,21.210944140939098,1.0,0.2586700504992573,1.0,0.2586700504992573,0.0,0.0
340.43665,1.0,0.2586700504992573,88.0,21.210944140939098,1.0,0.2586700504992573,1.0,0.2586700504992573,0.0,0.0
340.13165,1.0,0.2586700504992573,87.0,21.210944140939098,1.0,0.2586700504992573,1.0,0.2586700504992573,0.0,0.0
340.52167,1.0,0.2586700504992573,87.0,21.210944140939098,1.0,0.2586700504992573,1.0,0.2586700504992573,0.0,0.0
340.02832,1.0,0.2586700504992573,88.0,21.210944140939098,1.0,0.2586700504992573,1.0,0.2586700504992573,0.0,0.0
340.028,1.0,0.2586700504992573,88.0,20.95227409043984,1.0,0.2586700504992573,1.0,0.2586700504992573,0.0,0.0
339.905,1.0,0.2586700504992573,88.0,21.210944140939098,1.0,0.2586700504992573,1.0,0.2586700504992573,0.0,0.0
339.98834,1.0,0.2586700504992573,88.0,21.210944140939098,1.0,0.2586700504992573,1.0,0.2586700504992573,0.0,0.0
340.74,1.0,0.2586700504992573,88.0,21.210944140939098,1.0,0.2586700504992573,1.0,0.2586700504992573,0.0,0.0
340.16998,1.0,0.2586700504992573,88.0,21.210944140939098,1.0,0.2586700504992573,1.0,0.2586700504992573,0.0,0.0
340.46,1.0,0.2586700504992573,88.0,21.210944140939098,1.0,0.2586700504992573,1.0,0.2586700504992573,0.0,0.0
340.71832,1.0,0.2586700504992573,88.0,20.95227409043984,1.0,0.2586700504992573,1.0,0.2586700504992573,0.0,0.0
340.55334,1.0,0.2586700504992573,88.0,20.95227409043984,1.0,0.2586700504992573,1.0,0.2586700504992573,0.0,0.0
341.025,1.0,0.2586700504992573,88.0,21.469614191438353,1.0,0.2586700504992573,1.0,0.2586700504992573,0.0,0.0
341.15167,1.0,0.2586700504992573,88.0,20.95227409043984,1.0,0.2586700504992573,1.0,0.2586700504992573,0.0,0.0
341.15668,1.0,0.2586700504992573,88.0,21.210944140939098,1.0,0.2586700504992573,1.0,0.2586700504992573,0.0,0.0
341.245,1.0,0.2586700504992573,88.0,20.95227409043984,1.0,0.2586700504992573,1.0,0.2586700504992573,0.0,0.0
340.79834,1.0,0.2586700504992573,88.0,20.95227409043984,1.0,0.2586700504992573,1.0,0.2586700504992573,0.0,0.0
340.08667,1.0,0.2586700504992573,88.0,20.95227409043984,1.0,0.2586700504992573,1.0,0.2586700504992573,0.0,0.0
340.67,1.0,0.2586700504992573,88.0,20.95227409043984,1.0,0.2586700504992573,1.0,0.2586700504992573,0.0,0.0
340.025,1.0,0.2586700504992573,88.0,20.95227409043984,1.0,0.2586700504992573,1.0,0.2586700504992573,0.0,0.0
340.03668,1.0,0.2586700504992573,88.0,20.69360403994058,1.0,0.2586700504992573,1.0,0.2586700504992573,0.0,0.0
339.78168,1.0,0.2586700504992573,88.0,20.69360403994058,1.0,0.2586700504992573,1.0,0.2586700504992573,0.0,0.0
341.11667,1.0,0.2586700504992573,88.0,20.95227409043984,1.0,0.2586700504992573,1.0,0.2586700504992573,0.0,0.0
340.7083,1.0,0.2586700504992573,88.0,20.69360403994058,1.0,607.3572785722561,1.0,0.2586700504992573,0.0,0.0
341.08334,1.0,0.2586700504992573,88.0,25.090994898427958,1.0,599.5971770572784,1.0,0.2586700504992573,0.0,0.0
341.78333,1.0,0.2586700504992573,88.0,20.95227409043984,1.0,594.165105996794,1.0,0.2586700504992573,0.0,0.0
341.60498,1.0,0.2586700504992573,88.0,20.95227409043984,1.0,594.165105996794,1.0,0.2586700504992573,0.0,0.0
341.16833,1.0,0.2586700504992573,88.0,20.69360403994058,1.0,586.4050044818163,1.0,0.2586700504992573,0.0,0.0
341.50333,1.0,0.2586700504992573,88.0,20.69360403994058,1.0,596.234466400788,1.0,0.2586700504992573,0.0,0.0
341.35834,1.0,0.2586700504992573,88.0,20.69360403994058,1.0,595.4584562492903,1.0,0.2586700504992573,0.0,0.0
340.885,1.0,0.2586700504992573,88.0,20.69360403994058,1.0,599.5971770572784,1.0,0.2586700504992573,0.0,0.0
342.04,1.0,0.2586700504992573,88.0,20.69360403994058,1.0,602.9598877137687,1.0,0.2586700504992573,0.0,0.0
341.93832,1.0,0.2586700504992573,88.0,20.69360403994058,1.0,602.9598877137687,1.0,0.2586700504992573,0.0,0.0
341.55334,1.0,0.2586700504992573,88.0,20.69360403994058,1.0,592.3544156432991,1.0,0.2586700504992573,0.0,0.0
341.825,1.0,0.2586700504992573,88.0,20.69360403994058,1.0,603.218557764268,1.0,0.2586700504992573,0.0,0.0
341.42166,1.0,0.2586700504992573,88.0,20.69360403994058,1.0,603.4772278147673,1.0,0.2586700504992573,0.0,0.0
341.52667,1.0,0.2586700504992573,88.0,20.95227409043984,1.0,597.5278166532843,1.0,0.2586700504992573,0.0,0.0
341.53168,1.0,0.2586700504992573,88.0,20.69360403994058,1.0,598.3038268047821,1.0,0.2586700504992573,0.0,0.0
341.07,1.0,0.2586700504992573,88.0,20.69360403994058,1.0,667.3687302880838,1.0,0.2586700504992573,0.0,0.0
341.21832,1.0,0.2586700504992573,88.0,4.397390858487374,1.0,600.114517158277,1.0,0.2586700504992573,0.0,0.0
340.00165,1.0,0.2586700504992573,88.0,0.0,1.0,70.09958368529873,1.0,0.2586700504992573,0.0,0.0
340.905,1.0,0.2586700504992573,88.0,0.0,1.0,0.0,1.0,0.2586700504992573,0.0,0.0
340.98834,1.0,0.2586700504992573,88.0,0.0,1.0,0.2586700504992573,1.0,0.2586700504992573,0.0,0.0
340.09167,1.0,0.2586700504992573,87.0,0.0,1.0,0.2586700504992573,1.0,0.2586700504992573,0.0,0.0
339.80835,1.0,0.2586700504992573,88.0,0.0,1.0,0.2586700504992573,1.0,0.2586700504992573,0.0,0.0
339.47333,1.0,0.2586700504992573,88.0,4.397390858487374,1.0,0.2586700504992573,1.0,0.2586700504992573,0.0,0.0
339.70334,1.0,0.2586700504992573,88.0,4.656060908986631,1.0,0.2586700504992573,1.0,0.2586700504992573,0.0,0.0
339.58334,1.0,0.2586700504992573,88.0,4.397390858487374,1.0,0.2586700504992573,1.0,0.2586700504992573,0.0,0.0
340.035,1.0,0.2586700504992573,87.0,4.397390858487374,1.0,0.2586700504992573,1.0,0.2586700504992573,0.0,0.0
339.98334,1.0,0.2586700504992573,87.0,0.0,1.0,0.2586700504992573,1.0,0.2586700504992573,0.0,0.0
339.975,1.0,0.2585367291779944,88.0,21.200011792595543,1.0,0.2585367291779944,1.0,0.2585367291779944,0.0,0.0
340.84332,1.0,0.2585367291779944,88.0,21.200011792595543,1.0,0.2585367291779944,1.0,0.2585367291779944,0.0,0.0
340.685,1.0,0.2585367291779944,88.0,21.200011792595543,1.0,0.2585367291779944,1.0,0.2585367291779944,0.0,0.0
340.10498,1.0,0.2585367291779944,88.0,21.200011792595543,1.0,0.2585367291779944,1.0,0.2585367291779944,0.0,0.0
340.83002,1.0,0.2585367291779944,88.0,21.200011792595543,1.0,0.2585367291779944,1.0,0.2585367291779944,0.0,0.0
341.44333,1.0,0.2585367291779944,89.0,21.200011792595543,1.0,0.2585367291779944,1.0,0.2585367291779944,0.0,0.0
340.60333,1.0,0.2585367291779944,88.0,21.200011792595543,1.0,0.2585367291779944,1.0,0.2585367291779944,0.0,0.0
340.4,1.0,0.2585367291779944,88.0,21.200011792595543,1.0,0.2585367291779944,1.0,0.2585367291779944,0.0,0.0
340.06,1.0,0.2585367291779944,88.0,21.200011792595543,1.0,0.2585367291779944,1.0,0.2585367291779944,0.0,0.0
340.43665,1.0,0.2585367291779944,88.0,21.200011792595543,1.0,0.2585367291779944,1.0,0.2585367291779944,0.0,0.0
340.13165,1.0,0.2585367291779944,87.0,21.200011792595543,1.0,0.2585367291779944,1.0,0.2585367291779944,0.0,0.0
340.52167,1.0,0.2585367291779944,87.0,21.200011792595543,1.0,0.2585367291779944,1.0,0.2585367291779944,0.0,0.0
340.02832,1.0,0.2585367291779944,88.0,21.200011792595543,1.0,0.2585367291779944,1.0,0.2585367291779944,0.0,0.0
340.028,1.0,0.2585367291779944,88.0,20.94147506341755,1.0,0.2585367291779944,1.0,0.2585367291779944,0.0,0.0
339.905,1.0,0.2585367291779944,88.0,21.200011792595543,1.0,0.2585367291779944,1.0,0.2585367291779944,0.0,0.0
339.98834,1.0,0.2585367291779944,88.0,21.200011792595543,1.0,0.2585367291779944,1.0,0.2585367291779944,0.0,0.0
340.74,1.0,0.2585367291779944,88.0,21.200011792595543,1.0,0.2585367291779944,1.0,0.2585367291779944,0.0,0.0
340.16998,1.0,0.2585367291779944,88.0,21.200011792595543,1.0,0.2585367291779944,1.0,0.2585367291779944,0.0,0.0
340.46,1.0,0.2585367291779944,88.0,21.200011792595543,1.0,0.2585367291779944,1.0,0.2585367291779944,0.0,0.0
340.71832,1.0,0.2585367291779944,88.0,20.94147506341755,1.0,0.2585367291779944,1.0,0.2585367291779944,0.0,0.0
340.55334,1.0,0.2585367291779944,88.0,20.94147506341755,1.0,0.2585367291779944,1.0,0.2585367291779944,0.0,0.0
341.025,1.0,0.2585367291779944,88.0,21.458548521773537,1.0,0.2585367291779944,1.0,0.2585367291779944,0.0,0.0
341.15167,1.0,0.2585367291779944,88.0,20.94147506341755,1.0,0.2585367291779944,1.0,0.2585367291779944,0.0,0.0
341.15668,1.0,0.2585367291779944,88.0,21.200011792595543,1.0,0.2585367291779944,1.0,0.2585367291779944,0.0,0.0
341.245,1.0,0.2585367291779944,88.0,20.94147506341755,1.0,0.2585367291779944,1.0,0.2585367291779944,0.0,0.0
340.79834,1.0,0.2585367291779944,88.0,20.94147506341755,1.0,0.2585367291779944,1.0,0.2585367291779944,0.0,0.0
340.08667,1.0,0.2585367291779944,88.0,20.94147506341755,1.0,0.2585367291779944,1.0,0.2585367291779944,0.0,0.0
340.67,1.0,0.2585367291779944,88.0,20.94147506341755,1.0,0.2585367291779944,1.0,0.2585367291779944,0.0,0.0
340.025,1.0,0.2585367291779944,88.0,20.94147506341755,1.0,0.2585367291779944,1.0,0.2585367291779944,0.0,0.0
340.03668,1.0,0.2585367291779944,88.0,20.68293833423955,1.0,0.2585367291779944,1.0,0.2585367291779944,0.0,0.0
339.78168,1.0,0.2585367291779944,88.0,20.68293833423955,1.0,0.2585367291779944,1.0,0.2585367291779944,0.0,0.0
341.11667,1.0,0.2585367291779944,88.0,20.94147506341755,1.0,0.2585367291779944,1.0,0.2585367291779944,0.0,0.0
340.7083,1.0,0.2585367291779944,88.0,20.68293833423955,1.0,607.0442401099309,1.0,0.2585367291779944,0.0,0.0
341.08334,1.0,0.2585367291779944,88.0,25.078062730265458,1.0,599.2881382345911,1.0,0.2585367291779944,0.0,0.0
341.78333,1.0,0.2585367291779944,88.0,20.94147506341755,1.0,593.8588669218532,1.0,0.2585367291779944,0.0,0.0
341.60498,1.0,0.2585367291779944,88.0,20.94147506341755,1.0,593.8588669218532,1.0,0.2585367291779944,0.0,0.0
341.16833,1.0,0.2585367291779944,88.0,20.68293833423955,1.0,586.1027650465134,1.0,0.2585367291779944,0.0,0.0
341.50333,1.0,0.2585367291779944,88.0,20.68293833423955,1.0,595.9271607552771,1.0,0.2585367291779944,0.0,0.0
341.35834,1.0,0.2585367291779944,88.0,20.68293833423955,1.0,595.1515505677431,1.0,0.2585367291779944,0.0,0.0
340.885,1.0,0.2585367291779944,88.0,20.68293833423955,1.0,599.2881382345911,1.0,0.2585367291779944,0.0,0.0
342.04,1.0,0.2585367291779944,88.0,20.68293833423955,1.0,602.649115713905,1.0,0.2585367291779944,0.0,0.0
341.93832,1.0,0.2585367291779944,88.0,20.68293833423955,1.0,602.649115713905,1.0,0.2585367291779944,0.0,0.0
341.55334,1.0,0.2585367291779944,88.0,20.68293833423955,1.0,592.0491098176072,1.0,0.2585367291779944,0.0,0.0
341.825,1.0,0.2585367291779944,88.0,20.68293833423955,1.0,602.907652443083,1.0,0.2585367291779944,0.0,0.0
341.42166,1.0,0.2585367291779944,88.0,20.68293833423955,1.0,603.1661891722609,1.0,0.2585367291779944,0.0,0.0
341.52667,1.0,0.2585367291779944,88.0,20.94147506341755,1.0,597.219844401167,1.0,0.2585367291779944,0.0,0.0
341.53168,1.0,0.2585367291779944,88.0,20.68293833423955,1.0,597.9954545887011,1.0,0.2585367291779944,0.0,0.0
341.07,1.0,0.2585367291779944,88.0,20.68293833423955,1.0,667.0247612792256,1.0,0.2585367291779944,0.0,0.0
341.21832,1.0,0.2585367291779944,88.0,4.395124396025905,1.0,599.8052116929471,1.0,0.2585367291779944,0.0,0.0
340.00165,1.0,0.2585367291779944,88.0,0.0,1.0,70.06345360723648,1.0,0.2585367291779944,0.0,0.0
340.905,1.0,0.2585367291779944,88.0,0.0,1.0,0.0,1.0,0.2585367291779944,0.0,0.0
340.98834,1.0,0.2585367291779944,88.0,0.0,1.0,0.2585367291779944,1.0,0.2585367291779944,0.0,0.0
340.09167,1.0,0.2585367291779944,87.0,0.0,1.0,0.2585367291779944,1.0,0.2585367291779944,0.0,0.0
339.80835,1.0,0.2585367291779944,88.0,0.0,1.0,0.2585367291779944,1.0,0.2585367291779944,0.0,0.0
339.47333,1.0,0.2585367291779944,88.0,4.395124396025905,1.0,0.2585367291779944,1.0,0.2585367291779944,0.0,0.0
339.70334,1.0,0.2585367291779944,88.0,4.653661125203899,1.0,0.2585367291779944,1.0,0.2585367291779944,0.0,0.0
339.58334,1.0,0.2585367291779944,88.0,4.395124396025905,1.0,0.2585367291779944,1.0,0.2585367291779944,0.0,0.0
340.035,1.0,0.2585367291779944,87.0,4.395124396025905,1.0,0.2585367291779944,1.0,0.2585367291779944,0.0,0.0
339.98334,1.0,0.2585367291779944,87.0,0.0,1.0,0.2585367291779944,1.0,0.2585367291779944,0.0,0.0
339.43668,1.0,0.2585367291779944,87.0,0.0,1.0,0.2585367291779944,1.0,0.2585367291779944,0.0,0.0
340.84332,1.0,0.2583860944084455,88.0,21.18765974149253,1.0,0.2583860944084455,1.0,0.2583860944084455,0.0,0.0
340.685,1.0,0.2583860944084455,88.0,21.18765974149253,1.0,0.2583860944084455,1.0,0.2583860944084455,0.0,0.0
340.10498,1.0,0.2583860944084455,88.0,21.18765974149253,1.0,0.2583860944084455,1.0,0.2583860944084455,0.0,0.0
340.83002,1.0,0.2583860944084455,88.0,21.18765974149253,1.0,0.2583860944084455,1.0,0.2583860944084455,0.0,0.0
341.44333,1.0,0.2583860944084455,89.0,21.18765974149253,1.0,0.2583860944084455,1.0,0.2583860944084455,0.0,0.0
340.60333,1.0,0.2583860944084455,88.0,21.18765974149253,1.0,0.2583860944084455,1.0,0.2583860944084455,0.0,0.0
340.4,1.0,0.2583860944084455,88.0,21.18765974149253,1.0,0.2583860944084455,1.0,0.2583860944084455,0.0,0.0
340.06,1.0,0.2583860944084455,88.0,21.18765974149253,1.0,0.2583860944084455,1.0,0.2583860944084455,0.0,0.0
340.43665,1.0,0.2583860944084455,88.0,21.18765974149253,1.0,0.2583860944084455,1.0,0.2583860944084455,0.0,0.0
340.13165,1.0,0.2583860944084455,87.0,21.18765974149253,1.0,0.2583860944084455,1.0,0.2583860944084455,0.0,0.0
340.52167,1.0,0.2583860944084455,87.0,21.18765974149253,1.0,0.2583860944084455,1.0,0.2583860944084455,0.0,0.0
340.02832,1.0,0.2583860944084455,88.0,21.18765974149253,1.0,0.2583860944084455,1.0,0.2583860944084455,0.0,0.0
340.028,1.0,0.2583860944084455,88.0,20.929273647084088,1.0,0.2583860944084455,1.0,0.2583860944084455,0.0,0.0
339.905,1.0,0.2583860944084455,88.0,21.18765974149253,1.0,0.2583860944084455,1.0,0.2583860944084455,0.0,0.0
339.98834,1.0,0.2583860944084455,88.0,21.18765974149253,1.0,0.2583860944084455,1.0,0.2583860944084455,0.0,0.0
340.74,1.0,0.2583860944084455,88.0,21.18765974149253,1.0,0.2583860944084455,1.0,0.2583860944084455,0.0,0.0
340.16998,1.0,0.2583860944084455,88.0,21.18765974149253,1.0,0.2583860944084455,1.0,0.2583860944084455,0.0,0.0
340.46,1.0,0.2583860944084455,88.0,21.18765974149253,1.0,0.2583860944084455,1.0,0.2583860944084455,0.0,0.0
340.71832,1.0,0.2583860944084455,88.0,20.929273647084088,1.0,0.2583860944084455,1.0,0.2583860944084455,0.0,0.0
340.55334,1.0,0.2583860944084455,88.0,20.929273647084088,1.0,0.2583860944084455,1.0,0.2583860944084455,0.0,0.0
341.025,1.0,0.2583860944084455,88.0,21.44604583590098,1.0,0.2583860944084455,1.0,0.2583860944084455,0.0,0.0
341.15167,1.0,0.2583860944084455,88.0,20.929273647084088,1.0,0.2583860944084455,1.0,0.2583860944084455,0.0,0.0
341.15668,1.0,0.2583860944084455,88.0,21.18765974149253,1.0,0.2583860944084455,1.0,0.2583860944084455,0.0,0.0
341.245,1.0,0.2583860944084455,88.0,20.929273647084088,1.0,0.2583860944084455,1.0,0.2583860944084455,0.0,0.0
340.79834,1.0,0.2583860944084455,88.0,20.929273647084088,1.0,0.2583860944084455,1.0,0.2583860944084455,0.0,0.0
340.08667,1.0,0.2583860944084455,88.0,20.929273647084088,1.0,0.2583860944084455,1.0,0.2583860944084455,0.0,0.0
340.67,1.0,0.2583860944084455,88.0,20.929273647084088,1.0,0.2583860944084455,1.0,0.2583860944084455,0.0,0.0
340.025,1.0,0.2583860944084455,88.0,20.929273647084088,1.0,0.2583860944084455,1.0,0.2583860944084455,0.0,0.0
340.03668,1.0,0.2583860944084455,88.0,20.67088755267564,1.0,0.2583860944084455,1.0,0.2583860944084455,0.0,0.0
339.78168,1.0,0.2583860944084455,88.0,20.67088755267564,1.0,0.2583860944084455,1.0,0.2583860944084455,0.0,0.0
341.11667,1.0,0.2583860944084455,88.0,20.929273647084088,1.0,0.2583860944084455,1.0,0.2583860944084455,0.0,0.0
340.7083,1.0,0.2583860944084455,88.0,20.67088755267564,1.0,606.6905496710301,1.0,0.2583860944084455,0.0,0.0
341.08334,1.0,0.2583860944084455,88.0,25.063451157619216,1.0,598.9389668387767,1.0,0.2583860944084455,0.0,0.0
341.78333,1.0,0.2583860944084455,88.0,20.929273647084088,1.0,593.5128588561994,1.0,0.2583860944084455,0.0,0.0
341.60498,1.0,0.2583860944084455,88.0,20.929273647084088,1.0,593.5128588561994,1.0,0.2583860944084455,0.0,0.0
341.16833,1.0,0.2583860944084455,88.0,20.67088755267564,1.0,585.7612760239459,1.0,0.2583860944084455,0.0,0.0
341.50333,1.0,0.2583860944084455,88.0,20.67088755267564,1.0,595.5799476114669,1.0,0.2583860944084455,0.0,0.0
341.35834,1.0,0.2583860944084455,88.0,20.67088755267564,1.0,594.8047893282416,1.0,0.2583860944084455,0.0,0.0
340.885,1.0,0.2583860944084455,88.0,20.67088755267564,1.0,598.9389668387767,1.0,0.2583860944084455,0.0,0.0
342.04,1.0,0.2583860944084455,88.0,20.67088755267564,1.0,602.2979860660865,1.0,0.2583860944084455,0.0,0.0
341.93832,1.0,0.2583860944084455,88.0,20.67088755267564,1.0,602.2979860660865,1.0,0.2583860944084455,0.0,0.0
341.55334,1.0,0.2583860944084455,88.0,20.67088755267564,1.0,591.7041561953403,1.0,0.2583860944084455,0.0,0.0
341.825,1.0,0.2583860944084455,88.0,20.67088755267564,1.0,602.5563721604949,1.0,0.2583860944084455,0.0,0.0
341.42166,1.0,0.2583860944084455,88.0,20.67088755267564,1.0,602.8147582549034,1.0,0.2583860944084455,0.0,0.0
341.52667,1.0,0.2583860944084455,88.0,20.929273647084088,1.0,596.8718780835092,1.0,0.2583860944084455,0.0,0.0
341.53168,1.0,0.2583860944084455,88.0,20.67088755267564,1.0,597.6470363667345,1.0,0.2583860944084455,0.0,0.0
341.07,1.0,0.2583860944084455,88.0,20.67088755267564,1.0,666.6361235737894,1.0,0.2583860944084455,0.0,0.0
341.21832,1.0,0.2583860944084455,88.0,4.3925636049435735,1.0,599.4557390275936,1.0,0.2583860944084455,0.0,0.0
340.00165,1.0,0.2583860944084455,88.0,0.0,1.0,70.02263158468874,1.0,0.2583860944084455,0.0,0.0
340.905,1.0,0.2583860944084455,88.0,0.0,1.0,0.0,1.0,0.2583860944084455,0.0,0.0
340.98834,1.0,0.2583860944084455,88.0,0.0,1.0,0.2583860944084455,1.0,0.2583860944084455,0.0,0.0
340.09167,1.0,0.2583860944084455,87.0,0.0,1.0,0.2583860944084455,1.0,0.2583860944084455,0.0,0.0
339.80835,1.0,0.2583860944084455,88.0,0.0,1.0,0.2583860944084455,1.0,0.2583860944084455,0.0,0.0
339.47333,1.0,0.2583860944084455,88.0,4.3925636049435735,1.0,0.2583860944084455,1.0,0.2583860944084455,0.0,0.0
339.70334,1.0,0.2583860944084455,88.0,4.650949699352019,1.0,0.2583860944084455,1.0,0.2583860944084455,0.0,0.0
339.58334,1.0,0.2583860944084455,88.0,4.3925636049435735,1.0,0.2583860944084455,1.0,0.2583860944084455,0.0,0.0
340.035,1.0,0.2583860944084455,87.0,4.3925636049435735,1.0,0.2583860944084455,1.0,0.2583860944084455,0.0,0.0
339.98334,1.0,0.2583860944084455,87.0,0.0,1.0,0.2583860944084455,1.0,0.2583860944084455,0.0,0.0
339.43668,1.0,0.2583860944084455,87.0,0.0,1.0,0.2583860944084455,1.0,0.2583860944084455,0.0,0.0
339.425,1.0,0.2583860944084455,87.0,0.0,1.0,0.2583860944084455,1.0,0.2583860944084455,0.0,0.0
340.685,1.0,0.2581958343062257,88.0,21.17205841311051,1.0,0.2581958343062257,1.0,0.2581958343062257,0.0,0.0
340.10498,1.0,0.2581958343062257,88.0,21.17205841311051,1.0,0.2581958343062257,1.0,0.2581958343062257,0.0,0.0
340.83002,1.0,0.2581958343062257,88.0,21.17205841311051,1.0,0.2581958343062257,1.0,0.2581958343062257,0.0,0.0
341.44333,1.0,0.2581958343062257,89.0,21.17205841311051,1.0,0.2581958343062257,1.0,0.2581958343062257,0.0,0.0
340.60333,1.0,0.2581958343062257,88.0,21.17205841311051,1.0,0.2581958343062257,1.0,0.2581958343062257,0.0,0.0
340.4,1.0,0.2581958343062257,88.0,21.17205841311051,1.0,0.2581958343062257,1.0,0.2581958343062257,0.0,0.0
340.06,1.0,0.2581958343062257,88.0,21.17205841311051,1.0,0.2581958343062257,1.0,0.2581958343062257,0.0,0.0
340.43665,1.0,0.2581958343062257,88.0,21.17205841311051,1.0,0.2581958343062257,1.0,0.2581958343062257,0.0,0.0
340.13165,1.0,0.2581958343062257,87.0,21.17205841311051,1.0,0.2581958343062257,1.0,0.2581958343062257,0.0,0.0
340.52167,1.0,0.2581958343062257,87.0,21.17205841311051,1.0,0.2581958343062257,1.0,0.2581958343062257,0.0,0.0
340.02832,1.0,0.2581958343062257,88.0,21.17205841311051,1.0,0.2581958343062257,1.0,0.2581958343062257,0.0,0.0
340.028,1.0,0.2581958343062257,88.0,20.913862578804284,1.0,0.2581958343062257,1.0,0.2581958343062257,0.0,0.0
339.905,1.0,0.2581958343062257,88.0,21.17205841311051,1.0,0.2581958343062257,1.0,0.2581958343062257,0.0,0.0
339.98834,1.0,0.2581958343062257,88.0,21.17205841311051,1.0,0.2581958343062257,1.0,0.2581958343062257,0.0,0.0
340.74,1.0,0.2581958343062257,88.0,21.17205841311051,1.0,0.2581958343062257,1.0,0.2581958343062257,0.0,0.0
340.16998,1.0,0.2581958343062257,88.0,21.17205841311051,1.0,0.2581958343062257,1.0,0.2581958343062257,0.0,0.0
340.46,1.0,0.2581958343062257,88.0,21.17205841311051,1.0,0.2581958343062257,1.0,0.2581958343062257,0.0,0.0
340.71832,1.0,0.2581958343062257,88.0,20.913862578804284,1.0,0.2581958343062257,1.0,0.2581958343062257,0.0,0.0
340.55334,1.0,0.2581958343062257,88.0,20.913862578804284,1.0,0.2581958343062257,1.0,0.2581958343062257,0.0,0.0
341.025,1.0,0.2581958343062257,88.0,21.430254247416734,1.0,0.2581958343062257,1.0,0.2581958343062257,0.0,0.0
341.15167,1.0,0.2581958343062257,88.0,20.913862578804284,1.0,0.2581958343062257,1.0,0.2581958343062257,0.0,0.0
341.15668,1.0,0.2581958343062257,88.0,21.17205841311051,1.0,0.2581958343062257,1.0,0.2581958343062257,0.0,0.0
341.245,1.0,0.2581958343062257,88.0,20.913862578804284,1.0,0.2581958343062257,1.0,0.2581958343062257,0.0,0.0
340.79834,1.0,0.2581958343062257,88.0,20.913862578804284,1.0,0.2581958343062257,1.0,0.2581958343062257,0.0,0.0
340.08667,1.0,0.2581958343062257,88.0,20.913862578804284,1.0,0.2581958343062257,1.0,0.2581958343062257,0.0,0.0
340.67,1.0,0.2581958343062257,88.0,20.913862578804284,1.0,0.2581958343062257,1.0,0.2581958343062257,0.0,0.0
340.025,1.0,0.2581958343062257,88.0,20.913862578804284,1.0,0.2581958343062257,1.0,0.2581958343062257,0.0,0.0
340.03668,1.0,0.2581958343062257,88.0,20.655666744498056,1.0,0.2581958343062257,1.0,0.2581958343062257,0.0,0.0
339.78168,1.0,0.2581958343062257,88.0,20.655666744498056,1.0,0.2581958343062257,1.0,0.2581958343062257,0.0,0.0
341.11667,1.0,0.2581958343062257,88.0,20.913862578804284,1.0,0.2581958343062257,1.0,0.2581958343062257,0.0,0.0
340.7083,1.0,0.2581958343062257,88.0,20.655666744498056,1.0,606.243818951018,1.0,0.2581958343062257,0.0,0.0
341.08334,1.0,0.2581958343062257,88.0,25.044995927703894,1.0,598.4979439218313,1.0,0.2581958343062257,0.0,0.0
341.78333,1.0,0.2581958343062257,88.0,20.913862578804284,1.0,593.0758314014005,1.0,0.2581958343062257,0.0,0.0
341.60498,1.0,0.2581958343062257,88.0,20.913862578804284,1.0,593.0758314014005,1.0,0.2581958343062257,0.0,0.0
341.16833,1.0,0.2581958343062257,88.0,20.655666744498056,1.0,585.3299563722137,1.0,0.2581958343062257,0.0,0.0
341.50333,1.0,0.2581958343062257,88.0,20.655666744498056,1.0,595.1413980758502,1.0,0.2581958343062257,0.0,0.0
341.35834,1.0,0.2581958343062257,88.0,20.655666744498056,1.0,594.3668105729316,1.0,0.2581958343062257,0.0,0.0
340.885,1.0,0.2581958343062257,88.0,20.655666744498056,1.0,598.4979439218313,1.0,0.2581958343062257,0.0,0.0
342.04,1.0,0.2581958343062257,88.0,20.655666744498056,1.0,601.8544897678122,1.0,0.2581958343062257,0.0,0.0
341.93832,1.0,0.2581958343062257,88.0,20.655666744498056,1.0,601.8544897678122,1.0,0.2581958343062257,0.0,0.0
341.55334,1.0,0.2581958343062257,88.0,20.655666744498056,1.0,591.2684605612569,1.0,0.2581958343062257,0.0,0.0
341.825,1.0,0.2581958343062257,88.0,20.655666744498056,1.0,602.1126856021184,1.0,0.2581958343062257,0.0,0.0
341.42166,1.0,0.2581958343062257,88.0,20.655666744498056,1.0,602.3708814364246,1.0,0.2581958343062257,0.0,0.0
341.52667,1.0,0.2581958343062257,88.0,20.913862578804284,1.0,596.4323772473814,1.0,0.2581958343062257,0.0,0.0
341.53168,1.0,0.2581958343062257,88.0,20.655666744498056,1.0,597.2069647503001,1.0,0.2581958343062257,0.0,0.0
341.07,1.0,0.2581958343062257,88.0,20.655666744498056,1.0,666.1452525100624,1.0,0.2581958343062257,0.0,0.0
341.21832,1.0,0.2581958343062257,88.0,4.389329183205837,1.0,599.0143355904437,1.0,0.2581958343062257,0.0,0.0
340.00165,1.0,0.2581958343062257,88.0,0.0,1.0,69.97107109698717,1.0,0.2581958343062257,0.0,0.0
340.905,1.0,0.2581958343062257,88.0,0.0,1.0,0.0,1.0,0.2581958343062257,0.0,0.0
340.98834,1.0,0.2581958343062257,88.0,0.0,1.0,0.2581958343062257,1.0,0.2581958343062257,0.0,0.0
340.09167,1.0,0.2581958343062257,87.0,0.0,1.0,0.2581958343062257,1.0,0.2581958343062257,0.0,0.0
339.80835,1.0,0.2581958343062257,88.0,0.0,1.0,0.2581958343062257,1.0,0.2581958343062257,0.0,0.0
339.47333,1.0,0.2581958343062257,88.0,4.389329183205837,1.0,0.2581958343062257,1.0,0.2581958343062257,0.0,0.0
339.70334,1.0,0.2581958343062257,88.0,4.647525017512063,1.0,0.2581958343062257,1.0,0.2581958343062257,0.0,0.0
339.58334,1.0,0.2581958343062257,88.0,4.389329183205837,1.0,0.2581958343062257,1.0,0.2581958343062257,0.0,0.0
340.035,1.0,0.2581958343062257,87.0,4.389329183205837,1.0,0.2581958343062257,1.0,0.2581958343062257,0.0,0.0
339.98334,1.0,0.2581958343062257,87.0,0.0,1.0,0.2581958343062257,1.0,0.2581958343062257,0.0,0.0
339.43668,1.0,0.2581958343062257,87.0,0.0,1.0,0.2581958343062257,1.0,0.2581958343062257,0.0,0.0
339.425,1.0,0.2581958343062257,87.0,0.0,1.0,0.2581958343062257,1.0,0.2581958343062257,0.0,0.0
339.82,1.0,0.2581958343062257,88.0,0.0,1.0,0.2581958343062257,1.0,0.2581958343062257,0.0,0.0
340.10498,1.0,0.25798156680591894,88.0,21.15448847808535,1.0,0.25798156680591894,1.0,0.25798156680591894,0.0,0.0
340.83002,1.0,0.25798156680591894,88.0,21.15448847808535,1.0,0.25798156680591894,1.0,0.25798156680591894,0.0,0.0
341.44333,1.0,0.25798156680591894,89.0,21.15448847808535,1.0,0.25798156680591894,1.0,0.25798156680591894,0.0,0.0
340.60333,1.0,0.25798156680591894,88.0,21.15448847808535,1.0,0.25798156680591894,1.0,0.25798156680591894,0.0,0.0
340.4,1.0,0.25798156680591894,88.0,21.15448847808535,1.0,0.25798156680591894,1.0,0.25798156680591894,0.0,0.0
340.06,1.0,0.25798156680591894,88.0,21.15448847808535,1.0,0.25798156680591894,1.0,0.25798156680591894,0.0,0.0
340.43665,1.0,0.25798156680591894,88.0,21.15448847808535,1.0,0.25798156680591894,1.0,0.25798156680591894,0.0,0.0
340.13165,1.0,0.25798156680591894,87.0,21.15448847808535,1.0,0.25798156680591894,1.0,0.25798156680591894,0.0,0.0
340.52167,1.0,0.25798156680591894,87.0,21.15448847808535,1.0,0.25798156680591894,1.0,0.25798156680591894,0.0,0.0
340.02832,1.0,0.25798156680591894,88.0,21.15448847808535,1.0,0.25798156680591894,1.0,0.25798156680591894,0.0,0.0
340.028,1.0,0.25798156680591894,88.0,20.896506911279435,1.0,0.25798156680591894,1.0,0.25798156680591894,0.0,0.0
339.905,1.0,0.25798156680591894,88.0,21.15448847808535,1.0,0.25798156680591894,1.0,0.25798156680591894,0.0,0.0
339.98834,1.0,0.25798156680591894,88.0,21.15448847808535,1.0,0.25798156680591894,1.0,0.25798156680591894,0.0,0.0
340.74,1.0,0.25798156680591894,88.0,21.15448847808535,1.0,0.25798156680591894,1.0,0.25798156680591894,0.0,0.0
340.16998,1.0,0.25798156680591894,88.0,21.15448847808535,1.0,0.25798156680591894,1.0,0.25798156680591894,0.0,0.0
340.46,1.0,0.25798156680591894,88.0,21.15448847808535,1.0,0.25798156680591894,1.0,0.25798156680591894,0.0,0.0
340.71832,1.0,0.25798156680591894,88.0,20.896506911279435,1.0,0.25798156680591894,1.0,0.25798156680591894,0.0,0.0
340.55334,1.0,0.25798156680591894,88.0,20.896506911279435,1.0,0.25798156680591894,1.0,0.25798156680591894,0.0,0.0
341.025,1.0,0.25798156680591894,88.0,21.412470044891272,1.0,0.25798156680591894,1.0,0.25798156680591894,0.0,0.0
341.15167,1.0,0.25798156680591894,88.0,20.896506911279435,1.0,0.25798156680591894,1.0,0.25798156680591894,0.0,0.0
341.15668,1.0,0.25798156680591894,88.0,21.15448847808535,1.0,0.25798156680591894,1.0,0.25798156680591894,0.0,0.0
341.245,1.0,0.25798156680591894,88.0,20.896506911279435,1.0,0.25798156680591894,1.0,0.25798156680591894,0.0,0.0
340.79834,1.0,0.25798156680591894,88.0,20.896506911279435,1.0,0.25798156680591894,1.0,0.25798156680591894,0.0,0.0
340.08667,1.0,0.25798156680591894,88.0,20.896506911279435,1.0,0.25798156680591894,1.0,0.25798156680591894,0.0,0.0
340.67,1.0,0.25798156680591894,88.0,20.896506911279435,1.0,0.25798156680591894,1.0,0.25798156680591894,0.0,0.0
340.025,1.0,0.25798156680591894,88.0,20.896506911279435,1.0,0.25798156680591894,1.0,0.25798156680591894,0.0,0.0
340.03668,1.0,0.25798156680591894,88.0,20.638525344473514,1.0,0.25798156680591894,1.0,0.25798156680591894,0.0,0.0
339.78168,1.0,0.25798156680591894,88.0,20.638525344473514,1.0,0.25798156680591894,1.0,0.25798156680591894,0.0,0.0
341.11667,1.0,0.25798156680591894,88.0,20.896506911279435,1.0,0.25798156680591894,1.0,0.25798156680591894,0.0,0.0
340.7083,1.0,0.25798156680591894,88.0,20.638525344473514,1.0,605.7407188602976,1.0,0.25798156680591894,0.0,0.0
341.08334,1.0,0.25798156680591894,88.0,25.024211980174137,1.0,598.0012718561201,1.0,0.25798156680591894,0.0,0.0
341.78333,1.0,0.25798156680591894,88.0,20.896506911279435,1.0,592.5836589531958,1.0,0.25798156680591894,0.0,0.0
341.60498,1.0,0.25798156680591894,88.0,20.896506911279435,1.0,592.5836589531958,1.0,0.25798156680591894,0.0,0.0
341.16833,1.0,0.25798156680591894,88.0,20.638525344473514,1.0,584.8442119490182,1.0,0.25798156680591894,0.0,0.0
341.50333,1.0,0.25798156680591894,88.0,20.638525344473514,1.0,594.6475114876431,1.0,0.25798156680591894,0.0,0.0
341.35834,1.0,0.25798156680591894,88.0,20.638525344473514,1.0,593.8735667872254,1.0,0.25798156680591894,0.0,0.0
340.885,1.0,0.25798156680591894,88.0,20.638525344473514,1.0,598.0012718561201,1.0,0.25798156680591894,0.0,0.0
342.04,1.0,0.25798156680591894,88.0,20.638525344473514,1.0,601.355032224597,1.0,0.25798156680591894,0.0,0.0
341.93832,1.0,0.25798156680591894,88.0,20.638525344473514,1.0,601.355032224597,1.0,0.25798156680591894,0.0,0.0
341.55334,1.0,0.25798156680591894,88.0,20.638525344473514,1.0,590.7777879855544,1.0,0.25798156680591894,0.0,0.0
341.825,1.0,0.25798156680591894,88.0,20.638525344473514,1.0,601.613013791403,1.0,0.25798156680591894,0.0,0.0
341.42166,1.0,0.25798156680591894,88.0,20.638525344473514,1.0,601.8709953582089,1.0,0.25798156680591894,0.0,0.0
341.52667,1.0,0.25798156680591894,88.0,20.896506911279435,1.0,595.9374193216728,1.0,0.25798156680591894,0.0,0.0
341.53168,1.0,0.25798156680591894,88.0,20.638525344473514,1.0,596.7113640220905,1.0,0.25798156680591894,0.0,0.0
341.07,1.0,0.25798156680591894,88.0,20.638525344473514,1.0,665.5924423592709,1.0,0.25798156680591894,0.0,0.0
341.21832,1.0,0.25798156680591894,88.0,4.385686635700622,1.0,598.517234989732,1.0,0.25798156680591894,0.0,0.0
340.00165,1.0,0.25798156680591894,88.0,0.0,1.0,69.91300460440404,1.0,0.25798156680591894,0.0,0.0
340.905,1.0,0.25798156680591894,88.0,0.0,1.0,0.0,1.0,0.25798156680591894,0.0,0.0
340.98834,1.0,0.25798156680591894,88.0,0.0,1.0,0.25798156680591894,1.0,0.25798156680591894,0.0,0.0
340.09167,1.0,0.25798156680591894,87.0,0.0,1.0,0.25798156680591894,1.0,0.25798156680591894,0.0,0.0
339.80835,1.0,0.25798156680591894,88.0,0.0,1.0,0.25798156680591894,1.0,0.25798156680591894,0.0,0.0
339.47333,1.0,0.25798156680591894,88.0,4.385686635700622,1.0,0.25798156680591894,1.0,0.25798156680591894,0.0,0.0
339.70334,1.0,0.25798156680591894,88.0,4.643668202506541,1.0,0.25798156680591894,1.0,0.25798156680591894,0.0,0.0
339.58334,1.0,0.25798156680591894,88.0,4.385686635700622,1.0,0.25798156680591894,1.0,0.25798156680591894,0.0,0.0
340.035,1.0,0.25798156680591894,87.0,4.385686635700622,1.0,0.25798156680591894,1.0,0.25798156680591894,0.0,0.0
339.98334,1.0,0.25798156680591894,87.0,0.0,1.0,0.25798156680591894,1.0,0.25798156680591894,0.0,0.0
339.43668,1.0,0.25798156680591894,87.0,0.0,1.0,0.25798156680591894,1.0,0.25798156680591894,0.0,0.0
339.425,1.0,0.25798156680591894,87.0,0.0,1.0,0.25798156680591894,1.0,0.25798156680591894,0.0,0.0
339.82,1.0,0.25798156680591894,88.0,0.0,1.0,0.25798156680591894,1.0,0.25798156680591894,0.0,0.0
340.33,1.0,0.25798156680591894,88.0,0.0,1.0,0.25798156680591894,1.0,0.25798156680591894,0.0,0.0
340.83002,1.0,0.2577241527919187,88.0,21.13338052893733,1.0,0.2577241527919187,1.0,0.2577241527919187,0.0,0.0
341.44333,1.0,0.2577241527919187,89.0,21.13338052893733,1.0,0.2577241527919187,1.0,0.2577241527919187,0.0,0.0
340.60333,1.0,0.2577241527919187,88.0,21.13338052893733,1.0,0.2577241527919187,1.0,0.2577241527919187,0.0,0.0
340.4,1.0,0.2577241527919187,88.0,21.13338052893733,1.0,0.2577241527919187,1.0,0.2577241527919187,0.0,0.0
340.06,1.0,0.2577241527919187,88.0,21.13338052893733,1.0,0.2577241527919187,1.0,0.2577241527919187,0.0,0.0
340.43665,1.0,0.2577241527919187,88.0,21.13338052893733,1.0,0.2577241527919187,1.0,0.2577241527919187,0.0,0.0
340.13165,1.0,0.2577241527919187,87.0,21.13338052893733,1.0,0.2577241527919187,1.0,0.2577241527919187,0.0,0.0
340.52167,1.0,0.2577241527919187,87.0,21.13338052893733,1.0,0.2577241527919187,1.0,0.2577241527919187,0.0,0.0
340.02832,1.0,0.2577241527919187,88.0,21.13338052893733,1.0,0.2577241527919187,1.0,0.2577241527919187,0.0,0.0
340.028,1.0,0.2577241527919187,88.0,20.875656376145415,1.0,0.2577241527919187,1.0,0.2577241527919187,0.0,0.0
339.905,1.0,0.2577241527919187,88.0,21.13338052893733,1.0,0.2577241527919187,1.0,0.2577241527919187,0.0,0.0
339.98834,1.0,0.2577241527919187,88.0,21.13338052893733,1.0,0.2577241527919187,1.0,0.2577241527919187,0.0,0.0
340.74,1.0,0.2577241527919187,88.0,21.13338052893733,1.0,0.2577241527919187,1.0,0.2577241527919187,0.0,0.0
340.16998,1.0,0.2577241527919187,88.0,21.13338052893733,1.0,0.2577241527919187,1.0,0.2577241527919187,0.0,0.0
340.46,1.0,0.2577241527919187,88.0,21.13338052893733,1.0,0.2577241527919187,1.0,0.2577241527919187,0.0,0.0
340.71832,1.0,0.2577241527919187,88.0,20.875656376145415,1.0,0.2577241527919187,1.0,0.2577241527919187,0.0,0.0
340.55334,1.0,0.2577241527919187,88.0,20.875656376145415,1.0,0.2577241527919187,1.0,0.2577241527919187,0.0,0.0
341.025,1.0,0.2577241527919187,88.0,21.39110468172925,1.0,0.2577241527919187,1.0,0.2577241527919187,0.0,0.0
341.15167,1.0,0.2577241527919187,88.0,20.875656376145415,1.0,0.2577241527919187,1.0,0.2577241527919187,0.0,0.0
341.15668,1.0,0.2577241527919187,88.0,21.13338052893733,1.0,0.2577241527919187,1.0,0.2577241527919187,0.0,0.0
341.245,1.0,0.2577241527919187,88.0,20.875656376145415,1.0,0.2577241527919187,1.0,0.2577241527919187,0.0,0.0
340.79834,1.0,0.2577241527919187,88.0,20.875656376145415,1.0,0.2577241527919187,1.0,0.2577241527919187,0.0,0.0
340.08667,1.0,0.2577241527919187,88.0,20.875656376145415,1.0,0.2577241527919187,1.0,0.2577241527919187,0.0,0.0
340.67,1.0,0.2577241527919187,88.0,20.875656376145415,1.0,0.2577241527919187,1.0,0.2577241527919187,0.0,0.0
340.025,1.0,0.2577241527919187,88.0,20.875656376145415,1.0,0.2577241527919187,1.0,0.2577241527919187,0.0,0.0
340.03668,1.0,0.2577241527919187,88.0,20.617932223353495,1.0,0.2577241527919187,1.0,0.2577241527919187,0.0,0.0
339.78168,1.0,0.2577241527919187,88.0,20.617932223353495,1.0,0.2577241527919187,1.0,0.2577241527919187,0.0,0.0
341.11667,1.0,0.2577241527919187,88.0,20.875656376145415,1.0,0.2577241527919187,1.0,0.2577241527919187,0.0,0.0
340.7083,1.0,0.2577241527919187,88.0,20.617932223353495,1.0,605.136310755425,1.0,0.2577241527919187,0.0,0.0
341.08334,1.0,0.2577241527919187,88.0,24.99924282081611,1.0,597.4045861716675,1.0,0.2577241527919187,0.0,0.0
341.78333,1.0,0.2577241527919187,88.0,20.875656376145415,1.0,591.9923789630373,1.0,0.2577241527919187,0.0,0.0
341.60498,1.0,0.2577241527919187,88.0,20.875656376145415,1.0,591.9923789630373,1.0,0.2577241527919187,0.0,0.0
341.16833,1.0,0.2577241527919187,88.0,20.617932223353495,1.0,584.2606543792797,1.0,0.2577241527919187,0.0,0.0
341.50333,1.0,0.2577241527919187,88.0,20.617932223353495,1.0,594.0541721853725,1.0,0.2577241527919187,0.0,0.0
341.35834,1.0,0.2577241527919187,88.0,20.617932223353495,1.0,593.2809997269968,1.0,0.2577241527919187,0.0,0.0
340.885,1.0,0.2577241527919187,88.0,20.617932223353495,1.0,597.4045861716675,1.0,0.2577241527919187,0.0,0.0
342.04,1.0,0.2577241527919187,88.0,20.617932223353495,1.0,600.7550001579624,1.0,0.2577241527919187,0.0,0.0
341.93832,1.0,0.2577241527919187,88.0,20.617932223353495,1.0,600.7550001579624,1.0,0.2577241527919187,0.0,0.0
341.55334,1.0,0.2577241527919187,88.0,20.617932223353495,1.0,590.1883098934937,1.0,0.2577241527919187,0.0,0.0
341.825,1.0,0.2577241527919187,88.0,20.617932223353495,1.0,601.0127243107544,1.0,0.2577241527919187,0.0,0.0
341.42166,1.0,0.2577241527919187,88.0,20.617932223353495,1.0,601.2704484635462,1.0,0.2577241527919187,0.0,0.0
341.52667,1.0,0.2577241527919187,88.0,20.875656376145415,1.0,595.3427929493322,1.0,0.2577241527919187,0.0,0.0
341.53168,1.0,0.2577241527919187,88.0,20.617932223353495,1.0,596.1159654077079,1.0,0.2577241527919187,0.0,0.0
341.07,1.0,0.2577241527919187,88.0,20.617932223353495,1.0,664.9283142031502,1.0,0.2577241527919187,0.0,0.0
341.21832,1.0,0.2577241527919187,88.0,4.381310597462617,1.0,597.9200344772513,1.0,0.2577241527919187,0.0,0.0
340.00165,1.0,0.2577241527919187,88.0,0.0,1.0,69.84324540660997,1.0,0.2577241527919187,0.0,0.0
340.905,1.0,0.2577241527919187,88.0,0.0,1.0,0.0,1.0,0.2577241527919187,0.0,0.0
340.98834,1.0,0.2577241527919187,88.0,0.0,1.0,0.2577241527919187,1.0,0.2577241527919187,0.0,0.0
340.09167,1.0,0.2577241527919187,87.0,0.0,1.0,0.2577241527919187,1.0,0.2577241527919187,0.0,0.0
339.80835,1.0,0.2577241527919187,88.0,0.0,1.0,0.2577241527919187,1.0,0.2577241527919187,0.0,0.0
339.47333,1.0,0.2577241527919187,88.0,4.381310597462617,1.0,0.2577241527919187,1.0,0.2577241527919187,0.0,0.0
339.70334,1.0,0.2577241527919187,88.0,4.639034750254536,1.0,0.2577241527919187,1.0,0.2577241527919187,0.0,0.0
339.58334,1.0,0.2577241527919187,88.0,4.381310597462617,1.0,0.2577241527919187,1.0,0.2577241527919187,0.0,0.0
340.035,1.0,0.2577241527919187,87.0,4.381310597462617,1.0,0.2577241527919187,1.0,0.2577241527919187,0.0,0.0
339.98334,1.0,0.2577241527919187,87.0,0.0,1.0,0.2577241527919187,1.0,0.2577241527919187,0.0,0.0
339.43668,1.0,0.2577241527919187,87.0,0.0,1.0,0.2577241527919187,1.0,0.2577241527919187,0.0,0.0
339.425,1.0,0.2577241527919187,87.0,0.0,1.0,0.2577241527919187,1.0,0.2577241527919187,0.0,0.0
339.82,1.0,0.2577241527919187,88.0,0.0,1.0,0.2577241527919187,1.0,0.2577241527919187,0.0,0.0
340.33,1.0,0.2577241527919187,88.0,0.0,1.0,0.2577241527919187,1.0,0.2577241527919187,0.0,0.0
340.31668,1.0,0.2577241527919187,88.0,0.0,1.0,0.2577241527919187,1.0,0.2577241527919187,0.0,0.0
341.44333,1.0,0.25750862089477694,89.0,21.11570691337171,1.0,0.25750862089477694,1.0,0.25750862089477694,0.0,0.0
340.60333,1.0,0.25750862089477694,88.0,21.11570691337171,1.0,0.25750862089477694,1.0,0.25750862089477694,0.0,0.0
340.4,1.0,0.25750862089477694,88.0,21.11570691337171,1.0,0.25750862089477694,1.0,0.25750862089477694,0.0,0.0
340.06,1.0,0.25750862089477694,88.0,21.11570691337171,1.0,0.25750862089477694,1.0,0.25750862089477694,0.0,0.0
340.43665,1.0,0.25750862089477694,88.0,21.11570691337171,1.0,0.25750862089477694,1.0,0.25750862089477694,0.0,0.0
340.13165,1.0,0.25750862089477694,87.0,21.11570691337171,1.0,0.25750862089477694,1.0,0.25750862089477694,0.0,0.0
340.52167,1.0,0.25750862089477694,87.0,21.11570691337171,1.0,0.25750862089477694,1.0,0.25750862089477694,0.0,0.0
340.02832,1.0,0.25750862089477694,88.0,21.11570691337171,1.0,0.25750862089477694,1.0,0.25750862089477694,0.0,0.0
340.028,1.0,0.25750862089477694,88.0,20.85819829247693,1.0,0.25750862089477694,1.0,0.25750862089477694,0.0,0.0
339.905,1.0,0.25750862089477694,88.0,21.11570691337171,1.0,0.25750862089477694,1.0,0.25750862089477694,0.0,0.0
339.98834,1.0,0.25750862089477694,88.0,21.11570691337171,1.0,0.25750862089477694,1.0,0.25750862089477694,0.0,0.0
340.74,1.0,0.25750862089477694,88.0,21.11570691337171,1.0,0.25750862089477694,1.0,0.25750862089477694,0.0,0.0
340.16998,1.0,0.25750862089477694,88.0,21.11570691337171,1.0,0.25750862089477694,1.0,0.25750862089477694,0.0,0.0
340.46,1.0,0.25750862089477694,88.0,21.11570691337171,1.0,0.25750862089477694,1.0,0.25750862089477694,0.0,0.0
340.71832,1.0,0.25750862089477694,88.0,20.85819829247693,1.0,0.25750862089477694,1.0,0.25750862089477694,0.0,0.0
340.55334,1.0,0.25750862089477694,88.0,20.85819829247693,1.0,0.25750862089477694,1.0,0.25750862089477694,0.0,0.0
341.025,1.0,0.25750862089477694,88.0,21.373215534266485,1.0,0.25750862089477694,1.0,0.25750862089477694,0.0,0.0
341.15167,1.0,0.25750862089477694,88.0,20.85819829247693,1.0,0.25750862089477694,1.0,0.25750862089477694,0.0,0.0
341.15668,1.0,0.25750862089477694,88.0,21.11570691337171,1.0,0.25750862089477694,1.0,0.25750862089477694,0.0,0.0
341.245,1.0,0.25750862089477694,88.0,20.85819829247693,1.0,0.25750862089477694,1.0,0.25750862089477694,0.0,0.0
340.79834,1.0,0.25750862089477694,88.0,20.85819829247693,1.0,0.25750862089477694,1.0,0.25750862089477694,0.0,0.0
340.08667,1.0,0.25750862089477694,88.0,20.85819829247693,1.0,0.25750862089477694,1.0,0.25750862089477694,0.0,0.0
340.67,1.0,0.25750862089477694,88.0,20.85819829247693,1.0,0.25750862089477694,1.0,0.25750862089477694,0.0,0.0
340.025,1.0,0.25750862089477694,88.0,20.85819829247693,1.0,0.25750862089477694,1.0,0.25750862089477694,0.0,0.0
340.03668,1.0,0.25750862089477694,88.0,20.600689671582156,1.0,0.25750862089477694,1.0,0.25750862089477694,0.0,0.0
339.78168,1.0,0.25750862089477694,88.0,20.600689671582156,1.0,0.25750862089477694,1.0,0.25750862089477694,0.0,0.0
341.11667,1.0,0.25750862089477694,88.0,20.85819829247693,1.0,0.25750862089477694,1.0,0.25750862089477694,0.0,0.0
340.7083,1.0,0.25750862089477694,88.0,20.600689671582156,1.0,604.6302418609363,1.0,0.25750862089477694,0.0,0.0
341.08334,1.0,0.25750862089477694,88.0,24.978336226793363,1.0,596.9049832340929,1.0,0.25750862089477694,0.0,0.0
341.78333,1.0,0.25750862089477694,88.0,20.85819829247693,1.0,591.4973021953026,1.0,0.25750862089477694,0.0,0.0
341.60498,1.0,0.25750862089477694,88.0,20.85819829247693,1.0,591.4973021953026,1.0,0.25750862089477694,0.0,0.0
341.16833,1.0,0.25750862089477694,88.0,20.600689671582156,1.0,583.7720435684594,1.0,0.25750862089477694,0.0,0.0
341.50333,1.0,0.25750862089477694,88.0,20.600689671582156,1.0,593.5573711624609,1.0,0.25750862089477694,0.0,0.0
341.35834,1.0,0.25750862089477694,88.0,20.600689671582156,1.0,592.7848452997765,1.0,0.25750862089477694,0.0,0.0
340.885,1.0,0.25750862089477694,88.0,20.600689671582156,1.0,596.9049832340929,1.0,0.25750862089477694,0.0,0.0
342.04,1.0,0.25750862089477694,88.0,20.600689671582156,1.0,600.2525953057251,1.0,0.25750862089477694,0.0,0.0
341.93832,1.0,0.25750862089477694,88.0,20.600689671582156,1.0,600.2525953057251,1.0,0.25750862089477694,0.0,0.0
341.55334,1.0,0.25750862089477694,88.0,20.600689671582156,1.0,589.6947418490392,1.0,0.25750862089477694,0.0,0.0
341.825,1.0,0.25750862089477694,88.0,20.600689671582156,1.0,600.5101039266199,1.0,0.25750862089477694,0.0,0.0
341.42166,1.0,0.25750862089477694,88.0,20.600689671582156,1.0,600.7676125475147,1.0,0.25750862089477694,0.0,0.0
341.52667,1.0,0.25750862089477694,88.0,20.85819829247693,1.0,594.8449142669348,1.0,0.25750862089477694,0.0,0.0
341.53168,1.0,0.25750862089477694,88.0,20.600689671582156,1.0,595.617440129619,1.0,0.25750862089477694,0.0,0.0
341.07,1.0,0.25750862089477694,88.0,20.600689671582156,1.0,664.3722419085245,1.0,0.25750862089477694,0.0,0.0
341.21832,1.0,0.25750862089477694,88.0,4.377646555211208,1.0,597.4200004758825,1.0,0.25750862089477694,0.0,0.0
340.00165,1.0,0.25750862089477694,88.0,0.0,1.0,69.78483626248455,1.0,0.25750862089477694,0.0,0.0
340.905,1.0,0.25750862089477694,88.0,0.0,1.0,0.0,1.0,0.25750862089477694,0.0,0.0
340.98834,1.0,0.25750862089477694,88.0,0.0,1.0,0.25750862089477694,1.0,0.25750862089477694,0.0,0.0
340.09167,1.0,0.25750862089477694,87.0,0.0,1.0,0.25750862089477694,1.0,0.25750862089477694,0.0,0.0
339.80835,1.0,0.25750862089477694,88.0,0.0,1.0,0.25750862089477694,1.0,0.25750862089477694,0.0,0.0
339.47333,1.0,0.25750862089477694,88.0,4.377646555211208,1.0,0.25750862089477694,1.0,0.25750862089477694,0.0,0.0
339.70334,1.0,0.25750862089477694,88.0,4.635155176105985,1.0,0.25750862089477694,1.0,0.25750862089477694,0.0,0.0
339.58334,1.0,0.25750862089477694,88.0,4.377646555211208,1.0,0.25750862089477694,1.0,0.25750862089477694,0.0,0.0
340.035,1.0,0.25750862089477694,87.0,4.377646555211208,1.0,0.25750862089477694,1.0,0.25750862089477694,0.0,0.0
339.98334,1.0,0.25750862089477694,87.0,0.0,1.0,0.25750862089477694,1.0,0.25750862089477694,0.0,0.0
339.43668,1.0,0.25750862089477694,87.0,0.0,1.0,0.25750862089477694,1.0,0.25750862089477694,0.0,0.0
339.425,1.0,0.25750862089477694,87.0,0.0,1.0,0.25750862089477694,1.0,0.25750862089477694,0.0,0.0
339.82,1.0,0.25750862089477694,88.0,0.0,1.0,0.25750862089477694,1.0,0.25750862089477694,0.0,0.0
340.33,1.0,0.25750862089477694,88.0,0.0,1.0,0.25750862089477694,1.0,0.25750862089477694,0.0,0.0
340.31668,1.0,0.25750862089477694,88.0,0.0,1.0,0.25750862089477694,1.0,0.25750862089477694,0.0,0.0
339.18167,1.0,0.25750862089477694,88.0,0.0,1.0,0.25750862089477694,1.0,0.25750862089477694,0.0,0.0
340.60333,1.0,0.25734297082247504,88.0,21.10212360744295,1.0,0.25734297082247504,1.0,0.25734297082247504,0.0,0.0
340.4,1.0,0.25734297082247504,88.0,21.10212360744295,1.0,0.25734297082247504,1.0,0.25734297082247504,0.0,0.0
340.06,1.0,0.25734297082247504,88.0,21.10212360744295,1.0,0.25734297082247504,1.0,0.25734297082247504,0.0,0.0
340.43665,1.0,0.25734297082247504,88.0,21.10212360744295,1.0,0.25734297082247504,1.0,0.25734297082247504,0.0,0.0
340.13165,1.0,0.25734297082247504,87.0,21.10212360744295,1.0,0.25734297082247504,1.0,0.25734297082247504,0.0,0.0
340.52167,1.0,0.25734297082247504,87.0,21.10212360744295,1.0,0.25734297082247504,1.0,0.25734297082247504,0.0,0.0
340.02832,1.0,0.25734297082247504,88.0,21.10212360744295,1.0,0.25734297082247504,1.0,0.25734297082247504,0.0,0.0
340.028,1.0,0.25734297082247504,88.0,20.844780636620477,1.0,0.25734297082247504,1.0,0.25734297082247504,0.0,0.0
339.905,1.0,0.25734297082247504,88.0,21.10212360744295,1.0,0.25734297082247504,1.0,0.25734297082247504,0.0,0.0
339.98834,1.0,0.25734297082247504,88.0,21.10212360744295,1.0,0.25734297082247504,1.0,0.25734297082247504,0.0,0.0
340.74,1.0,0.25734297082247504,88.0,21.10212360744295,1.0,0.25734297082247504,1.0,0.25734297082247504,0.0,0.0
340.16998,1.0,0.25734297082247504,88.0,21.10212360744295,1.0,0.25734297082247504,1.0,0.25734297082247504,0.0,0.0
340.46,1.0,0.25734297082247504,88.0,21.10212360744295,1.0,0.25734297082247504,1.0,0.25734297082247504,0.0,0.0
340.71832,1.0,0.25734297082247504,88.0,20.844780636620477,1.0,0.25734297082247504,1.0,0.25734297082247504,0.0,0.0
340.55334,1.0,0.25734297082247504,88.0,20.844780636620477,1.0,0.25734297082247504,1.0,0.25734297082247504,0.0,0.0
341.025,1.0,0.25734297082247504,88.0,21.35946657826543,1.0,0.25734297082247504,1.0,0.25734297082247504,0.0,0.0
341.15167,1.0,0.25734297082247504,88.0,20.844780636620477,1.0,0.25734297082247504,1.0,0.25734297082247504,0.0,0.0
341.15668,1.0,0.25734297082247504,88.0,21.10212360744295,1.0,0.25734297082247504,1.0,0.25734297082247504,0.0,0.0
341.245,1.0,0.25734297082247504,88.0,20.844780636620477,1.0,0.25734297082247504,1.0,0.25734297082247504,0.0,0.0
340.79834,1.0,0.25734297082247504,88.0,20.844780636620477,1.0,0.25734297082247504,1.0,0.25734297082247504,0.0,0.0
340.08667,1.0,0.25734297082247504,88.0,20.844780636620477,1.0,0.25734297082247504,1.0,0.25734297082247504,0.0,0.0
340.67,1.0,0.25734297082247504,88.0,20.844780636620477,1.0,0.25734297082247504,1.0,0.25734297082247504,0.0,0.0
340.025,1.0,0.25734297082247504,88.0,20.844780636620477,1.0,0.25734297082247504,1.0,0.25734297082247504,0.0,0.0
340.03668,1.0,0.25734297082247504,88.0,20.587437665798003,1.0,0.25734297082247504,1.0,0.25734297082247504,0.0,0.0
339.78168,1.0,0.25734297082247504,88.0,20.587437665798003,1.0,0.25734297082247504,1.0,0.25734297082247504,0.0,0.0
341.11667,1.0,0.25734297082247504,88.0,20.844780636620477,1.0,0.25734297082247504,1.0,0.25734297082247504,0.0,0.0
340.7083,1.0,0.25734297082247504,88.0,20.587437665798003,1.0,604.2412954911714,1.0,0.25734297082247504,0.0,0.0
341.08334,1.0,0.25734297082247504,88.0,24.962268169780078,1.0,596.5210063664971,1.0,0.25734297082247504,0.0,0.0
341.78333,1.0,0.25734297082247504,88.0,20.844780636620477,1.0,591.1168039792252,1.0,0.25734297082247504,0.0,0.0
341.60498,1.0,0.25734297082247504,88.0,20.844780636620477,1.0,591.1168039792252,1.0,0.25734297082247504,0.0,0.0
341.16833,1.0,0.25734297082247504,88.0,20.587437665798003,1.0,583.3965148545509,1.0,0.25734297082247504,0.0,0.0
341.50333,1.0,0.25734297082247504,88.0,20.587437665798003,1.0,593.1755477458049,1.0,0.25734297082247504,0.0,0.0
341.35834,1.0,0.25734297082247504,88.0,20.587437665798003,1.0,592.4035188333376,1.0,0.25734297082247504,0.0,0.0
340.885,1.0,0.25734297082247504,88.0,20.587437665798003,1.0,596.5210063664971,1.0,0.25734297082247504,0.0,0.0
342.04,1.0,0.25734297082247504,88.0,20.587437665798003,1.0,599.8664649871893,1.0,0.25734297082247504,0.0,0.0
341.93832,1.0,0.25734297082247504,88.0,20.587437665798003,1.0,599.8664649871893,1.0,0.25734297082247504,0.0,0.0
341.55334,1.0,0.25734297082247504,88.0,20.587437665798003,1.0,589.3154031834679,1.0,0.25734297082247504,0.0,0.0
341.825,1.0,0.25734297082247504,88.0,20.587437665798003,1.0,600.1238079580118,1.0,0.25734297082247504,0.0,0.0
341.42166,1.0,0.25734297082247504,88.0,20.587437665798003,1.0,600.3811509288342,1.0,0.25734297082247504,0.0,0.0
341.52667,1.0,0.25734297082247504,88.0,20.844780636620477,1.0,594.4622625999174,1.0,0.25734297082247504,0.0,0.0
341.53168,1.0,0.25734297082247504,88.0,20.587437665798003,1.0,595.2342915123847,1.0,0.25734297082247504,0.0,0.0
341.07,1.0,0.25734297082247504,88.0,20.587437665798003,1.0,663.9448647219856,1.0,0.25734297082247504,0.0,0.0
341.21832,1.0,0.25734297082247504,88.0,4.374830503982076,1.0,597.0356923081421,1.0,0.25734297082247504,0.0,0.0
340.00165,1.0,0.25734297082247504,88.0,0.0,1.0,69.73994509289074,1.0,0.25734297082247504,0.0,0.0
340.905,1.0,0.25734297082247504,88.0,0.0,1.0,0.0,1.0,0.25734297082247504,0.0,0.0
340.98834,1.0,0.25734297082247504,88.0,0.0,1.0,0.25734297082247504,1.0,0.25734297082247504,0.0,0.0
340.09167,1.0,0.25734297082247504,87.0,0.0,1.0,0.25734297082247504,1.0,0.25734297082247504,0.0,0.0
339.80835,1.0,0.25734297082247504,88.0,0.0,1.0,0.25734297082247504,1.0,0.25734297082247504,0.0,0.0
339.47333,1.0,0.25734297082247504,88.0,4.374830503982076,1.0,0.25734297082247504,1.0,0.25734297082247504,0.0,0.0
339.70334,1.0,0.25734297082247504,88.0,4.632173474804551,1.0,0.25734297082247504,1.0,0.25734297082247504,0.0,0.0
339.58334,1.0,0.25734297082247504,88.0,4.374830503982076,1.0,0.25734297082247504,1.0,0.25734297082247504,0.0,0.0
340.035,1.0,0.25734297082247504,87.0,4.374830503982076,1.0,0.25734297082247504,1.0,0.25734297082247504,0.0,0.0
339.98334,1.0,0.25734297082247504,87.0,0.0,1.0,0.25734297082247504,1.0,0.25734297082247504,0.0,0.0
339.43668,1.0,0.25734297082247504,87.0,0.0,1.0,0.25734297082247504,1.0,0.25734297082247504,0.0,0.0
339.425,1.0,0.25734297082247504,87.0,0.0,1.0,0.25734297082247504,1.0,0.25734297082247504,0.0,0.0
339.82,1.0,0.25734297082247504,88.0,0.0,1.0,0.25734297082247504,1.0,0.25734297082247504,0.0,0.0
340.33,1.0,0.25734297082247504,88.0,0.0,1.0,0.25734297082247504,1.0,0.25734297082247504,0.0,0.0
340.31668,1.0,0.25734297082247504,88.0,0.0,1.0,0.25734297082247504,1.0,0.25734297082247504,0.0,0.0
339.18167,1.0,0.25734297082247504,88.0,0.0,1.0,0.25734297082247504,1.0,0.25734297082247504,0.0,0.0
339.93167,1.0,0.25734297082247504,88.0,0.0,1.0,0.25734297082247504,1.0,0.25734297082247504,0.0,0.0
340.4,1.0,0.2571925358408189,88.0,21.08978793894715,1.0,0.2571925358408189,1.0,0.2571925358408189,0.0,0.0
340.06,1.0,0.2571925358408189,88.0,21.08978793894715,1.0,0.2571925358408189,1.0,0.2571925358408189,0.0,0.0
340.43665,1.0,0.2571925358408189,88.0,21.08978793894715,1.0,0.2571925358408189,1.0,0.2571925358408189,0.0,0.0
340.13165,1.0,0.2571925358408189,87.0,21.08978793894715,1.0,0.2571925358408189,1.0,0.2571925358408189,0.0,0.0
340.52167,1.0,0.2571925358408189,87.0,21.08978793894715,1.0,0.2571925358408189,1.0,0.2571925358408189,0.0,0.0
340.02832,1.0,0.2571925358408189,88.0,21.08978793894715,1.0,0.2571925358408189,1.0,0.2571925358408189,0.0,0.0
340.028,1.0,0.2571925358408189,88.0,20.832595403106332,1.0,0.2571925358408189,1.0,0.2571925358408189,0.0,0.0
339.905,1.0,0.2571925358408189,88.0,21.08978793894715,1.0,0.2571925358408189,1.0,0.2571925358408189,0.0,0.0
339.98834,1.0,0.2571925358408189,88.0,21.08978793894715,1.0,0.2571925358408189,1.0,0.2571925358408189,0.0,0.0
340.74,1.0,0.2571925358408189,88.0,21.08978793894715,1.0,0.2571925358408189,1.0,0.2571925358408189,0.0,0.0
340.16998,1.0,0.2571925358408189,88.0,21.08978793894715,1.0,0.2571925358408189,1.0,0.2571925358408189,0.0,0.0
340.46,1.0,0.2571925358408189,88.0,21.08978793894715,1.0,0.2571925358408189,1.0,0.2571925358408189,0.0,0.0
340.71832,1.0,0.2571925358408189,88.0,20.832595403106332,1.0,0.2571925358408189,1.0,0.2571925358408189,0.0,0.0
340.55334,1.0,0.2571925358408189,88.0,20.832595403106332,1.0,0.2571925358408189,1.0,0.2571925358408189,0.0,0.0
341.025,1.0,0.2571925358408189,88.0,21.34698047478797,1.0,0.2571925358408189,1.0,0.2571925358408189,0.0,0.0
341.15167,1.0,0.2571925358408189,88.0,20.832595403106332,1.0,0.2571925358408189,1.0,0.2571925358408189,0.0,0.0
341.15668,1.0,0.2571925358408189,88.0,21.08978793894715,1.0,0.2571925358408189,1.0,0.2571925358408189,0.0,0.0
341.245,1.0,0.2571925358408189,88.0,20.832595403106332,1.0,0.2571925358408189,1.0,0.2571925358408189,0.0,0.0
340.79834,1.0,0.2571925358408189,88.0,20.832595403106332,1.0,0.2571925358408189,1.0,0.2571925358408189,0.0,0.0
340.08667,1.0,0.2571925358408189,88.0,20.832595403106332,1.0,0.2571925358408189,1.0,0.2571925358408189,0.0,0.0
340.67,1.0,0.2571925358408189,88.0,20.832595403106332,1.0,0.2571925358408189,1.0,0.2571925358408189,0.0,0.0
340.025,1.0,0.2571925358408189,88.0,20.832595403106332,1.0,0.2571925358408189,1.0,0.2571925358408189,0.0,0.0
340.03668,1.0,0.2571925358408189,88.0,20.575402867265513,1.0,0.2571925358408189,1.0,0.2571925358408189,0.0,0.0
339.78168,1.0,0.2571925358408189,88.0,20.575402867265513,1.0,0.2571925358408189,1.0,0.2571925358408189,0.0,0.0
341.11667,1.0,0.2571925358408189,88.0,20.832595403106332,1.0,0.2571925358408189,1.0,0.2571925358408189,0.0,0.0
340.7083,1.0,0.2571925358408189,88.0,20.575402867265513,1.0,603.8880741542428,1.0,0.2571925358408189,0.0,0.0
341.08334,1.0,0.2571925358408189,88.0,24.947675976559434,1.0,596.1722980790182,1.0,0.2571925358408189,0.0,0.0
341.78333,1.0,0.2571925358408189,88.0,20.832595403106332,1.0,590.7712548263611,1.0,0.2571925358408189,0.0,0.0
341.60498,1.0,0.2571925358408189,88.0,20.832595403106332,1.0,590.7712548263611,1.0,0.2571925358408189,0.0,0.0
341.16833,1.0,0.2571925358408189,88.0,20.575402867265513,1.0,583.0554787511364,1.0,0.2571925358408189,0.0,0.0
341.50333,1.0,0.2571925358408189,88.0,20.575402867265513,1.0,592.8287951130876,1.0,0.2571925358408189,0.0,0.0
341.35834,1.0,0.2571925358408189,88.0,20.575402867265513,1.0,592.0572175055652,1.0,0.2571925358408189,0.0,0.0
340.885,1.0,0.2571925358408189,88.0,20.575402867265513,1.0,596.1722980790182,1.0,0.2571925358408189,0.0,0.0
342.04,1.0,0.2571925358408189,88.0,20.575402867265513,1.0,599.515801044949,1.0,0.2571925358408189,0.0,0.0
341.93832,1.0,0.2571925358408189,88.0,20.575402867265513,1.0,599.515801044949,1.0,0.2571925358408189,0.0,0.0
341.55334,1.0,0.2571925358408189,88.0,20.575402867265513,1.0,588.9709070754753,1.0,0.2571925358408189,0.0,0.0
341.825,1.0,0.2571925358408189,88.0,20.575402867265513,1.0,599.7729935807897,1.0,0.2571925358408189,0.0,0.0
341.42166,1.0,0.2571925358408189,88.0,20.575402867265513,1.0,600.0301861166305,1.0,0.2571925358408189,0.0,0.0
341.52667,1.0,0.2571925358408189,88.0,20.832595403106332,1.0,594.1147577922917,1.0,0.2571925358408189,0.0,0.0
341.53168,1.0,0.2571925358408189,88.0,20.575402867265513,1.0,594.8863353998141,1.0,0.2571925358408189,0.0,0.0
341.07,1.0,0.2571925358408189,88.0,20.575402867265513,1.0,663.5567424693128,1.0,0.2571925358408189,0.0,0.0
341.21832,1.0,0.2571925358408189,88.0,4.372273109293921,1.0,596.6866831506999,1.0,0.2571925358408189,0.0,0.0
340.00165,1.0,0.2571925358408189,88.0,0.0,1.0,69.69917721286193,1.0,0.2571925358408189,0.0,0.0
340.905,1.0,0.2571925358408189,88.0,0.0,1.0,0.0,1.0,0.2571925358408189,0.0,0.0
340.98834,1.0,0.2571925358408189,88.0,0.0,1.0,0.2571925358408189,1.0,0.2571925358408189,0.0,0.0
340.09167,1.0,0.2571925358408189,87.0,0.0,1.0,0.2571925358408189,1.0,0.2571925358408189,0.0,0.0
339.80835,1.0,0.2571925358408189,88.0,0.0,1.0,0.2571925358408189,1.0,0.2571925358408189,0.0,0.0
339.47333,1.0,0.2571925358408189,88.0,4.372273109293921,1.0,0.2571925358408189,1.0,0.2571925358408189,0.0,0.0
339.70334,1.0,0.2571925358408189,88.0,4.62946564513474,1.0,0.2571925358408189,1.0,0.2571925358408189,0.0,0.0
339.58334,1.0,0.2571925358408189,88.0,4.372273109293921,1.0,0.2571925358408189,1.0,0.2571925358408189,0.0,0.0
340.035,1.0,0.2571925358408189,87.0,4.372273109293921,1.0,0.2571925358408189,1.0,0.2571925358408189,0.0,0.0
339.98334,1.0,0.2571925358408189,87.0,0.0,1.0,0.2571925358408189,1.0,0.2571925358408189,0.0,0.0
339.43668,1.0,0.2571925358408189,87.0,0.0,1.0,0.2571925358408189,1.0,0.2571925358408189,0.0,0.0
339.425,1.0,0.2571925358408189,87.0,0.0,1.0,0.2571925358408189,1.0,0.2571925358408189,0.0,0.0
339.82,1.0,0.2571925358408189,88.0,0.0,1.0,0.2571925358408189,1.0,0.2571925358408189,0.0,0.0
340.33,1.0,0.2571925358408189,88.0,0.0,1.0,0.2571925358408189,1.0,0.2571925358408189,0.0,0.0
340.31668,1.0,0.2571925358408189,88.0,0.0,1.0,0.2571925358408189,1.0,0.2571925358408189,0.0,0.0
339.18167,1.0,0.2571925358408189,88.0,0.0,1.0,0.2571925358408189,1.0,0.2571925358408189,0.0,0.0
339.93167,1.0,0.2571925358408189,88.0,0.0,1.0,0.2571925358408189,1.0,0.2571925358408189,0.0,0.0
339.91168,1.0,0.2571925358408189,88.0,0.0,1.0,0.2571925358408189,1.0,0.2571925358408189,0.0,0.0
340.06,1.0,0.25699992824385887,88.0,21.073994115996427,1.0,0.25699992824385887,1.0,0.25699992824385887,0.0,0.0
340.43665,1.0,0.25699992824385887,88.0,21.073994115996427,1.0,0.25699992824385887,1.0,0.25699992824385887,0.0,0.0
340.13165,1.0,0.25699992824385887,87.0,21.073994115996427,1.0,0.25699992824385887,1.0,0.25699992824385887,0.0,0.0
340.52167,1.0,0.25699992824385887,87.0,21.073994115996427,1.0,0.25699992824385887,1.0,0.25699992824385887,0.0,0.0
340.02832,1.0,0.25699992824385887,88.0,21.073994115996427,1.0,0.25699992824385887,1.0,0.25699992824385887,0.0,0.0
340.028,1.0,0.25699992824385887,88.0,20.816994187752567,1.0,0.25699992824385887,1.0,0.25699992824385887,0.0,0.0
339.905,1.0,0.25699992824385887,88.0,21.073994115996427,1.0,0.25699992824385887,1.0,0.25699992824385887,0.0,0.0
339.98834,1.0,0.25699992824385887,88.0,21.073994115996427,1.0,0.25699992824385887,1.0,0.25699992824385887,0.0,0.0
340.74,1.0,0.25699992824385887,88.0,21.073994115996427,1.0,0.25699992824385887,1.0,0.25699992824385887,0.0,0.0
340.16998,1.0,0.25699992824385887,88.0,21.073994115996427,1.0,0.25699992824385887,1.0,0.25699992824385887,0.0,0.0
340.46,1.0,0.25699992824385887,88.0,21.073994115996427,1.0,0.25699992824385887,1.0,0.25699992824385887,0.0,0.0
340.71832,1.0,0.25699992824385887,88.0,20.816994187752567,1.0,0.25699992824385887,1.0,0.25699992824385887,0.0,0.0
340.55334,1.0,0.25699992824385887,88.0,20.816994187752567,1.0,0.25699992824385887,1.0,0.25699992824385887,0.0,0.0
341.025,1.0,0.25699992824385887,88.0,21.330994044240285,1.0,0.25699992824385887,1.0,0.25699992824385887,0.0,0.0
341.15167,1.0,0.25699992824385887,88.0,20.816994187752567,1.0,0.25699992824385887,1.0,0.25699992824385887,0.0,0.0
341.15668,1.0,0.25699992824385887,88.0,21.073994115996427,1.0,0.25699992824385887,1.0,0.25699992824385887,0.0,0.0
341.245,1.0,0.25699992824385887,88.0,20.816994187752567,1.0,0.25699992824385887,1.0,0.25699992824385887,0.0,0.0
340.79834,1.0,0.25699992824385887,88.0,20.816994187752567,1.0,0.25699992824385887,1.0,0.25699992824385887,0.0,0.0
340.08667,1.0,0.25699992824385887,88.0,20.816994187752567,1.0,0.25699992824385887,1.0,0.25699992824385887,0.0,0.0
340.67,1.0,0.25699992824385887,88.0,20.816994187752567,1.0,0.25699992824385887,1.0,0.25699992824385887,0.0,0.0
340.025,1.0,0.25699992824385887,88.0,20.816994187752567,1.0,0.25699992824385887,1.0,0.25699992824385887,0.0,0.0
340.03668,1.0,0.25699992824385887,88.0,20.55999425950871,1.0,0.25699992824385887,1.0,0.25699992824385887,0.0,0.0
339.78168,1.0,0.25699992824385887,88.0,20.55999425950871,1.0,0.25699992824385887,1.0,0.25699992824385887,0.0,0.0
341.11667,1.0,0.25699992824385887,88.0,20.816994187752567,1.0,0.25699992824385887,1.0,0.25699992824385887,0.0,0.0
340.7083,1.0,0.25699992824385887,88.0,20.55999425950871,1.0,603.4358315165806,1.0,0.25699992824385887,0.0,0.0
341.08334,1.0,0.25699992824385887,88.0,24.92899303965431,1.0,595.7258336692648,1.0,0.25699992824385887,0.0,0.0
341.78333,1.0,0.25699992824385887,88.0,20.816994187752567,1.0,590.3288351761438,1.0,0.25699992824385887,0.0,0.0
341.60498,1.0,0.25699992824385887,88.0,20.816994187752567,1.0,590.3288351761438,1.0,0.25699992824385887,0.0,0.0
341.16833,1.0,0.25699992824385887,88.0,20.55999425950871,1.0,582.618837328828,1.0,0.25699992824385887,0.0,0.0
341.50333,1.0,0.25699992824385887,88.0,20.55999425950871,1.0,592.3848346020947,1.0,0.25699992824385887,0.0,0.0
341.35834,1.0,0.25699992824385887,88.0,20.55999425950871,1.0,591.6138348173631,1.0,0.25699992824385887,0.0,0.0
340.885,1.0,0.25699992824385887,88.0,20.55999425950871,1.0,595.7258336692648,1.0,0.25699992824385887,0.0,0.0
342.04,1.0,0.25699992824385887,88.0,20.55999425950871,1.0,599.066832736435,1.0,0.25699992824385887,0.0,0.0
341.93832,1.0,0.25699992824385887,88.0,20.55999425950871,1.0,599.066832736435,1.0,0.25699992824385887,0.0,0.0
341.55334,1.0,0.25699992824385887,88.0,20.55999425950871,1.0,588.5298356784368,1.0,0.25699992824385887,0.0,0.0
341.825,1.0,0.25699992824385887,88.0,20.55999425950871,1.0,599.3238326646789,1.0,0.25699992824385887,0.0,0.0
341.42166,1.0,0.25699992824385887,88.0,20.55999425950871,1.0,599.5808325929228,1.0,0.25699992824385887,0.0,0.0
341.52667,1.0,0.25699992824385887,88.0,20.816994187752567,1.0,593.669834243314,1.0,0.25699992824385887,0.0,0.0
341.53168,1.0,0.25699992824385887,88.0,20.55999425950871,1.0,594.4408340280455,1.0,0.25699992824385887,0.0,0.0
341.07,1.0,0.25699992824385887,88.0,20.55999425950871,1.0,663.0598148691558,1.0,0.25699992824385887,0.0,0.0
341.21832,1.0,0.25699992824385887,88.0,4.368998780145601,1.0,596.2398335257526,1.0,0.25699992824385887,0.0,0.0
340.00165,1.0,0.25699992824385887,88.0,0.0,1.0,69.64698055408576,1.0,0.25699992824385887,0.0,0.0
340.905,1.0,0.25699992824385887,88.0,0.0,1.0,0.0,1.0,0.25699992824385887,0.0,0.0
340.98834,1.0,0.25699992824385887,88.0,0.0,1.0,0.25699992824385887,1.0,0.25699992824385887,0.0,0.0
340.09167,1.0,0.25699992824385887,87.0,0.0,1.0,0.25699992824385887,1.0,0.25699992824385887,0.0,0.0
339.80835,1.0,0.25699992824385887,88.0,0.0,1.0,0.25699992824385887,1.0,0.25699992824385887,0.0,0.0
339.47333,1.0,0.25699992824385887,88.0,4.368998780145601,1.0,0.25699992824385887,1.0,0.25699992824385887,0.0,0.0
339.70334,1.0,0.25699992824385887,88.0,4.62599870838946,1.0,0.25699992824385887,1.0,0.25699992824385887,0.0,0.0
339.58334,1.0,0.25699992824385887,88.0,4.368998780145601,1.0,0.25699992824385887,1.0,0.25699992824385887,0.0,0.0
340.035,1.0,0.25699992824385887,87.0,4.368998780145601,1.0,0.25699992824385887,1.0,0.25699992824385887,0.0,0.0
339.98334,1.0,0.25699992824385887,87.0,0.0,1.0,0.25699992824385887,1.0,0.25699992824385887,0.0,0.0
339.43668,1.0,0.25699992824385887,87.0,0.0,1.0,0.25699992824385887,1.0,0.25699992824385887,0.0,0.0
339.425,1.0,0.25699992824385887,87.0,0.0,1.0,0.25699992824385887,1.0,0.25699992824385887,0.0,0.0
339.82,1.0,0.25699992824385887,88.0,0.0,1.0,0.25699992824385887,1.0,0.25699992824385887,0.0,0.0
340.33,1.0,0.25699992824385887,88.0,0.0,1.0,0.25699992824385887,1.0,0.25699992824385887,0.0,0.0
340.31668,1.0,0.25699992824385887,88.0,0.0,1.0,0.25699992824385887,1.0,0.25699992824385887,0.0,0.0
339.18167,1.0,0.25699992824385887,88.0,0.0,1.0,0.25699992824385887,1.0,0.25699992824385887,0.0,0.0
339.93167,1.0,0.25699992824385887,88.0,0.0,1.0,0.25699992824385887,1.0,0.25699992824385887,0.0,0.0
339.91168,1.0,0.25699992824385887,88.0,0.0,1.0,0.25699992824385887,1.0,0.25699992824385887,0.0,0.0
340.925,1.0,0.25699992824385887,88.0,0.0,1.0,0.25699992824385887,1.0,0.25699992824385887,0.0,0.0
340.43665,1.0,0.25685767611426924,88.0,21.06232944137008,1.0,0.25685767611426924,1.0,0.25685767611426924,0.0,0.0
340.13165,1.0,0.25685767611426924,87.0,21.06232944137008,1.0,0.25685767611426924,1.0,0.25685767611426924,0.0,0.0
340.52167,1.0,0.25685767611426924,87.0,21.06232944137008,1.0,0.25685767611426924,1.0,0.25685767611426924,0.0,0.0
340.02832,1.0,0.25685767611426924,88.0,21.06232944137008,1.0,0.25685767611426924,1.0,0.25685767611426924,0.0,0.0
340.028,1.0,0.25685767611426924,88.0,20.80547176525581,1.0,0.25685767611426924,1.0,0.25685767611426924,0.0,0.0
339.905,1.0,0.25685767611426924,88.0,21.06232944137008,1.0,0.25685767611426924,1.0,0.25685767611426924,0.0,0.0
339.98834,1.0,0.25685767611426924,88.0,21.06232944137008,1.0,0.25685767611426924,1.0,0.25685767611426924,0.0,0.0
340.74,1.0,0.25685767611426924,88.0,21.06232944137008,1.0,0.25685767611426924,1.0,0.25685767611426924,0.0,0.0
340.16998,1.0,0.25685767611426924,88.0,21.06232944137008,1.0,0.25685767611426924,1.0,0.25685767611426924,0.0,0.0
340.46,1.0,0.25685767611426924,88.0,21.06232944137008,1.0,0.25685767611426924,1.0,0.25685767611426924,0.0,0.0
340.71832,1.0,0.25685767611426924,88.0,20.80547176525581,1.0,0.25685767611426924,1.0,0.25685767611426924,0.0,0.0
340.55334,1.0,0.25685767611426924,88.0,20.80547176525581,1.0,0.25685767611426924,1.0,0.25685767611426924,0.0,0.0
341.025,1.0,0.25685767611426924,88.0,21.319187117484347,1.0,0.25685767611426924,1.0,0.25685767611426924,0.0,0.0
341.15167,1.0,0.25685767611426924,88.0,20.80547176525581,1.0,0.25685767611426924,1.0,0.25685767611426924,0.0,0.0
341.15668,1.0,0.25685767611426924,88.0,21.06232944137008,1.0,0.25685767611426924,1.0,0.25685767611426924,0.0,0.0
341.245,1.0,0.25685767611426924,88.0,20.80547176525581,1.0,0.25685767611426924,1.0,0.25685767611426924,0.0,0.0
340.79834,1.0,0.25685767611426924,88.0,20.80547176525581,1.0,0.25685767611426924,1.0,0.25685767611426924,0.0,0.0
340.08667,1.0,0.25685767611426924,88.0,20.80547176525581,1.0,0.25685767611426924,1.0,0.25685767611426924,0.0,0.0
340.67,1.0,0.25685767611426924,88.0,20.80547176525581,1.0,0.25685767611426924,1.0,0.25685767611426924,0.0,0.0
340.025,1.0,0.25685767611426924,88.0,20.80547176525581,1.0,0.25685767611426924,1.0,0.25685767611426924,0.0,0.0
340.03668,1.0,0.25685767611426924,88.0,20.548614089141537,1.0,0.25685767611426924,1.0,0.25685767611426924,0.0,0.0
339.78168,1.0,0.25685767611426924,88.0,20.548614089141537,1.0,0.25685767611426924,1.0,0.25685767611426924,0.0,0.0
341.11667,1.0,0.25685767611426924,88.0,20.80547176525581,1.0,0.25685767611426924,1.0,0.25685767611426924,0.0,0.0
340.7083,1.0,0.25685767611426924,88.0,20.548614089141537,1.0,603.1018235163042,1.0,0.25685767611426924,0.0,0.0
341.08334,1.0,0.25685767611426924,88.0,24.915194583084116,1.0,595.3960932328761,1.0,0.25685767611426924,0.0,0.0
341.78333,1.0,0.25685767611426924,88.0,20.80547176525581,1.0,590.0020820344764,1.0,0.25685767611426924,0.0,0.0
341.60498,1.0,0.25685767611426924,88.0,20.80547176525581,1.0,590.0020820344764,1.0,0.25685767611426924,0.0,0.0
341.16833,1.0,0.25685767611426924,88.0,20.548614089141537,1.0,582.2963517510484,1.0,0.25685767611426924,0.0,0.0
341.50333,1.0,0.25685767611426924,88.0,20.548614089141537,1.0,592.0569434433907,1.0,0.25685767611426924,0.0,0.0
341.35834,1.0,0.25685767611426924,88.0,20.548614089141537,1.0,591.2863704150478,1.0,0.25685767611426924,0.0,0.0
340.885,1.0,0.25685767611426924,88.0,20.548614089141537,1.0,595.3960932328761,1.0,0.25685767611426924,0.0,0.0
342.04,1.0,0.25685767611426924,88.0,20.548614089141537,1.0,598.7352430223616,1.0,0.25685767611426924,0.0,0.0
341.93832,1.0,0.25685767611426924,88.0,20.548614089141537,1.0,598.7352430223616,1.0,0.25685767611426924,0.0,0.0
341.55334,1.0,0.25685767611426924,88.0,20.548614089141537,1.0,588.2040783016765,1.0,0.25685767611426924,0.0,0.0
341.825,1.0,0.25685767611426924,88.0,20.548614089141537,1.0,598.9921006984758,1.0,0.25685767611426924,0.0,0.0
341.42166,1.0,0.25685767611426924,88.0,20.548614089141537,1.0,599.2489583745902,1.0,0.25685767611426924,0.0,0.0
341.52667,1.0,0.25685767611426924,88.0,20.80547176525581,1.0,593.341231823962,1.0,0.25685767611426924,0.0,0.0
341.53168,1.0,0.25685767611426924,88.0,20.548614089141537,1.0,594.1118048523048,1.0,0.25685767611426924,0.0,0.0
341.07,1.0,0.25685767611426924,88.0,20.548614089141537,1.0,662.6928043748146,1.0,0.25685767611426924,0.0,0.0
341.21832,1.0,0.25685767611426924,88.0,4.366580493942577,1.0,595.9098085851047,1.0,0.25685767611426924,0.0,0.0
340.00165,1.0,0.25685767611426924,88.0,0.0,1.0,69.60843022696696,1.0,0.25685767611426924,0.0,0.0
340.905,1.0,0.25685767611426924,88.0,0.0,1.0,0.0,1.0,0.25685767611426924,0.0,0.0
340.98834,1.0,0.25685767611426924,88.0,0.0,1.0,0.25685767611426924,1.0,0.25685767611426924,0.0,0.0
340.09167,1.0,0.25685767611426924,87.0,0.0,1.0,0.25685767611426924,1.0,0.25685767611426924,0.0,0.0
339.80835,1.0,0.25685767611426924,88.0,0.0,1.0,0.25685767611426924,1.0,0.25685767611426924,0.0,0.0
339.47333,1.0,0.25685767611426924,88.0,4.366580493942577,1.0,0.25685767611426924,1.0,0.25685767611426924,0.0,0.0
339.70334,1.0,0.25685767611426924,88.0,4.623438170056846,1.0,0.25685767611426924,1.0,0.25685767611426924,0.0,0.0
339.58334,1.0,0.25685767611426924,88.0,4.366580493942577,1.0,0.25685767611426924,1.0,0.25685767611426924,0.0,0.0
340.035,1.0,0.25685767611426924,87.0,4.366580493942577,1.0,0.25685767611426924,1.0,0.25685767611426924,0.0,0.0
339.98334,1.0,0.25685767611426924,87.0,0.0,1.0,0.25685767611426924,1.0,0.25685767611426924,0.0,0.0
339.43668,1.0,0.25685767611426924,87.0,0.0,1.0,0.25685767611426924,1.0,0.25685767611426924,0.0,0.0
339.425,1.0,0.25685767611426924,87.0,0.0,1.0,0.25685767611426924,1.0,0.25685767611426924,0.0,0.0
339.82,1.0,0.25685767611426924,88.0,0.0,1.0,0.25685767611426924,1.0,0.25685767611426924,0.0,0.0
340.33,1.0,0.25685767611426924,88.0,0.0,1.0,0.25685767611426924,1.0,0.25685767611426924,0.0,0.0
340.31668,1.0,0.25685767611426924,88.0,0.0,1.0,0.25685767611426924,1.0,0.25685767611426924,0.0,0.0
339.18167,1.0,0.25685767611426924,88.0,0.0,1.0,0.25685767611426924,1.0,0.25685767611426924,0.0,0.0
339.93167,1.0,0.25685767611426924,88.0,0.0,1.0,0.25685767611426924,1.0,0.25685767611426924,0.0,0.0
339.91168,1.0,0.25685767611426924,88.0,0.0,1.0,0.25685767611426924,1.0,0.25685767611426924,0.0,0.0
340.925,1.0,0.25685767611426924,88.0,0.0,1.0,0.25685767611426924,1.0,0.25685767611426924,0.0,0.0
340.53168,1.0,0.25685767611426924,87.0,4.366580493942577,1.0,0.25685767611426924,1.0,0.25685767611426924,0.0,0.0
340.13165,1.0,0.2567142303669989,87.0,21.05056689009391,1.0,0.2567142303669989,1.0,0.2567142303669989,0.0,0.0
340.52167,1.0,0.2567142303669989,87.0,21.05056689009391,1.0,0.2567142303669989,1.0,0.2567142303669989,0.0,0.0
340.02832,1.0,0.2567142303669989,88.0,21.05056689009391,1.0,0.2567142303669989,1.0,0.2567142303669989,0.0,0.0
340.028,1.0,0.2567142303669989,88.0,20.793852659726912,1.0,0.2567142303669989,1.0,0.2567142303669989,0.0,0.0
339.905,1.0,0.2567142303669989,88.0,21.05056689009391,1.0,0.2567142303669989,1.0,0.2567142303669989,0.0,0.0
339.98834,1.0,0.2567142303669989,88.0,21.05056689009391,1.0,0.2567142303669989,1.0,0.2567142303669989,0.0,0.0
340.74,1.0,0.2567142303669989,88.0,21.05056689009391,1.0,0.2567142303669989,1.0,0.2567142303669989,0.0,0.0
340.16998,1.0,0.2567142303669989,88.0,21.05056689009391,1.0,0.2567142303669989,1.0,0.2567142303669989,0.0,0.0
340.46,1.0,0.2567142303669989,88.0,21.05056689009391,1.0,0.2567142303669989,1.0,0.2567142303669989,0.0,0.0
340.71832,1.0,0.2567142303669989,88.0,20.793852659726912,1.0,0.2567142303669989,1.0,0.2567142303669989,0.0,0.0
340.55334,1.0,0.2567142303669989,88.0,20.793852659726912,1.0,0.2567142303669989,1.0,0.2567142303669989,0.0,0.0
341.025,1.0,0.2567142303669989,88.0,21.30728112046091,1.0,0.2567142303669989,1.0,0.2567142303669989,0.0,0.0
341.15167,1.0,0.2567142303669989,88.0,20.793852659726912,1.0,0.2567142303669989,1.0,0.2567142303669989,0.0,0.0
341.15668,1.0,0.2567142303669989,88.0,21.05056689009391,1.0,0.2567142303669989,1.0,0.2567142303669989,0.0,0.0
341.245,1.0,0.2567142303669989,88.0,20.793852659726912,1.0,0.2567142303669989,1.0,0.2567142303669989,0.0,0.0
340.79834,1.0,0.2567142303669989,88.0,20.793852659726912,1.0,0.2567142303669989,1.0,0.2567142303669989,0.0,0.0
340.08667,1.0,0.2567142303669989,88.0,20.793852659726912,1.0,0.2567142303669989,1.0,0.2567142303669989,0.0,0.0
340.67,1.0,0.2567142303669989,88.0,20.793852659726912,1.0,0.2567142303669989,1.0,0.2567142303669989,0.0,0.0
340.025,1.0,0.2567142303669989,88.0,20.793852659726912,1.0,0.2567142303669989,1.0,0.2567142303669989,0.0,0.0
340.03668,1.0,0.2567142303669989,88.0,20.537138429359914,1.0,0.2567142303669989,1.0,0.2567142303669989,0.0,0.0
339.78168,1.0,0.2567142303669989,88.0,20.537138429359914,1.0,0.2567142303669989,1.0,0.2567142303669989,0.0,0.0
341.11667,1.0,0.2567142303669989,88.0,20.793852659726912,1.0,0.2567142303669989,1.0,0.2567142303669989,0.0,0.0
340.7083,1.0,0.2567142303669989,88.0,20.537138429359914,1.0,602.7650129017135,1.0,0.2567142303669989,0.0,0.0
341.08334,1.0,0.2567142303669989,88.0,24.901280345598895,1.0,595.0635859907035,1.0,0.2567142303669989,0.0,0.0
341.78333,1.0,0.2567142303669989,88.0,20.793852659726912,1.0,589.6725871529965,1.0,0.2567142303669989,0.0,0.0
341.60498,1.0,0.2567142303669989,88.0,20.793852659726912,1.0,589.6725871529965,1.0,0.2567142303669989,0.0,0.0
341.16833,1.0,0.2567142303669989,88.0,20.537138429359914,1.0,581.9711602419866,1.0,0.2567142303669989,0.0,0.0
341.50333,1.0,0.2567142303669989,88.0,20.537138429359914,1.0,591.7263009959325,1.0,0.2567142303669989,0.0,0.0
341.35834,1.0,0.2567142303669989,88.0,20.537138429359914,1.0,590.9561583048315,1.0,0.2567142303669989,0.0,0.0
340.885,1.0,0.2567142303669989,88.0,20.537138429359914,1.0,595.0635859907035,1.0,0.2567142303669989,0.0,0.0
342.04,1.0,0.2567142303669989,88.0,20.537138429359914,1.0,598.4008709854745,1.0,0.2567142303669989,0.0,0.0
341.93832,1.0,0.2567142303669989,88.0,20.537138429359914,1.0,598.4008709854745,1.0,0.2567142303669989,0.0,0.0
341.55334,1.0,0.2567142303669989,88.0,20.537138429359914,1.0,587.8755875404275,1.0,0.2567142303669989,0.0,0.0
341.825,1.0,0.2567142303669989,88.0,20.537138429359914,1.0,598.6575852158414,1.0,0.2567142303669989,0.0,0.0
341.42166,1.0,0.2567142303669989,88.0,20.537138429359914,1.0,598.9142994462085,1.0,0.2567142303669989,0.0,0.0
341.52667,1.0,0.2567142303669989,88.0,20.793852659726912,1.0,593.0098721477675,1.0,0.2567142303669989,0.0,0.0
341.53168,1.0,0.2567142303669989,88.0,20.537138429359914,1.0,593.7800148388685,1.0,0.2567142303669989,0.0,0.0
341.07,1.0,0.2567142303669989,88.0,20.537138429359914,1.0,662.3227143468572,1.0,0.2567142303669989,0.0,0.0
341.21832,1.0,0.2567142303669989,88.0,4.364141916238982,1.0,595.5770144514374,1.0,0.2567142303669989,0.0,0.0
340.00165,1.0,0.2567142303669989,88.0,0.0,1.0,69.56955642945671,1.0,0.2567142303669989,0.0,0.0
340.905,1.0,0.2567142303669989,88.0,0.0,1.0,0.0,1.0,0.2567142303669989,0.0,0.0
340.98834,1.0,0.2567142303669989,88.0,0.0,1.0,0.2567142303669989,1.0,0.2567142303669989,0.0,0.0
340.09167,1.0,0.2567142303669989,87.0,0.0,1.0,0.2567142303669989,1.0,0.2567142303669989,0.0,0.0
339.80835,1.0,0.2567142303669989,88.0,0.0,1.0,0.2567142303669989,1.0,0.2567142303669989,0.0,0.0
339.47333,1.0,0.2567142303669989,88.0,4.364141916238982,1.0,0.2567142303669989,1.0,0.2567142303669989,0.0,0.0
339.70334,1.0,0.2567142303669989,88.0,4.6208561466059805,1.0,0.2567142303669989,1.0,0.2567142303669989,0.0,0.0
339.58334,1.0,0.2567142303669989,88.0,4.364141916238982,1.0,0.2567142303669989,1.0,0.2567142303669989,0.0,0.0
340.035,1.0,0.2567142303669989,87.0,4.364141916238982,1.0,0.2567142303669989,1.0,0.2567142303669989,0.0,0.0
339.98334,1.0,0.2567142303669989,87.0,0.0,1.0,0.2567142303669989,1.0,0.2567142303669989,0.0,0.0
339.43668,1.0,0.2567142303669989,87.0,0.0,1.0,0.2567142303669989,1.0,0.2567142303669989,0.0,0.0
339.425,1.0,0.2567142303669989,87.0,0.0,1.0,0.2567142303669989,1.0,0.2567142303669989,0.0,0.0
339.82,1.0,0.2567142303669989,88.0,0.0,1.0,0.2567142303669989,1.0,0.2567142303669989,0.0,0.0
340.33,1.0,0.2567142303669989,88.0,0.0,1.0,0.2567142303669989,1.0,0.2567142303669989,0.0,0.0
340.31668,1.0,0.2567142303669989,88.0,0.0,1.0,0.2567142303669989,1.0,0.2567142303669989,0.0,0.0
339.18167,1.0,0.2567142303669989,88.0,0.0,1.0,0.2567142303669989,1.0,0.2567142303669989,0.0,0.0
339.93167,1.0,0.2567142303669989,88.0,0.0,1.0,0.2567142303669989,1.0,0.2567142303669989,0.0,0.0
339.91168,1.0,0.2567142303669989,88.0,0.0,1.0,0.2567142303669989,1.0,0.2567142303669989,0.0,0.0
340.925,1.0,0.2567142303669989,88.0,0.0,1.0,0.2567142303669989,1.0,0.2567142303669989,0.0,0.0
340.53168,1.0,0.2567142303669989,87.0,4.364141916238982,1.0,0.2567142303669989,1.0,0.2567142303669989,0.0,0.0
340.78333,1.0,0.2567142303669989,88.0,0.0,1.0,0.2567142303669989,1.0,0.2567142303669989,0.0,0.0
340.52167,1.0,0.256590827308237,87.0,21.040447839275433,1.0,0.256590827308237,1.0,0.256590827308237,0.0,0.0
340.02832,1.0,0.256590827308237,88.0,21.040447839275433,1.0,0.256590827308237,1.0,0.256590827308237,0.0,0.0
340.028,1.0,0.256590827308237,88.0,20.783857011967196,1.0,0.256590827308237,1.0,0.256590827308237,0.0,0.0
339.905,1.0,0.256590827308237,88.0,21.040447839275433,1.0,0.256590827308237,1.0,0.256590827308237,0.0,0.0
339.98834,1.0,0.256590827308237,88.0,21.040447839275433,1.0,0.256590827308237,1.0,0.256590827308237,0.0,0.0
340.74,1.0,0.256590827308237,88.0,21.040447839275433,1.0,0.256590827308237,1.0,0.256590827308237,0.0,0.0
340.16998,1.0,0.256590827308237,88.0,21.040447839275433,1.0,0.256590827308237,1.0,0.256590827308237,0.0,0.0
340.46,1.0,0.256590827308237,88.0,21.040447839275433,1.0,0.256590827308237,1.0,0.256590827308237,0.0,0.0
340.71832,1.0,0.256590827308237,88.0,20.783857011967196,1.0,0.256590827308237,1.0,0.256590827308237,0.0,0.0
340.55334,1.0,0.256590827308237,88.0,20.783857011967196,1.0,0.256590827308237,1.0,0.256590827308237,0.0,0.0
341.025,1.0,0.256590827308237,88.0,21.29703866658367,1.0,0.256590827308237,1.0,0.256590827308237,0.0,0.0
341.15167,1.0,0.256590827308237,88.0,20.783857011967196,1.0,0.256590827308237,1.0,0.256590827308237,0.0,0.0
341.15668,1.0,0.256590827308237,88.0,21.040447839275433,1.0,0.256590827308237,1.0,0.256590827308237,0.0,0.0
341.245,1.0,0.256590827308237,88.0,20.783857011967196,1.0,0.256590827308237,1.0,0.256590827308237,0.0,0.0
340.79834,1.0,0.256590827308237,88.0,20.783857011967196,1.0,0.256590827308237,1.0,0.256590827308237,0.0,0.0
340.08667,1.0,0.256590827308237,88.0,20.783857011967196,1.0,0.256590827308237,1.0,0.256590827308237,0.0,0.0
340.67,1.0,0.256590827308237,88.0,20.783857011967196,1.0,0.256590827308237,1.0,0.256590827308237,0.0,0.0
340.025,1.0,0.256590827308237,88.0,20.783857011967196,1.0,0.256590827308237,1.0,0.256590827308237,0.0,0.0
340.03668,1.0,0.256590827308237,88.0,20.527266184658963,1.0,0.256590827308237,1.0,0.256590827308237,0.0,0.0
339.78168,1.0,0.256590827308237,88.0,20.527266184658963,1.0,0.256590827308237,1.0,0.256590827308237,0.0,0.0
341.11667,1.0,0.256590827308237,88.0,20.783857011967196,1.0,0.256590827308237,1.0,0.256590827308237,0.0,0.0
340.7083,1.0,0.256590827308237,88.0,20.527266184658963,1.0,602.4752625197405,1.0,0.256590827308237,0.0,0.0
341.08334,1.0,0.256590827308237,88.0,24.88931024889899,1.0,594.7775377004934,1.0,0.256590827308237,0.0,0.0
341.78333,1.0,0.256590827308237,88.0,20.783857011967196,1.0,589.3891303270204,1.0,0.256590827308237,0.0,0.0
341.60498,1.0,0.256590827308237,88.0,20.783857011967196,1.0,589.3891303270204,1.0,0.256590827308237,0.0,0.0
341.16833,1.0,0.256590827308237,88.0,20.527266184658963,1.0,581.6914055077733,1.0,0.256590827308237,0.0,0.0
341.50333,1.0,0.256590827308237,88.0,20.527266184658963,1.0,591.4418569454863,1.0,0.256590827308237,0.0,0.0
341.35834,1.0,0.256590827308237,88.0,20.527266184658963,1.0,590.6720844635616,1.0,0.256590827308237,0.0,0.0
340.885,1.0,0.256590827308237,88.0,20.527266184658963,1.0,594.7775377004934,1.0,0.256590827308237,0.0,0.0
342.04,1.0,0.256590827308237,88.0,20.527266184658963,1.0,598.1132184555005,1.0,0.256590827308237,0.0,0.0
341.93832,1.0,0.256590827308237,88.0,20.527266184658963,1.0,598.1132184555005,1.0,0.256590827308237,0.0,0.0
341.55334,1.0,0.256590827308237,88.0,20.527266184658963,1.0,587.5929945358628,1.0,0.256590827308237,0.0,0.0
341.825,1.0,0.256590827308237,88.0,20.527266184658963,1.0,598.3698092828087,1.0,0.256590827308237,0.0,0.0
341.42166,1.0,0.256590827308237,88.0,20.527266184658963,1.0,598.626400110117,1.0,0.256590827308237,0.0,0.0
341.52667,1.0,0.256590827308237,88.0,20.783857011967196,1.0,592.7248110820275,1.0,0.256590827308237,0.0,0.0
341.53168,1.0,0.256590827308237,88.0,20.527266184658963,1.0,593.4945835639522,1.0,0.256590827308237,0.0,0.0
341.07,1.0,0.256590827308237,88.0,20.527266184658963,1.0,662.0043344552515,1.0,0.256590827308237,0.0,0.0
341.21832,1.0,0.256590827308237,88.0,4.362044064240029,1.0,595.2907193551099,1.0,0.256590827308237,0.0,0.0
340.00165,1.0,0.256590827308237,88.0,0.0,1.0,69.53611420053223,1.0,0.256590827308237,0.0,0.0
340.905,1.0,0.256590827308237,88.0,0.0,1.0,0.0,1.0,0.256590827308237,0.0,0.0
340.98834,1.0,0.256590827308237,88.0,0.0,1.0,0.256590827308237,1.0,0.256590827308237,0.0,0.0
340.09167,1.0,0.256590827308237,87.0,0.0,1.0,0.256590827308237,1.0,0.256590827308237,0.0,0.0
339.80835,1.0,0.256590827308237,88.0,0.0,1.0,0.256590827308237,1.0,0.256590827308237,0.0,0.0
339.47333,1.0,0.256590827308237,88.0,4.362044064240029,1.0,0.256590827308237,1.0,0.256590827308237,0.0,0.0
339.70334,1.0,0.256590827308237,88.0,4.6186348915482665,1.0,0.256590827308237,1.0,0.256590827308237,0.0,0.0
339.58334,1.0,0.256590827308237,88.0,4.362044064240029,1.0,0.256590827308237,1.0,0.256590827308237,0.0,0.0
340.035,1.0,0.256590827308237,87.0,4.362044064240029,1.0,0.256590827308237,1.0,0.256590827308237,0.0,0.0
339.98334,1.0,0.256590827308237,87.0,0.0,1.0,0.256590827308237,1.0,0.256590827308237,0.0,0.0
339.43668,1.0,0.256590827308237,87.0,0.0,1.0,0.256590827308237,1.0,0.256590827308237,0.0,0.0
339.425,1.0,0.256590827308237,87.0,0.0,1.0,0.256590827308237,1.0,0.256590827308237,0.0,0.0
339.82,1.0,0.256590827308237,88.0,0.0,1.0,0.256590827308237,1.0,0.256590827308237,0.0,0.0
340.33,1.0,0.256590827308237,88.0,0.0,1.0,0.256590827308237,1.0,0.256590827308237,0.0,0.0
340.31668,1.0,0.256590827308237,88.0,0.0,1.0,0.256590827308237,1.0,0.256590827308237,0.0,0.0
339.18167,1.0,0.256590827308237,88.0,0.0,1.0,0.256590827308237,1.0,0.256590827308237,0.0,0.0
339.93167,1.0,0.256590827308237,88.0,0.0,1.0,0.256590827308237,1.0,0.256590827308237,0.0,0.0
339.91168,1.0,0.256590827308237,88.0,0.0,1.0,0.256590827308237,1.0,0.256590827308237,0.0,0.0
340.925,1.0,0.256590827308237,88.0,0.0,1.0,0.256590827308237,1.0,0.256590827308237,0.0,0.0
340.53168,1.0,0.256590827308237,87.0,4.362044064240029,1.0,0.256590827308237,1.0,0.256590827308237,0.0,0.0
340.78333,1.0,0.256590827308237,88.0,0.0,1.0,0.256590827308237,1.0,0.256590827308237,0.0,0.0
341.26,1.0,0.256590827308237,88.0,0.0,1.0,0.256590827308237,1.0,0.256590827308237,0.0,0.0
340.02832,1.0,0.2564642828797165,88.0,21.030071196136753,1.0,0.2564642828797165,1.0,0.2564642828797165,0.0,0.0
340.028,1.0,0.2564642828797165,88.0,20.773606913257037,1.0,0.2564642828797165,1.0,0.2564642828797165,0.0,0.0
339.905,1.0,0.2564642828797165,88.0,21.030071196136753,1.0,0.2564642828797165,1.0,0.2564642828797165,0.0,0.0
339.98834,1.0,0.2564642828797165,88.0,21.030071196136753,1.0,0.2564642828797165,1.0,0.2564642828797165,0.0,0.0
340.74,1.0,0.2564642828797165,88.0,21.030071196136753,1.0,0.2564642828797165,1.0,0.2564642828797165,0.0,0.0
340.16998,1.0,0.2564642828797165,88.0,21.030071196136753,1.0,0.2564642828797165,1.0,0.2564642828797165,0.0,0.0
340.46,1.0,0.2564642828797165,88.0,21.030071196136753,1.0,0.2564642828797165,1.0,0.2564642828797165,0.0,0.0
340.71832,1.0,0.2564642828797165,88.0,20.773606913257037,1.0,0.2564642828797165,1.0,0.2564642828797165,0.0,0.0
340.55334,1.0,0.2564642828797165,88.0,20.773606913257037,1.0,0.2564642828797165,1.0,0.2564642828797165,0.0,0.0
341.025,1.0,0.2564642828797165,88.0,21.28653547901647,1.0,0.2564642828797165,1.0,0.2564642828797165,0.0,0.0
341.15167,1.0,0.2564642828797165,88.0,20.773606913257037,1.0,0.2564642828797165,1.0,0.2564642828797165,0.0,0.0
341.15668,1.0,0.2564642828797165,88.0,21.030071196136753,1.0,0.2564642828797165,1.0,0.2564642828797165,0.0,0.0
341.245,1.0,0.2564642828797165,88.0,20.773606913257037,1.0,0.2564642828797165,1.0,0.2564642828797165,0.0,0.0
340.79834,1.0,0.2564642828797165,88.0,20.773606913257037,1.0,0.2564642828797165,1.0,0.2564642828797165,0.0,0.0
340.08667,1.0,0.2564642828797165,88.0,20.773606913257037,1.0,0.2564642828797165,1.0,0.2564642828797165,0.0,0.0
340.67,1.0,0.2564642828797165,88.0,20.773606913257037,1.0,0.2564642828797165,1.0,0.2564642828797165,0.0,0.0
340.025,1.0,0.2564642828797165,88.0,20.773606913257037,1.0,0.2564642828797165,1.0,0.2564642828797165,0.0,0.0
340.03668,1.0,0.2564642828797165,88.0,20.51714263037732,1.0,0.2564642828797165,1.0,0.2564642828797165,0.0,0.0
339.78168,1.0,0.2564642828797165,88.0,20.51714263037732,1.0,0.2564642828797165,1.0,0.2564642828797165,0.0,0.0
341.11667,1.0,0.2564642828797165,88.0,20.773606913257037,1.0,0.2564642828797165,1.0,0.2564642828797165,0.0,0.0
340.7083,1.0,0.2564642828797165,88.0,20.51714263037732,1.0,602.1781362015744,1.0,0.2564642828797165,0.0,0.0
341.08334,1.0,0.2564642828797165,88.0,24.877035439332502,1.0,594.4842077151828,1.0,0.2564642828797165,0.0,0.0
341.78333,1.0,0.2564642828797165,88.0,20.773606913257037,1.0,589.0984577747088,1.0,0.2564642828797165,0.0,0.0
341.60498,1.0,0.2564642828797165,88.0,20.773606913257037,1.0,589.0984577747088,1.0,0.2564642828797165,0.0,0.0
341.16833,1.0,0.2564642828797165,88.0,20.51714263037732,1.0,581.4045292883173,1.0,0.2564642828797165,0.0,0.0
341.50333,1.0,0.2564642828797165,88.0,20.51714263037732,1.0,591.1501720377465,1.0,0.2564642828797165,0.0,0.0
341.35834,1.0,0.2564642828797165,88.0,20.51714263037732,1.0,590.3807791891074,1.0,0.2564642828797165,0.0,0.0
340.885,1.0,0.2564642828797165,88.0,20.51714263037732,1.0,594.4842077151828,1.0,0.2564642828797165,0.0,0.0
342.04,1.0,0.2564642828797165,88.0,20.51714263037732,1.0,597.8182433926191,1.0,0.2564642828797165,0.0,0.0
341.93832,1.0,0.2564642828797165,88.0,20.51714263037732,1.0,597.8182433926191,1.0,0.2564642828797165,0.0,0.0
341.55334,1.0,0.2564642828797165,88.0,20.51714263037732,1.0,587.3032077945508,1.0,0.2564642828797165,0.0,0.0
341.825,1.0,0.2564642828797165,88.0,20.51714263037732,1.0,598.0747076754989,1.0,0.2564642828797165,0.0,0.0
341.42166,1.0,0.2564642828797165,88.0,20.51714263037732,1.0,598.3311719583786,1.0,0.2564642828797165,0.0,0.0
341.52667,1.0,0.2564642828797165,88.0,20.773606913257037,1.0,592.4324934521451,1.0,0.2564642828797165,0.0,0.0
341.53168,1.0,0.2564642828797165,88.0,20.51714263037732,1.0,593.2018863007843,1.0,0.2564642828797165,0.0,0.0
341.07,1.0,0.2564642828797165,88.0,20.51714263037732,1.0,661.6778498296686,1.0,0.2564642828797165,0.0,0.0
341.21832,1.0,0.2564642828797165,88.0,4.3598928089551805,1.0,594.9971362809423,1.0,0.2564642828797165,0.0,0.0
340.00165,1.0,0.2564642828797165,88.0,0.0,1.0,69.50182066040317,1.0,0.2564642828797165,0.0,0.0
340.905,1.0,0.2564642828797165,88.0,0.0,1.0,0.0,1.0,0.2564642828797165,0.0,0.0
340.98834,1.0,0.2564642828797165,88.0,0.0,1.0,0.2564642828797165,1.0,0.2564642828797165,0.0,0.0
340.09167,1.0,0.2564642828797165,87.0,0.0,1.0,0.2564642828797165,1.0,0.2564642828797165,0.0,0.0
339.80835,1.0,0.2564642828797165,88.0,0.0,1.0,0.2564642828797165,1.0,0.2564642828797165,0.0,0.0
339.47333,1.0,0.2564642828797165,88.0,4.3598928089551805,1.0,0.2564642828797165,1.0,0.2564642828797165,0.0,0.0
339.70334,1.0,0.2564642828797165,88.0,4.616357091834897,1.0,0.2564642828797165,1.0,0.2564642828797165,0.0,0.0
339.58334,1.0,0.2564642828797165,88.0,4.3598928089551805,1.0,0.2564642828797165,1.0,0.2564642828797165,0.0,0.0
340.035,1.0,0.2564642828797165,87.0,4.3598928089551805,1.0,0.2564642828797165,1.0,0.2564642828797165,0.0,0.0
339.98334,1.0,0.2564642828797165,87.0,0.0,1.0,0.2564642828797165,1.0,0.2564642828797165,0.0,0.0
339.43668,1.0,0.2564642828797165,87.0,0.0,1.0,0.2564642828797165,1.0,0.2564642828797165,0.0,0.0
339.425,1.0,0.2564642828797165,87.0,0.0,1.0,0.2564642828797165,1.0,0.2564642828797165,0.0,0.0
339.82,1.0,0.2564642828797165,88.0,0.0,1.0,0.2564642828797165,1.0,0.2564642828797165,0.0,0.0
340.33,1.0,0.2564642828797165,88.0,0.0,1.0,0.2564642828797165,1.0,0.2564642828797165,0.0,0.0
340.31668,1.0,0.2564642828797165,88.0,0.0,1.0,0.2564642828797165,1.0,0.2564642828797165,0.0,0.0
339.18167,1.0,0.2564642828797165,88.0,0.0,1.0,0.2564642828797165,1.0,0.2564642828797165,0.0,0.0
339.93167,1.0,0.2564642828797165,88.0,0.0,1.0,0.2564642828797165,1.0,0.2564642828797165,0.0,0.0
339.91168,1.0,0.2564642828797165,88.0,0.0,1.0,0.2564642828797165,1.0,0.2564642828797165,0.0,0.0
340.925,1.0,0.2564642828797165,88.0,0.0,1.0,0.2564642828797165,1.0,0.2564642828797165,0.0,0.0
340.53168,1.0,0.2564642828797165,87.0,4.3598928089551805,1.0,0.2564642828797165,1.0,0.2564642828797165,0.0,0.0
340.78333,1.0,0.2564642828797165,88.0,0.0,1.0,0.2564642828797165,1.0,0.2564642828797165,0.0,0.0
341.26,1.0,0.2564642828797165,88.0,0.0,1.0,0.2564642828797165,1.0,0.2564642828797165,0.0,0.0
341.695,1.0,0.2564642828797165,88.0,0.0,1.0,0.2564642828797165,1.0,0.2564642828797165,0.0,0.0
340.028,1.0,0.468541789402774,88.0,112.45002945666576,1.0,0.468541789402774,1.0,0.468541789402774,0.0,0.0
339.905,1.0,0.468541789402774,88.0,113.8556548248741,1.0,0.468541789402774,1.0,0.468541789402774,0.0,0.0
339.98834,1.0,0.468541789402774,88.0,113.8556548248741,1.0,0.468541789402774,1.0,0.468541789402774,0.0,0.0
340.74,1.0,0.468541789402774,88.0,112.91857124606854,1.0,0.468541789402774,1.0,0.468541789402774,0.0,0.0
340.16998,1.0,0.468541789402774,88.0,112.45002945666576,1.0,0.468541789402774,1.0,0.468541789402774,0.0,0.0
340.46,1.0,0.468541789402774,88.0,111.981487667263,1.0,0.468541789402774,1.0,0.468541789402774,0.0,0.0
340.71832,1.0,0.468541789402774,88.0,112.45002945666576,1.0,0.468541789402774,1.0,0.468541789402774,0.0,0.0
340.55334,1.0,0.468541789402774,88.0,111.981487667263,1.0,0.468541789402774,1.0,0.468541789402774,0.0,0.0
341.025,1.0,0.468541789402774,88.0,112.91857124606854,1.0,0.468541789402774,1.0,0.468541789402774,0.0,0.0
341.15167,1.0,0.468541789402774,88.0,112.91857124606854,1.0,0.468541789402774,1.0,0.468541789402774,0.0,0.0
341.15668,1.0,0.468541789402774,88.0,112.91857124606854,1.0,0.468541789402774,1.0,0.468541789402774,0.0,0.0
341.245,1.0,0.468541789402774,88.0,111.51294587786022,1.0,0.468541789402774,1.0,0.468541789402774,0.0,0.0
340.79834,1.0,0.468541789402774,88.0,111.981487667263,1.0,0.468541789402774,1.0,0.468541789402774,0.0,0.0
340.08667,1.0,0.468541789402774,88.0,112.45002945666576,1.0,0.468541789402774,1.0,0.468541789402774,0.0,0.0
340.67,1.0,0.468541789402774,88.0,112.91857124606854,1.0,0.468541789402774,1.0,0.468541789402774,0.0,0.0
340.025,1.0,0.468541789402774,88.0,112.45002945666576,1.0,0.468541789402774,1.0,0.468541789402774,0.0,0.0
340.03668,1.0,0.468541789402774,88.0,112.45002945666576,1.0,0.468541789402774,1.0,0.468541789402774,0.0,0.0
339.78168,1.0,0.468541789402774,88.0,112.91857124606854,1.0,0.468541789402774,1.0,0.468541789402774,0.0,0.0
341.11667,1.0,0.468541789402774,88.0,112.45002945666576,1.0,0.468541789402774,1.0,0.468541789402774,0.0,0.0
340.7083,1.0,0.468541789402774,88.0,112.45002945666576,1.0,0.468541789402774,1.0,0.468541789402774,0.0,0.0
341.08334,1.0,0.468541789402774,88.0,110.57586229905466,1.0,0.468541789402774,1.0,0.468541789402774,0.0,0.0
341.78333,1.0,0.468541789402774,88.0,110.57586229905466,1.0,0.468541789402774,1.0,0.468541789402774,0.0,0.0
341.60498,1.0,0.468541789402774,88.0,110.1073205096519,1.0,0.468541789402774,1.0,0.468541789402774,0.0,0.0
341.16833,1.0,0.468541789402774,88.0,110.1073205096519,1.0,0.468541789402774,1.0,0.468541789402774,0.0,0.0
341.50333,1.0,0.468541789402774,88.0,111.04440408845744,1.0,0.468541789402774,1.0,0.468541789402774,0.0,0.0
341.35834,1.0,0.468541789402774,88.0,110.57586229905466,1.0,0.468541789402774,1.0,0.468541789402774,0.0,0.0
340.885,1.0,0.468541789402774,88.0,111.04440408845744,1.0,0.468541789402774,1.0,0.468541789402774,0.0,0.0
342.04,1.0,0.468541789402774,88.0,110.57586229905466,1.0,0.468541789402774,1.0,0.468541789402774,0.0,0.0
341.93832,1.0,0.468541789402774,88.0,110.1073205096519,1.0,0.468541789402774,1.0,0.468541789402774,0.0,0.0
341.55334,1.0,0.468541789402774,88.0,111.04440408845744,1.0,0.468541789402774,1.0,0.468541789402774,0.0,0.0
341.825,1.0,0.468541789402774,88.0,111.51294587786022,1.0,0.468541789402774,1.0,0.468541789402774,0.0,0.0
341.42166,1.0,0.468541789402774,88.0,111.981487667263,1.0,0.468541789402774,1.0,0.468541789402774,0.0,0.0
341.52667,1.0,0.468541789402774,88.0,111.04440408845744,1.0,0.468541789402774,1.0,0.468541789402774,0.0,0.0
341.53168,1.0,0.468541789402774,88.0,110.57586229905466,1.0,0.468541789402774,1.0,0.468541789402774,0.0,0.0
341.07,1.0,0.468541789402774,88.0,111.51294587786022,1.0,0.468541789402774,1.0,0.468541789402774,0.0,0.0
341.21832,1.0,0.468541789402774,88.0,111.981487667263,1.0,0.468541789402774,1.0,0.468541789402774,0.0,0.0
340.00165,1.0,0.468541789402774,88.0,111.981487667263,1.0,0.468541789402774,1.0,0.468541789402774,0.0,0.0
340.905,1.0,0.468541789402774,88.0,111.51294587786022,1.0,0.468541789402774,1.0,0.468541789402774,0.0,0.0
340.98834,1.0,0.468541789402774,88.0,111.981487667263,1.0,0.468541789402774,1.0,0.468541789402774,0.0,0.0
340.09167,1.0,0.468541789402774,87.0,111.981487667263,1.0,0.468541789402774,1.0,0.468541789402774,0.0,0.0
339.80835,1.0,0.468541789402774,88.0,111.981487667263,1.0,0.468541789402774,1.0,0.468541789402774,0.0,0.0
339.47333,1.0,0.468541789402774,88.0,111.981487667263,1.0,0.468541789402774,1.0,0.468541789402774,0.0,0.0
339.70334,1.0,0.468541789402774,88.0,111.981487667263,1.0,0.468541789402774,1.0,0.468541789402774,0.0,0.0
339.58334,1.0,0.468541789402774,88.0,111.51294587786022,1.0,0.468541789402774,1.0,0.468541789402774,0.0,0.0
340.035,1.0,0.468541789402774,87.0,111.981487667263,1.0,0.468541789402774,1.0,0.468541789402774,0.0,0.0
339.98334,1.0,0.468541789402774,87.0,111.51294587786022,1.0,0.468541789402774,1.0,0.468541789402774,0.0,0.0
339.43668,1.0,0.468541789402774,87.0,112.45002945666576,1.0,0.468541789402774,1.0,0.468541789402774,0.0,0.0
339.425,1.0,0.468541789402774,87.0,112.45002945666576,1.0,0.468541789402774,1.0,0.468541789402774,0.0,0.0
339.82,1.0,0.468541789402774,88.0,112.45002945666576,1.0,0.468541789402774,1.0,0.468541789402774,0.0,0.0
340.33,1.0,0.468541789402774,88.0,112.45002945666576,1.0,0.468541789402774,1.0,0.468541789402774,0.0,0.0
340.31668,1.0,0.468541789402774,88.0,112.45002945666576,1.0,0.468541789402774,1.0,0.468541789402774,0.0,0.0
339.18167,1.0,0.468541789402774,88.0,112.45002945666576,1.0,0.468541789402774,1.0,0.468541789402774,0.0,0.0
339.93167,1.0,0.468541789402774,88.0,113.38711303547132,1.0,0.468541789402774,1.0,0.468541789402774,0.0,0.0
339.91168,1.0,0.468541789402774,88.0,113.38711303547132,1.0,0.468541789402774,1.0,0.468541789402774,0.0,0.0
340.925,1.0,0.468541789402774,88.0,112.91857124606854,1.0,0.468541789402774,1.0,0.468541789402774,0.0,0.0
340.53168,1.0,0.468541789402774,87.0,113.38711303547132,1.0,0.468541789402774,1.0,0.468541789402774,0.0,0.0
340.78333,1.0,0.468541789402774,88.0,112.45002945666576,1.0,0.468541789402774,1.0,0.468541789402774,0.0,0.0
341.26,1.0,0.468541789402774,88.0,112.91857124606854,1.0,0.468541789402774,1.0,0.468541789402774,0.0,0.0
341.695,1.0,0.468541789402774,88.0,112.45002945666576,1.0,0.468541789402774,1.0,0.468541789402774,0.0,0.0
342.80667,1.0,0.468541789402774,88.0,112.45002945666576,1.0,0.468541789402774,1.0,0.468541789402774,0.0,0.0
339.905,1.0,0.46850909394180146,88.0,113.84770982785776,1.0,0.46850909394180146,1.0,0.46850909394180146,0.0,0.0
339.98834,1.0,0.46850909394180146,88.0,113.84770982785776,1.0,0.46850909394180146,1.0,0.46850909394180146,0.0,0.0
340.74,1.0,0.46850909394180146,88.0,112.91069163997415,1.0,0.46850909394180146,1.0,0.46850909394180146,0.0,0.0
340.16998,1.0,0.46850909394180146,88.0,112.44218254603236,1.0,0.46850909394180146,1.0,0.46850909394180146,0.0,0.0
340.46,1.0,0.46850909394180146,88.0,111.97367345209055,1.0,0.46850909394180146,1.0,0.46850909394180146,0.0,0.0
340.71832,1.0,0.46850909394180146,88.0,112.44218254603236,1.0,0.46850909394180146,1.0,0.46850909394180146,0.0,0.0
340.55334,1.0,0.46850909394180146,88.0,111.97367345209055,1.0,0.46850909394180146,1.0,0.46850909394180146,0.0,0.0
341.025,1.0,0.46850909394180146,88.0,112.91069163997415,1.0,0.46850909394180146,1.0,0.46850909394180146,0.0,0.0
341.15167,1.0,0.46850909394180146,88.0,112.91069163997415,1.0,0.46850909394180146,1.0,0.46850909394180146,0.0,0.0
341.15668,1.0,0.46850909394180146,88.0,112.91069163997415,1.0,0.46850909394180146,1.0,0.46850909394180146,0.0,0.0
341.245,1.0,0.46850909394180146,88.0,111.50516435814875,1.0,0.46850909394180146,1.0,0.46850909394180146,0.0,0.0
340.79834,1.0,0.46850909394180146,88.0,111.97367345209055,1.0,0.46850909394180146,1.0,0.46850909394180146,0.0,0.0
340.08667,1.0,0.46850909394180146,88.0,112.44218254603236,1.0,0.46850909394180146,1.0,0.46850909394180146,0.0,0.0
340.67,1.0,0.46850909394180146,88.0,112.91069163997415,1.0,0.46850909394180146,1.0,0.46850909394180146,0.0,0.0
340.025,1.0,0.46850909394180146,88.0,112.44218254603236,1.0,0.46850909394180146,1.0,0.46850909394180146,0.0,0.0
340.03668,1.0,0.46850909394180146,88.0,112.44218254603236,1.0,0.46850909394180146,1.0,0.46850909394180146,0.0,0.0
339.78168,1.0,0.46850909394180146,88.0,112.91069163997415,1.0,0.46850909394180146,1.0,0.46850909394180146,0.0,0.0
341.11667,1.0,0.46850909394180146,88.0,112.44218254603236,1.0,0.46850909394180146,1.0,0.46850909394180146,0.0,0.0
340.7083,1.0,0.46850909394180146,88.0,112.44218254603236,1.0,0.46850909394180146,1.0,0.46850909394180146,0.0,0.0
341.08334,1.0,0.46850909394180146,88.0,110.56814617026514,1.0,0.46850909394180146,1.0,0.46850909394180146,0.0,0.0
341.78333,1.0,0.46850909394180146,88.0,110.56814617026514,1.0,0.46850909394180146,1.0,0.46850909394180146,0.0,0.0
341.60498,1.0,0.46850909394180146,88.0,110.09963707632335,1.0,0.46850909394180146,1.0,0.46850909394180146,0.0,0.0
341.16833,1.0,0.46850909394180146,88.0,110.09963707632335,1.0,0.46850909394180146,1.0,0.46850909394180146,0.0,0.0
341.50333,1.0,0.46850909394180146,88.0,111.03665526420694,1.0,0.46850909394180146,1.0,0.46850909394180146,0.0,0.0
341.35834,1.0,0.46850909394180146,88.0,110.56814617026514,1.0,0.46850909394180146,1.0,0.46850909394180146,0.0,0.0
340.885,1.0,0.46850909394180146,88.0,111.03665526420694,1.0,0.46850909394180146,1.0,0.46850909394180146,0.0,0.0
342.04,1.0,0.46850909394180146,88.0,110.56814617026514,1.0,0.46850909394180146,1.0,0.46850909394180146,0.0,0.0
341.93832,1.0,0.46850909394180146,88.0,110.09963707632335,1.0,0.46850909394180146,1.0,0.46850909394180146,0.0,0.0
341.55334,1.0,0.46850909394180146,88.0,111.03665526420694,1.0,0.46850909394180146,1.0,0.46850909394180146,0.0,0.0
341.825,1.0,0.46850909394180146,88.0,111.50516435814875,1.0,0.46850909394180146,1.0,0.46850909394180146,0.0,0.0
341.42166,1.0,0.46850909394180146,88.0,111.97367345209055,1.0,0.46850909394180146,1.0,0.46850909394180146,0.0,0.0
341.52667,1.0,0.46850909394180146,88.0,111.03665526420694,1.0,0.46850909394180146,1.0,0.46850909394180146,0.0,0.0
341.53168,1.0,0.46850909394180146,88.0,110.56814617026514,1.0,0.46850909394180146,1.0,0.46850909394180146,0.0,0.0
341.07,1.0,0.46850909394180146,88.0,111.50516435814875,1.0,0.46850909394180146,1.0,0.46850909394180146,0.0,0.0
341.21832,1.0,0.46850909394180146,88.0,111.97367345209055,1.0,0.46850909394180146,1.0,0.46850909394180146,0.0,0.0
340.00165,1.0,0.46850909394180146,88.0,111.97367345209055,1.0,0.46850909394180146,1.0,0.46850909394180146,0.0,0.0
340.905,1.0,0.46850909394180146,88.0,111.50516435814875,1.0,0.46850909394180146,1.0,0.46850909394180146,0.0,0.0
340.98834,1.0,0.46850909394180146,88.0,111.97367345209055,1.0,0.46850909394180146,1.0,0.46850909394180146,0.0,0.0
340.09167,1.0,0.46850909394180146,87.0,111.97367345209055,1.0,0.46850909394180146,1.0,0.46850909394180146,0.0,0.0
339.80835,1.0,0.46850909394180146,88.0,111.97367345209055,1.0,0.46850909394180146,1.0,0.46850909394180146,0.0,0.0
339.47333,1.0,0.46850909394180146,88.0,111.97367345209055,1.0,0.46850909394180146,1.0,0.46850909394180146,0.0,0.0
339.70334,1.0,0.46850909394180146,88.0,111.97367345209055,1.0,0.46850909394180146,1.0,0.46850909394180146,0.0,0.0
339.58334,1.0,0.46850909394180146,88.0,111.50516435814875,1.0,0.46850909394180146,1.0,0.46850909394180146,0.0,0.0
340.035,1.0,0.46850909394180146,87.0,111.97367345209055,1.0,0.46850909394180146,1.0,0.46850909394180146,0.0,0.0
339.98334,1.0,0.46850909394180146,87.0,111.50516435814875,1.0,0.46850909394180146,1.0,0.46850909394180146,0.0,0.0
339.43668,1.0,0.46850909394180146,87.0,112.44218254603236,1.0,0.46850909394180146,1.0,0.46850909394180146,0.0,0.0
339.425,1.0,0.46850909394180146,87.0,112.44218254603236,1.0,0.46850909394180146,1.0,0.46850909394180146,0.0,0.0
339.82,1.0,0.46850909394180146,88.0,112.44218254603236,1.0,0.46850909394180146,1.0,0.46850909394180146,0.0,0.0
340.33,1.0,0.46850909394180146,88.0,112.44218254603236,1.0,0.46850909394180146,1.0,0.46850909394180146,0.0,0.0
340.31668,1.0,0.46850909394180146,88.0,112.44218254603236,1.0,0.46850909394180146,1.0,0.46850909394180146,0.0,0.0
339.18167,1.0,0.46850909394180146,88.0,112.44218254603236,1.0,0.46850909394180146,1.0,0.46850909394180146,0.0,0.0
339.93167,1.0,0.46850909394180146,88.0,113.37920073391595,1.0,0.46850909394180146,1.0,0.46850909394180146,0.0,0.0
339.91168,1.0,0.46850909394180146,88.0,113.37920073391595,1.0,0.46850909394180146,1.0,0.46850909394180146,0.0,0.0
340.925,1.0,0.46850909394180146,88.0,112.91069163997415,1.0,0.46850909394180146,1.0,0.46850909394180146,0.0,0.0
340.53168,1.0,0.46850909394180146,87.0,113.37920073391595,1.0,0.46850909394180146,1.0,0.46850909394180146,0.0,0.0
340.78333,1.0,0.46850909394180146,88.0,112.44218254603236,1.0,0.46850909394180146,1.0,0.46850909394180146,0.0,0.0
341.26,1.0,0.46850909394180146,88.0,112.91069163997415,1.0,0.46850909394180146,1.0,0.46850909394180146,0.0,0.0
341.695,1.0,0.46850909394180146,88.0,112.44218254603236,1.0,0.46850909394180146,1.0,0.46850909394180146,0.0,0.0
342.80667,1.0,0.46850909394180146,88.0,112.44218254603236,1.0,0.46850909394180146,1.0,0.46850909394180146,0.0,0.0
342.73666,1.0,0.46850909394180146,88.0,112.44218254603236,1.0,0.46850909394180146,1.0,0.46850909394180146,0.0,0.0
339.98834,1.0,0.46849759941192753,88.0,113.8449166570984,1.0,0.46849759941192753,1.0,0.46849759941192753,0.0,0.0
340.74,1.0,0.46849759941192753,88.0,112.90792145827453,1.0,0.46849759941192753,1.0,0.46849759941192753,0.0,0.0
340.16998,1.0,0.46849759941192753,88.0,112.43942385886261,1.0,0.46849759941192753,1.0,0.46849759941192753,0.0,0.0
340.46,1.0,0.46849759941192753,88.0,111.97092625945068,1.0,0.46849759941192753,1.0,0.46849759941192753,0.0,0.0
340.71832,1.0,0.46849759941192753,88.0,112.43942385886261,1.0,0.46849759941192753,1.0,0.46849759941192753,0.0,0.0
340.55334,1.0,0.46849759941192753,88.0,111.97092625945068,1.0,0.46849759941192753,1.0,0.46849759941192753,0.0,0.0
341.025,1.0,0.46849759941192753,88.0,112.90792145827453,1.0,0.46849759941192753,1.0,0.46849759941192753,0.0,0.0
341.15167,1.0,0.46849759941192753,88.0,112.90792145827453,1.0,0.46849759941192753,1.0,0.46849759941192753,0.0,0.0
341.15668,1.0,0.46849759941192753,88.0,112.90792145827453,1.0,0.46849759941192753,1.0,0.46849759941192753,0.0,0.0
341.245,1.0,0.46849759941192753,88.0,111.50242866003876,1.0,0.46849759941192753,1.0,0.46849759941192753,0.0,0.0
340.79834,1.0,0.46849759941192753,88.0,111.97092625945068,1.0,0.46849759941192753,1.0,0.46849759941192753,0.0,0.0
340.08667,1.0,0.46849759941192753,88.0,112.43942385886261,1.0,0.46849759941192753,1.0,0.46849759941192753,0.0,0.0
340.67,1.0,0.46849759941192753,88.0,112.90792145827453,1.0,0.46849759941192753,1.0,0.46849759941192753,0.0,0.0
340.025,1.0,0.46849759941192753,88.0,112.43942385886261,1.0,0.46849759941192753,1.0,0.46849759941192753,0.0,0.0
340.03668,1.0,0.46849759941192753,88.0,112.43942385886261,1.0,0.46849759941192753,1.0,0.46849759941192753,0.0,0.0
339.78168,1.0,0.46849759941192753,88.0,112.90792145827453,1.0,0.46849759941192753,1.0,0.46849759941192753,0.0,0.0
341.11667,1.0,0.46849759941192753,88.0,112.43942385886261,1.0,0.46849759941192753,1.0,0.46849759941192753,0.0,0.0
340.7083,1.0,0.46849759941192753,88.0,112.43942385886261,1.0,0.46849759941192753,1.0,0.46849759941192753,0.0,0.0
341.08334,1.0,0.46849759941192753,88.0,110.5654334612149,1.0,0.46849759941192753,1.0,0.46849759941192753,0.0,0.0
341.78333,1.0,0.46849759941192753,88.0,110.5654334612149,1.0,0.46849759941192753,1.0,0.46849759941192753,0.0,0.0
341.60498,1.0,0.46849759941192753,88.0,110.09693586180298,1.0,0.46849759941192753,1.0,0.46849759941192753,0.0,0.0
341.16833,1.0,0.46849759941192753,88.0,110.09693586180298,1.0,0.46849759941192753,1.0,0.46849759941192753,0.0,0.0
341.50333,1.0,0.46849759941192753,88.0,111.03393106062683,1.0,0.46849759941192753,1.0,0.46849759941192753,0.0,0.0
341.35834,1.0,0.46849759941192753,88.0,110.5654334612149,1.0,0.46849759941192753,1.0,0.46849759941192753,0.0,0.0
340.885,1.0,0.46849759941192753,88.0,111.03393106062683,1.0,0.46849759941192753,1.0,0.46849759941192753,0.0,0.0
342.04,1.0,0.46849759941192753,88.0,110.5654334612149,1.0,0.46849759941192753,1.0,0.46849759941192753,0.0,0.0
341.93832,1.0,0.46849759941192753,88.0,110.09693586180298,1.0,0.46849759941192753,1.0,0.46849759941192753,0.0,0.0
341.55334,1.0,0.46849759941192753,88.0,111.03393106062683,1.0,0.46849759941192753,1.0,0.46849759941192753,0.0,0.0
341.825,1.0,0.46849759941192753,88.0,111.50242866003876,1.0,0.46849759941192753,1.0,0.46849759941192753,0.0,0.0
341.42166,1.0,0.46849759941192753,88.0,111.97092625945068,1.0,0.46849759941192753,1.0,0.46849759941192753,0.0,0.0
341.52667,1.0,0.46849759941192753,88.0,111.03393106062683,1.0,0.46849759941192753,1.0,0.46849759941192753,0.0,0.0
341.53168,1.0,0.46849759941192753,88.0,110.5654334612149,1.0,0.46849759941192753,1.0,0.46849759941192753,0.0,0.0
341.07,1.0,0.46849759941192753,88.0,111.50242866003876,1.0,0.46849759941192753,1.0,0.46849759941192753,0.0,0.0
341.21832,1.0,0.46849759941192753,88.0,111.97092625945068,1.0,0.46849759941192753,1.0,0.46849759941192753,0.0,0.0
340.00165,1.0,0.46849759941192753,88.0,111.97092625945068,1.0,0.46849759941192753,1.0,0.46849759941192753,0.0,0.0
340.905,1.0,0.46849759941192753,88.0,111.50242866003876,1.0,0.46849759941192753,1.0,0.46849759941192753,0.0,0.0
340.98834,1.0,0.46849759941192753,88.0,111.97092625945068,1.0,0.46849759941192753,1.0,0.46849759941192753,0.0,0.0
340.09167,1.0,0.46849759941192753,87.0,111.97092625945068,1.0,0.46849759941192753,1.0,0.46849759941192753,0.0,0.0
339.80835,1.0,0.46849759941192753,88.0,111.97092625945068,1.0,0.46849759941192753,1.0,0.46849759941192753,0.0,0.0
339.47333,1.0,0.46849759941192753,88.0,111.97092625945068,1.0,0.46849759941192753,1.0,0.46849759941192753,0.0,0.0
339.70334,1.0,0.46849759941192753,88.0,111.97092625945068,1.0,0.46849759941192753,1.0,0.46849759941192753,0.0,0.0
339.58334,1.0,0.46849759941192753,88.0,111.50242866003876,1.0,0.46849759941192753,1.0,0.46849759941192753,0.0,0.0
340.035,1.0,0.46849759941192753,87.0,111.97092625945068,1.0,0.46849759941192753,1.0,0.46849759941192753,0.0,0.0
339.98334,1.0,0.46849759941192753,87.0,111.50242866003876,1.0,0.46849759941192753,1.0,0.46849759941192753,0.0,0.0
339.43668,1.0,0.46849759941192753,87.0,112.43942385886261,1.0,0.46849759941192753,1.0,0.46849759941192753,0.0,0.0
339.425,1.0,0.46849759941192753,87.0,112.43942385886261,1.0,0.46849759941192753,1.0,0.46849759941192753,0.0,0.0
339.82,1.0,0.46849759941192753,88.0,112.43942385886261,1.0,0.46849759941192753,1.0,0.46849759941192753,0.0,0.0
340.33,1.0,0.46849759941192753,88.0,112.43942385886261,1.0,0.46849759941192753,1.0,0.46849759941192753,0.0,0.0
340.31668,1.0,0.46849759941192753,88.0,112.43942385886261,1.0,0.46849759941192753,1.0,0.46849759941192753,0.0,0.0
339.18167,1.0,0.46849759941192753,88.0,112.43942385886261,1.0,0.46849759941192753,1.0,0.46849759941192753,0.0,0.0
339.93167,1.0,0.46849759941192753,88.0,113.37641905768646,1.0,0.46849759941192753,1.0,0.46849759941192753,0.0,0.0
339.91168,1.0,0.46849759941192753,88.0,113.37641905768646,1.0,0.46849759941192753,1.0,0.46849759941192753,0.0,0.0
340.925,1.0,0.46849759941192753,88.0,112.90792145827453,1.0,0.46849759941192753,1.0,0.46849759941192753,0.0,0.0
340.53168,1.0,0.46849759941192753,87.0,113.37641905768646,1.0,0.46849759941192753,1.0,0.46849759941192753,0.0,0.0
340.78333,1.0,0.46849759941192753,88.0,112.43942385886261,1.0,0.46849759941192753,1.0,0.46849759941192753,0.0,0.0
341.26,1.0,0.46849759941192753,88.0,112.90792145827453,1.0,0.46849759941192753,1.0,0.46849759941192753,0.0,0.0
341.695,1.0,0.46849759941192753,88.0,112.43942385886261,1.0,0.46849759941192753,1.0,0.46849759941192753,0.0,0.0
342.80667,1.0,0.46849759941192753,88.0,112.43942385886261,1.0,0.46849759941192753,1.0,0.46849759941192753,0.0,0.0
342.73666,1.0,0.46849759941192753,88.0,112.43942385886261,1.0,0.46849759941192753,1.0,0.46849759941192753,0.0,0.0
342.245,1.0,0.46849759941192753,88.0,113.37641905768646,1.0,0.46849759941192753,1.0,0.46849759941192753,0.0,0.0
340.74,1.0,0.46856840028988195,88.0,113.8621212704413,1.0,0.46856840028988195,1.0,0.46856840028988195,0.0,0.0
340.16998,1.0,0.46856840028988195,88.0,112.92498446986156,1.0,0.46856840028988195,1.0,0.46856840028988195,0.0,0.0
340.46,1.0,0.46856840028988195,88.0,112.45641606957167,1.0,0.46856840028988195,1.0,0.46856840028988195,0.0,0.0
340.71832,1.0,0.46856840028988195,88.0,111.98784766928179,1.0,0.46856840028988195,1.0,0.46856840028988195,0.0,0.0
340.55334,1.0,0.46856840028988195,88.0,112.45641606957167,1.0,0.46856840028988195,1.0,0.46856840028988195,0.0,0.0
341.025,1.0,0.46856840028988195,88.0,111.98784766928179,1.0,0.46856840028988195,1.0,0.46856840028988195,0.0,0.0
341.15167,1.0,0.46856840028988195,88.0,112.92498446986156,1.0,0.46856840028988195,1.0,0.46856840028988195,0.0,0.0
341.15668,1.0,0.46856840028988195,88.0,112.92498446986156,1.0,0.46856840028988195,1.0,0.46856840028988195,0.0,0.0
341.245,1.0,0.46856840028988195,88.0,112.92498446986156,1.0,0.46856840028988195,1.0,0.46856840028988195,0.0,0.0
340.79834,1.0,0.46856840028988195,88.0,111.51927926899191,1.0,0.46856840028988195,1.0,0.46856840028988195,0.0,0.0
340.08667,1.0,0.46856840028988195,88.0,111.98784766928179,1.0,0.46856840028988195,1.0,0.46856840028988195,0.0,0.0
340.67,1.0,0.46856840028988195,88.0,112.45641606957167,1.0,0.46856840028988195,1.0,0.46856840028988195,0.0,0.0
340.025,1.0,0.46856840028988195,88.0,112.92498446986156,1.0,0.46856840028988195,1.0,0.46856840028988195,0.0,0.0
340.03668,1.0,0.46856840028988195,88.0,112.45641606957167,1.0,0.46856840028988195,1.0,0.46856840028988195,0.0,0.0
339.78168,1.0,0.46856840028988195,88.0,112.45641606957167,1.0,0.46856840028988195,1.0,0.46856840028988195,0.0,0.0
341.11667,1.0,0.46856840028988195,88.0,112.92498446986156,1.0,0.46856840028988195,1.0,0.46856840028988195,0.0,0.0
340.7083,1.0,0.46856840028988195,88.0,112.45641606957167,1.0,0.46856840028988195,1.0,0.46856840028988195,0.0,0.0
341.08334,1.0,0.46856840028988195,88.0,112.45641606957167,1.0,0.46856840028988195,1.0,0.46856840028988195,0.0,0.0
341.78333,1.0,0.46856840028988195,88.0,110.58214246841214,1.0,0.46856840028988195,1.0,0.46856840028988195,0.0,0.0
341.60498,1.0,0.46856840028988195,88.0,110.58214246841214,1.0,0.46856840028988195,1.0,0.46856840028988195,0.0,0.0
341.16833,1.0,0.46856840028988195,88.0,110.11357406812226,1.0,0.46856840028988195,1.0,0.46856840028988195,0.0,0.0
341.50333,1.0,0.46856840028988195,88.0,110.11357406812226,1.0,0.46856840028988195,1.0,0.46856840028988195,0.0,0.0
341.35834,1.0,0.46856840028988195,88.0,111.05071086870203,1.0,0.46856840028988195,1.0,0.46856840028988195,0.0,0.0
340.885,1.0,0.46856840028988195,88.0,110.58214246841214,1.0,0.46856840028988195,1.0,0.46856840028988195,0.0,0.0
342.04,1.0,0.46856840028988195,88.0,111.05071086870203,1.0,0.46856840028988195,1.0,0.46856840028988195,0.0,0.0
341.93832,1.0,0.46856840028988195,88.0,110.58214246841214,1.0,0.46856840028988195,1.0,0.46856840028988195,0.0,0.0
341.55334,1.0,0.46856840028988195,88.0,110.11357406812226,1.0,0.46856840028988195,1.0,0.46856840028988195,0.0,0.0
341.825,1.0,0.46856840028988195,88.0,111.05071086870203,1.0,0.46856840028988195,1.0,0.46856840028988195,0.0,0.0
341.42166,1.0,0.46856840028988195,88.0,111.51927926899191,1.0,0.46856840028988195,1.0,0.46856840028988195,0.0,0.0
341.52667,1.0,0.46856840028988195,88.0,111.98784766928179,1.0,0.46856840028988195,1.0,0.46856840028988195,0.0,0.0
341.53168,1.0,0.46856840028988195,88.0,111.05071086870203,1.0,0.46856840028988195,1.0,0.46856840028988195,0.0,0.0
341.07,1.0,0.46856840028988195,88.0,110.58214246841214,1.0,0.46856840028988195,1.0,0.46856840028988195,0.0,0.0
341.21832,1.0,0.46856840028988195,88.0,111.51927926899191,1.0,0.46856840028988195,1.0,0.46856840028988195,0.0,0.0
340.00165,1.0,0.46856840028988195,88.0,111.98784766928179,1.0,0.46856840028988195,1.0,0.46856840028988195,0.0,0.0
340.905,1.0,0.46856840028988195,88.0,111.98784766928179,1.0,0.46856840028988195,1.0,0.46856840028988195,0.0,0.0
340.98834,1.0,0.46856840028988195,88.0,111.51927926899191,1.0,0.46856840028988195,1.0,0.46856840028988195,0.0,0.0
340.09167,1.0,0.46856840028988195,87.0,111.98784766928179,1.0,0.46856840028988195,1.0,0.46856840028988195,0.0,0.0
339.80835,1.0,0.46856840028988195,88.0,111.98784766928179,1.0,0.46856840028988195,1.0,0.46856840028988195,0.0,0.0
339.47333,1.0,0.46856840028988195,88.0,111.98784766928179,1.0,0.46856840028988195,1.0,0.46856840028988195,0.0,0.0
339.70334,1.0,0.46856840028988195,88.0,111.98784766928179,1.0,0.46856840028988195,1.0,0.46856840028988195,0.0,0.0
339.58334,1.0,0.46856840028988195,88.0,111.98784766928179,1.0,0.46856840028988195,1.0,0.46856840028988195,0.0,0.0
340.035,1.0,0.46856840028988195,87.0,111.51927926899191,1.0,0.46856840028988195,1.0,0.46856840028988195,0.0,0.0
339.98334,1.0,0.46856840028988195,87.0,111.98784766928179,1.0,0.46856840028988195,1.0,0.46856840028988195,0.0,0.0
339.43668,1.0,0.46856840028988195,87.0,111.51927926899191,1.0,0.46856840028988195,1.0,0.46856840028988195,0.0,0.0
339.425,1.0,0.46856840028988195,87.0,112.45641606957167,1.0,0.46856840028988195,1.0,0.46856840028988195,0.0,0.0
339.82,1.0,0.46856840028988195,88.0,112.45641606957167,1.0,0.46856840028988195,1.0,0.46856840028988195,0.0,0.0
340.33,1.0,0.46856840028988195,88.0,112.45641606957167,1.0,0.46856840028988195,1.0,0.46856840028988195,0.0,0.0
340.31668,1.0,0.46856840028988195,88.0,112.45641606957167,1.0,0.46856840028988195,1.0,0.46856840028988195,0.0,0.0
339.18167,1.0,0.46856840028988195,88.0,112.45641606957167,1.0,0.46856840028988195,1.0,0.46856840028988195,0.0,0.0
339.93167,1.0,0.46856840028988195,88.0,112.45641606957167,1.0,0.46856840028988195,1.0,0.46856840028988195,0.0,0.0
339.91168,1.0,0.46856840028988195,88.0,113.39355287015142,1.0,0.46856840028988195,1.0,0.46856840028988195,0.0,0.0
340.925,1.0,0.46856840028988195,88.0,113.39355287015142,1.0,0.46856840028988195,1.0,0.46856840028988195,0.0,0.0
340.53168,1.0,0.46856840028988195,87.0,112.92498446986156,1.0,0.46856840028988195,1.0,0.46856840028988195,0.0,0.0
340.78333,1.0,0.46856840028988195,88.0,113.39355287015142,1.0,0.46856840028988195,1.0,0.46856840028988195,0.0,0.0
341.26,1.0,0.46856840028988195,88.0,112.45641606957167,1.0,0.46856840028988195,1.0,0.46856840028988195,0.0,0.0
341.695,1.0,0.46856840028988195,88.0,112.92498446986156,1.0,0.46856840028988195,1.0,0.46856840028988195,0.0,0.0
342.80667,1.0,0.46856840028988195,88.0,112.45641606957167,1.0,0.46856840028988195,1.0,0.46856840028988195,0.0,0.0
342.73666,1.0,0.46856840028988195,88.0,112.45641606957167,1.0,0.46856840028988195,1.0,0.46856840028988195,0.0,0.0
342.245,1.0,0.46856840028988195,88.0,112.45641606957167,1.0,0.46856840028988195,1.0,0.46856840028988195,0.0,0.0
343.07834,1.0,0.46856840028988195,88.0,113.39355287015142,1.0,0.46856840028988195,1.0,0.46856840028988195,0.0,0.0
340.16998,1.0,0.5701415967539227,88.0,0.0,1.0,0.5701415967539227,1.0,0.5701415967539227,0.0,0.0
340.46,1.0,0.5701415967539227,88.0,0.0,1.0,0.5701415967539227,1.0,0.5701415967539227,0.0,0.0
340.71832,1.0,0.5701415967539227,88.0,0.0,1.0,0.5701415967539227,1.0,0.5701415967539227,0.0,0.0
340.55334,1.0,0.5701415967539227,88.0,0.0,1.0,0.5701415967539227,1.0,0.5701415967539227,0.0,0.0
341.025,1.0,0.5701415967539227,88.0,0.0,1.0,0.5701415967539227,1.0,0.5701415967539227,0.0,0.0
341.15167,1.0,0.5701415967539227,88.0,0.0,1.0,0.5701415967539227,1.0,0.5701415967539227,0.0,0.0
341.15668,1.0,0.5701415967539227,88.0,0.0,1.0,0.5701415967539227,1.0,0.5701415967539227,0.0,0.0
341.245,1.0,0.5701415967539227,88.0,0.0,1.0,0.5701415967539227,1.0,0.5701415967539227,0.0,0.0
340.79834,1.0,0.5701415967539227,88.0,0.0,1.0,0.5701415967539227,1.0,0.5701415967539227,0.0,0.0
340.08667,1.0,0.5701415967539227,88.0,0.0,1.0,0.5701415967539227,1.0,0.5701415967539227,0.0,0.0
340.67,1.0,0.5701415967539227,88.0,0.0,1.0,0.5701415967539227,1.0,0.5701415967539227,0.0,0.0
340.025,1.0,0.5701415967539227,88.0,0.0,1.0,0.5701415967539227,1.0,0.5701415967539227,0.0,0.0
340.03668,1.0,0.5701415967539227,88.0,0.0,1.0,0.5701415967539227,1.0,0.5701415967539227,0.0,0.0
339.78168,1.0,0.5701415967539227,88.0,0.0,1.0,0.5701415967539227,1.0,0.5701415967539227,0.0,0.0
341.11667,1.0,0.5701415967539227,88.0,0.0,1.0,0.5701415967539227,1.0,0.5701415967539227,0.0,0.0
340.7083,1.0,0.5701415967539227,88.0,0.0,1.0,0.5701415967539227,1.0,0.5701415967539227,0.0,0.0
341.08334,1.0,0.5701415967539227,88.0,0.0,1.0,0.5701415967539227,1.0,0.5701415967539227,0.0,0.0
341.78333,1.0,0.5701415967539227,88.0,0.0,1.0,0.5701415967539227,1.0,0.5701415967539227,0.0,0.0
341.60498,1.0,0.5701415967539227,88.0,0.0,1.0,0.5701415967539227,1.0,0.5701415967539227,0.0,0.0
341.16833,1.0,0.5701415967539227,88.0,0.0,1.0,0.5701415967539227,1.0,0.5701415967539227,0.0,0.0
341.50333,1.0,0.5701415967539227,88.0,0.0,1.0,0.5701415967539227,1.0,0.5701415967539227,0.0,0.0
341.35834,1.0,0.5701415967539227,88.0,0.0,1.0,0.5701415967539227,1.0,0.5701415967539227,0.0,0.0
340.885,1.0,0.5701415967539227,88.0,0.0,1.0,0.5701415967539227,1.0,0.5701415967539227,0.0,0.0
342.04,1.0,0.5701415967539227,88.0,0.0,1.0,0.5701415967539227,1.0,0.5701415967539227,0.0,0.0
341.93832,1.0,0.5701415967539227,88.0,0.0,1.0,0.5701415967539227,1.0,0.5701415967539227,0.0,0.0
341.55334,1.0,0.5701415967539227,88.0,0.0,1.0,0.5701415967539227,1.0,0.5701415967539227,0.0,0.0
341.825,1.0,0.5701415967539227,88.0,0.0,1.0,0.5701415967539227,1.0,0.5701415967539227,0.0,0.0
341.42166,1.0,0.5701415967539227,88.0,0.0,1.0,0.5701415967539227,1.0,0.5701415967539227,0.0,0.0
341.52667,1.0,0.5701415967539227,88.0,0.0,1.0,0.5701415967539227,1.0,0.5701415967539227,0.0,0.0
341.53168,1.0,0.5701415967539227,88.0,0.0,1.0,0.5701415967539227,1.0,0.5701415967539227,0.0,0.0
341.07,1.0,0.5701415967539227,88.0,0.0,1.0,0.5701415967539227,1.0,0.5701415967539227,0.0,0.0
341.21832,1.0,0.5701415967539227,88.0,0.0,1.0,0.5701415967539227,1.0,0.5701415967539227,0.0,0.0
340.00165,1.0,0.5701415967539227,88.0,0.0,1.0,0.5701415967539227,1.0,0.5701415967539227,0.0,0.0
340.905,1.0,0.5701415967539227,88.0,0.0,1.0,0.5701415967539227,1.0,0.5701415967539227,0.0,0.0
340.98834,1.0,0.5701415967539227,88.0,0.0,1.0,0.5701415967539227,1.0,0.5701415967539227,0.0,0.0
340.09167,1.0,0.5701415967539227,87.0,0.0,1.0,0.5701415967539227,1.0,0.5701415967539227,0.0,0.0
339.80835,1.0,0.5701415967539227,88.0,0.0,1.0,0.5701415967539227,1.0,0.5701415967539227,0.0,0.0
339.47333,1.0,0.5701415967539227,88.0,0.0,1.0,0.5701415967539227,1.0,0.5701415967539227,0.0,0.0
339.70334,1.0,0.5701415967539227,88.0,0.0,1.0,0.5701415967539227,1.0,0.5701415967539227,0.0,0.0
339.58334,1.0,0.5701415967539227,88.0,0.0,1.0,0.5701415967539227,1.0,0.5701415967539227,0.0,0.0
340.035,1.0,0.5701415967539227,87.0,0.0,1.0,0.5701415967539227,1.0,0.5701415967539227,0.0,0.0
339.98334,1.0,0.5701415967539227,87.0,0.0,1.0,0.5701415967539227,1.0,0.5701415967539227,0.0,0.0
339.43668,1.0,0.5701415967539227,87.0,0.0,1.0,0.5701415967539227,1.0,0.5701415967539227,0.0,0.0
339.425,1.0,0.5701415967539227,87.0,0.0,1.0,0.5701415967539227,1.0,0.5701415967539227,0.0,0.0
339.82,1.0,0.5701415967539227,88.0,0.0,1.0,0.5701415967539227,1.0,0.5701415967539227,0.0,0.0
340.33,1.0,0.5701415967539227,88.0,0.0,1.0,0.5701415967539227,1.0,0.5701415967539227,0.0,0.0
340.31668,1.0,0.5701415967539227,88.0,0.0,1.0,0.5701415967539227,1.0,0.5701415967539227,0.0,0.0
339.18167,1.0,0.5701415967539227,88.0,0.0,1.0,0.5701415967539227,1.0,0.5701415967539227,0.0,0.0
339.93167,1.0,0.5701415967539227,88.0,0.0,1.0,0.5701415967539227,1.0,0.5701415967539227,0.0,0.0
339.91168,1.0,0.5701415967539227,88.0,0.0,1.0,0.5701415967539227,1.0,0.5701415967539227,0.0,0.0
340.925,1.0,0.5701415967539227,88.0,0.0,1.0,0.5701415967539227,1.0,0.5701415967539227,0.0,0.0
340.53168,1.0,0.5701415967539227,87.0,0.0,1.0,0.5701415967539227,1.0,0.5701415967539227,0.0,0.0
340.78333,1.0,0.5701415967539227,88.0,0.0,1.0,0.5701415967539227,1.0,0.5701415967539227,0.0,0.0
341.26,1.0,0.5701415967539227,88.0,0.0,1.0,0.5701415967539227,1.0,0.5701415967539227,0.0,0.0
341.695,1.0,0.5701415967539227,88.0,9.692407144816686,1.0,0.5701415967539227,1.0,0.5701415967539227,0.0,0.0
342.80667,1.0,0.5701415967539227,88.0,0.0,1.0,0.5701415967539227,1.0,0.5701415967539227,0.0,0.0
342.73666,1.0,0.5701415967539227,88.0,9.122265548062764,1.0,0.5701415967539227,1.0,0.5701415967539227,0.0,0.0
342.245,1.0,0.5701415967539227,88.0,0.0,1.0,0.5701415967539227,1.0,0.5701415967539227,0.0,0.0
343.07834,1.0,0.5701415967539227,88.0,0.0,1.0,0.5701415967539227,1.0,0.5701415967539227,0.0,0.0
343.248,1.0,0.5701415967539227,88.0,0.0,1.0,0.5701415967539227,1.0,0.5701415967539227,0.0,0.0
340.46,1.0,0.5947252464260151,88.0,63.0408761211576,1.0,0.5947252464260151,1.0,0.5947252464260151,0.0,0.0
340.71832,1.0,0.5947252464260151,88.0,63.63560136758362,1.0,0.5947252464260151,1.0,0.5947252464260151,0.0,0.0
340.55334,1.0,0.5947252464260151,88.0,62.446150874731586,1.0,0.5947252464260151,1.0,0.5947252464260151,0.0,0.0
341.025,1.0,0.5947252464260151,88.0,63.0408761211576,1.0,0.5947252464260151,1.0,0.5947252464260151,0.0,0.0
341.15167,1.0,0.5947252464260151,88.0,62.446150874731586,1.0,0.5947252464260151,1.0,0.5947252464260151,0.0,0.0
341.15668,1.0,0.5947252464260151,88.0,62.446150874731586,1.0,0.5947252464260151,1.0,0.5947252464260151,0.0,0.0
341.245,1.0,0.5947252464260151,88.0,63.0408761211576,1.0,0.5947252464260151,1.0,0.5947252464260151,0.0,0.0
340.79834,1.0,0.5947252464260151,88.0,62.446150874731586,1.0,0.5947252464260151,1.0,0.5947252464260151,0.0,0.0
340.08667,1.0,0.5947252464260151,88.0,62.446150874731586,1.0,0.5947252464260151,1.0,0.5947252464260151,0.0,0.0
340.67,1.0,0.5947252464260151,88.0,61.85142562830557,1.0,0.5947252464260151,1.0,0.5947252464260151,0.0,0.0
340.025,1.0,0.5947252464260151,88.0,62.446150874731586,1.0,0.5947252464260151,1.0,0.5947252464260151,0.0,0.0
340.03668,1.0,0.5947252464260151,88.0,61.85142562830557,1.0,0.5947252464260151,1.0,0.5947252464260151,0.0,0.0
339.78168,1.0,0.5947252464260151,88.0,61.85142562830557,1.0,0.5947252464260151,1.0,0.5947252464260151,0.0,0.0
341.11667,1.0,0.5947252464260151,88.0,61.256700381879554,1.0,0.5947252464260151,1.0,0.5947252464260151,0.0,0.0
340.7083,1.0,0.5947252464260151,88.0,61.256700381879554,1.0,0.5947252464260151,1.0,0.5947252464260151,0.0,0.0
341.08334,1.0,0.5947252464260151,88.0,61.256700381879554,1.0,0.5947252464260151,1.0,0.5947252464260151,0.0,0.0
341.78333,1.0,0.5947252464260151,88.0,61.256700381879554,1.0,0.5947252464260151,1.0,0.5947252464260151,0.0,0.0
341.60498,1.0,0.5947252464260151,88.0,60.66197513545354,1.0,0.5947252464260151,1.0,0.5947252464260151,0.0,0.0
341.16833,1.0,0.5947252464260151,88.0,60.66197513545354,1.0,0.5947252464260151,1.0,0.5947252464260151,0.0,0.0
341.50333,1.0,0.5947252464260151,88.0,60.66197513545354,1.0,0.5947252464260151,1.0,0.5947252464260151,0.0,0.0
341.35834,1.0,0.5947252464260151,88.0,60.66197513545354,1.0,0.5947252464260151,1.0,0.5947252464260151,0.0,0.0
340.885,1.0,0.5947252464260151,88.0,60.66197513545354,1.0,0.5947252464260151,1.0,0.5947252464260151,0.0,0.0
342.04,1.0,0.5947252464260151,88.0,60.66197513545354,1.0,0.5947252464260151,1.0,0.5947252464260151,0.0,0.0
341.93832,1.0,0.5947252464260151,88.0,60.06724988902752,1.0,0.5947252464260151,1.0,0.5947252464260151,0.0,0.0
341.55334,1.0,0.5947252464260151,88.0,60.06724988902752,1.0,0.5947252464260151,1.0,0.5947252464260151,0.0,0.0
341.825,1.0,0.5947252464260151,88.0,60.06724988902752,1.0,0.5947252464260151,1.0,0.5947252464260151,0.0,0.0
341.42166,1.0,0.5947252464260151,88.0,60.06724988902752,1.0,0.5947252464260151,1.0,0.5947252464260151,0.0,0.0
341.52667,1.0,0.5947252464260151,88.0,59.47252464260151,1.0,0.5947252464260151,1.0,0.5947252464260151,0.0,0.0
341.53168,1.0,0.5947252464260151,88.0,59.47252464260151,1.0,0.5947252464260151,1.0,0.5947252464260151,0.0,0.0
341.07,1.0,0.5947252464260151,88.0,59.47252464260151,1.0,0.5947252464260151,1.0,0.5947252464260151,0.0,0.0
341.21832,1.0,0.5947252464260151,88.0,58.8777993961755,1.0,0.5947252464260151,1.0,0.5947252464260151,0.0,0.0
340.00165,1.0,0.5947252464260151,88.0,58.8777993961755,1.0,0.5947252464260151,1.0,0.5947252464260151,0.0,0.0
340.905,1.0,0.5947252464260151,88.0,58.28307414974948,1.0,0.5947252464260151,1.0,0.5947252464260151,0.0,0.0
340.98834,1.0,0.5947252464260151,88.0,58.28307414974948,1.0,0.5947252464260151,1.0,0.5947252464260151,0.0,0.0
340.09167,1.0,0.5947252464260151,87.0,58.28307414974948,1.0,0.5947252464260151,1.0,0.5947252464260151,0.0,0.0
339.80835,1.0,0.5947252464260151,88.0,58.28307414974948,1.0,0.5947252464260151,1.0,0.5947252464260151,0.0,0.0
339.47333,1.0,0.5947252464260151,88.0,58.28307414974948,1.0,0.5947252464260151,1.0,0.5947252464260151,0.0,0.0
339.70334,1.0,0.5947252464260151,88.0,57.688348903323465,1.0,0.5947252464260151,1.0,0.5947252464260151,0.0,0.0
339.58334,1.0,0.5947252464260151,88.0,57.688348903323465,1.0,0.5947252464260151,1.0,0.5947252464260151,0.0,0.0
340.035,1.0,0.5947252464260151,87.0,57.688348903323465,1.0,0.5947252464260151,1.0,0.5947252464260151,0.0,0.0
339.98334,1.0,0.5947252464260151,87.0,57.09362365689745,1.0,0.5947252464260151,1.0,0.5947252464260151,0.0,0.0
339.43668,1.0,0.5947252464260151,87.0,57.688348903323465,1.0,0.5947252464260151,1.0,0.5947252464260151,0.0,0.0
339.425,1.0,0.5947252464260151,87.0,56.49889841047143,1.0,0.5947252464260151,1.0,0.5947252464260151,0.0,0.0
339.82,1.0,0.5947252464260151,88.0,57.09362365689745,1.0,0.5947252464260151,1.0,0.5947252464260151,0.0,0.0
340.33,1.0,0.5947252464260151,88.0,56.49889841047143,1.0,0.5947252464260151,1.0,0.5947252464260151,0.0,0.0
340.31668,1.0,0.5947252464260151,88.0,56.49889841047143,1.0,0.5947252464260151,1.0,0.5947252464260151,0.0,0.0
339.18167,1.0,0.5947252464260151,88.0,55.90417316404542,1.0,0.5947252464260151,1.0,0.5947252464260151,0.0,0.0
339.93167,1.0,0.5947252464260151,88.0,55.90417316404542,1.0,0.5947252464260151,1.0,0.5947252464260151,0.0,0.0
339.91168,1.0,0.5947252464260151,88.0,56.49889841047143,1.0,0.5947252464260151,1.0,0.5947252464260151,0.0,0.0
340.925,1.0,0.5947252464260151,88.0,55.90417316404542,1.0,0.5947252464260151,1.0,0.5947252464260151,0.0,0.0
340.53168,1.0,0.5947252464260151,87.0,55.90417316404542,1.0,0.5947252464260151,1.0,0.5947252464260151,0.0,0.0
340.78333,1.0,0.5947252464260151,88.0,55.90417316404542,1.0,0.5947252464260151,1.0,0.5947252464260151,0.0,0.0
341.26,1.0,0.5947252464260151,88.0,55.90417316404542,1.0,0.5947252464260151,1.0,0.5947252464260151,0.0,0.0
341.695,1.0,0.5947252464260151,88.0,55.90417316404542,1.0,0.5947252464260151,1.0,0.5947252464260151,0.0,0.0
342.80667,1.0,0.5947252464260151,88.0,55.3094479176194,1.0,0.5947252464260151,1.0,0.5947252464260151,0.0,0.0
342.73666,1.0,0.5947252464260151,88.0,55.3094479176194,1.0,0.5947252464260151,1.0,0.5947252464260151,0.0,0.0
342.245,1.0,0.5947252464260151,88.0,55.90417316404542,1.0,0.5947252464260151,1.0,0.5947252464260151,0.0,0.0
343.07834,1.0,0.5947252464260151,88.0,55.3094479176194,1.0,0.5947252464260151,1.0,0.5947252464260151,0.0,0.0
343.248,1.0,0.5947252464260151,88.0,55.3094479176194,1.0,0.5947252464260151,1.0,0.5947252464260151,0.0,0.0
342.39334,1.0,0.5947252464260151,88.0,54.714722671193385,1.0,0.5947252464260151,1.0,0.5947252464260151,0.0,0.0
340.71832,1.0,0.5947671550830381,88.0,63.64008559388508,1.0,0.5947671550830381,1.0,0.5947671550830381,0.0,0.0
340.55334,1.0,0.5947671550830381,88.0,62.450551283719,1.0,0.5947671550830381,1.0,0.5947671550830381,0.0,0.0
341.025,1.0,0.5947671550830381,88.0,63.04531843880204,1.0,0.5947671550830381,1.0,0.5947671550830381,0.0,0.0
341.15167,1.0,0.5947671550830381,88.0,62.450551283719,1.0,0.5947671550830381,1.0,0.5947671550830381,0.0,0.0
341.15668,1.0,0.5947671550830381,88.0,62.450551283719,1.0,0.5947671550830381,1.0,0.5947671550830381,0.0,0.0
341.245,1.0,0.5947671550830381,88.0,63.04531843880204,1.0,0.5947671550830381,1.0,0.5947671550830381,0.0,0.0
340.79834,1.0,0.5947671550830381,88.0,62.450551283719,1.0,0.5947671550830381,1.0,0.5947671550830381,0.0,0.0
340.08667,1.0,0.5947671550830381,88.0,62.450551283719,1.0,0.5947671550830381,1.0,0.5947671550830381,0.0,0.0
340.67,1.0,0.5947671550830381,88.0,61.85578412863597,1.0,0.5947671550830381,1.0,0.5947671550830381,0.0,0.0
340.025,1.0,0.5947671550830381,88.0,62.450551283719,1.0,0.5947671550830381,1.0,0.5947671550830381,0.0,0.0
340.03668,1.0,0.5947671550830381,88.0,61.85578412863597,1.0,0.5947671550830381,1.0,0.5947671550830381,0.0,0.0
339.78168,1.0,0.5947671550830381,88.0,61.85578412863597,1.0,0.5947671550830381,1.0,0.5947671550830381,0.0,0.0
341.11667,1.0,0.5947671550830381,88.0,61.26101697355293,1.0,0.5947671550830381,1.0,0.5947671550830381,0.0,0.0
340.7083,1.0,0.5947671550830381,88.0,61.26101697355293,1.0,0.5947671550830381,1.0,0.5947671550830381,0.0,0.0
341.08334,1.0,0.5947671550830381,88.0,61.26101697355293,1.0,0.5947671550830381,1.0,0.5947671550830381,0.0,0.0
341.78333,1.0,0.5947671550830381,88.0,61.26101697355293,1.0,0.5947671550830381,1.0,0.5947671550830381,0.0,0.0
341.60498,1.0,0.5947671550830381,88.0,60.666249818469886,1.0,0.5947671550830381,1.0,0.5947671550830381,0.0,0.0
341.16833,1.0,0.5947671550830381,88.0,60.666249818469886,1.0,0.5947671550830381,1.0,0.5947671550830381,0.0,0.0
341.50333,1.0,0.5947671550830381,88.0,60.666249818469886,1.0,0.5947671550830381,1.0,0.5947671550830381,0.0,0.0
341.35834,1.0,0.5947671550830381,88.0,60.666249818469886,1.0,0.5947671550830381,1.0,0.5947671550830381,0.0,0.0
340.885,1.0,0.5947671550830381,88.0,60.666249818469886,1.0,0.5947671550830381,1.0,0.5947671550830381,0.0,0.0
342.04,1.0,0.5947671550830381,88.0,60.666249818469886,1.0,0.5947671550830381,1.0,0.5947671550830381,0.0,0.0
341.93832,1.0,0.5947671550830381,88.0,60.07148266338685,1.0,0.5947671550830381,1.0,0.5947671550830381,0.0,0.0
341.55334,1.0,0.5947671550830381,88.0,60.07148266338685,1.0,0.5947671550830381,1.0,0.5947671550830381,0.0,0.0
341.825,1.0,0.5947671550830381,88.0,60.07148266338685,1.0,0.5947671550830381,1.0,0.5947671550830381,0.0,0.0
341.42166,1.0,0.5947671550830381,88.0,60.07148266338685,1.0,0.5947671550830381,1.0,0.5947671550830381,0.0,0.0
341.52667,1.0,0.5947671550830381,88.0,59.47671550830381,1.0,0.5947671550830381,1.0,0.5947671550830381,0.0,0.0
341.53168,1.0,0.5947671550830381,88.0,59.47671550830381,1.0,0.5947671550830381,1.0,0.5947671550830381,0.0,0.0
341.07,1.0,0.5947671550830381,88.0,59.47671550830381,1.0,0.5947671550830381,1.0,0.5947671550830381,0.0,0.0
341.21832,1.0,0.5947671550830381,88.0,58.88194835322077,1.0,0.5947671550830381,1.0,0.5947671550830381,0.0,0.0
340.00165,1.0,0.5947671550830381,88.0,58.88194835322077,1.0,0.5947671550830381,1.0,0.5947671550830381,0.0,0.0
340.905,1.0,0.5947671550830381,88.0,58.28718119813774,1.0,0.5947671550830381,1.0,0.5947671550830381,0.0,0.0
340.98834,1.0,0.5947671550830381,88.0,58.28718119813774,1.0,0.5947671550830381,1.0,0.5947671550830381,0.0,0.0
340.09167,1.0,0.5947671550830381,87.0,58.28718119813774,1.0,0.5947671550830381,1.0,0.5947671550830381,0.0,0.0
339.80835,1.0,0.5947671550830381,88.0,58.28718119813774,1.0,0.5947671550830381,1.0,0.5947671550830381,0.0,0.0
339.47333,1.0,0.5947671550830381,88.0,58.28718119813774,1.0,0.5947671550830381,1.0,0.5947671550830381,0.0,0.0
339.70334,1.0,0.5947671550830381,88.0,57.6924140430547,1.0,0.5947671550830381,1.0,0.5947671550830381,0.0,0.0
339.58334,1.0,0.5947671550830381,88.0,57.6924140430547,1.0,0.5947671550830381,1.0,0.5947671550830381,0.0,0.0
340.035,1.0,0.5947671550830381,87.0,57.6924140430547,1.0,0.5947671550830381,1.0,0.5947671550830381,0.0,0.0
339.98334,1.0,0.5947671550830381,87.0,57.09764688797166,1.0,0.5947671550830381,1.0,0.5947671550830381,0.0,0.0
339.43668,1.0,0.5947671550830381,87.0,57.6924140430547,1.0,0.5947671550830381,1.0,0.5947671550830381,0.0,0.0
339.425,1.0,0.5947671550830381,87.0,56.50287973288862,1.0,0.5947671550830381,1.0,0.5947671550830381,0.0,0.0
339.82,1.0,0.5947671550830381,88.0,57.09764688797166,1.0,0.5947671550830381,1.0,0.5947671550830381,0.0,0.0
340.33,1.0,0.5947671550830381,88.0,56.50287973288862,1.0,0.5947671550830381,1.0,0.5947671550830381,0.0,0.0
340.31668,1.0,0.5947671550830381,88.0,56.50287973288862,1.0,0.5947671550830381,1.0,0.5947671550830381,0.0,0.0
339.18167,1.0,0.5947671550830381,88.0,55.90811257780558,1.0,0.5947671550830381,1.0,0.5947671550830381,0.0,0.0
339.93167,1.0,0.5947671550830381,88.0,55.90811257780558,1.0,0.5947671550830381,1.0,0.5947671550830381,0.0,0.0
339.91168,1.0,0.5947671550830381,88.0,56.50287973288862,1.0,0.5947671550830381,1.0,0.5947671550830381,0.0,0.0
340.925,1.0,0.5947671550830381,88.0,55.90811257780558,1.0,0.5947671550830381,1.0,0.5947671550830381,0.0,0.0
340.53168,1.0,0.5947671550830381,87.0,55.90811257780558,1.0,0.5947671550830381,1.0,0.5947671550830381,0.0,0.0
340.78333,1.0,0.5947671550830381,88.0,55.90811257780558,1.0,0.5947671550830381,1.0,0.5947671550830381,0.0,0.0
341.26,1.0,0.5947671550830381,88.0,55.90811257780558,1.0,0.5947671550830381,1.0,0.5947671550830381,0.0,0.0
341.695,1.0,0.5947671550830381,88.0,55.90811257780558,1.0,0.5947671550830381,1.0,0.5947671550830381,0.0,0.0
342.80667,1.0,0.5947671550830381,88.0,55.31334542272255,1.0,0.5947671550830381,1.0,0.5947671550830381,0.0,0.0
342.73666,1.0,0.5947671550830381,88.0,55.31334542272255,1.0,0.5947671550830381,1.0,0.5947671550830381,0.0,0.0
342.245,1.0,0.5947671550830381,88.0,55.90811257780558,1.0,0.5947671550830381,1.0,0.5947671550830381,0.0,0.0
343.07834,1.0,0.5947671550830381,88.0,55.31334542272255,1.0,0.5947671550830381,1.0,0.5947671550830381,0.0,0.0
343.248,1.0,0.5947671550830381,88.0,55.31334542272255,1.0,0.5947671550830381,1.0,0.5947671550830381,0.0,0.0
342.39334,1.0,0.5947671550830381,88.0,54.71857826763951,1.0,0.5947671550830381,1.0,0.5947671550830381,0.0,0.0
342.10333,1.0,0.5947671550830381,88.0,55.31334542272255,1.0,0.5947671550830381,1.0,0.5947671550830381,0.0,0.0
340.55334,1.0,0.4718862395170207,88.0,115.61212868167007,1.0,0.4718862395170207,1.0,0.4718862395170207,0.0,0.0
341.025,1.0,0.4718862395170207,88.0,115.14024244215305,1.0,0.4718862395170207,1.0,0.4718862395170207,0.0,0.0
341.15167,1.0,0.4718862395170207,88.0,115.61212868167007,1.0,0.4718862395170207,1.0,0.4718862395170207,0.0,0.0
341.15668,1.0,0.4718862395170207,88.0,115.14024244215305,1.0,0.4718862395170207,1.0,0.4718862395170207,0.0,0.0
341.245,1.0,0.4718862395170207,88.0,115.61212868167007,1.0,0.4718862395170207,1.0,0.4718862395170207,0.0,0.0
340.79834,1.0,0.4718862395170207,88.0,116.08401492118709,1.0,0.4718862395170207,1.0,0.4718862395170207,0.0,0.0
340.08667,1.0,0.4718862395170207,88.0,116.08401492118709,1.0,0.4718862395170207,1.0,0.4718862395170207,0.0,0.0
340.67,1.0,0.4718862395170207,88.0,116.08401492118709,1.0,0.4718862395170207,1.0,0.4718862395170207,0.0,0.0
340.025,1.0,0.4718862395170207,88.0,115.61212868167007,1.0,0.4718862395170207,1.0,0.4718862395170207,0.0,0.0
340.03668,1.0,0.4718862395170207,88.0,115.61212868167007,1.0,0.4718862395170207,1.0,0.4718862395170207,0.0,0.0
339.78168,1.0,0.4718862395170207,88.0,113.72458372360198,1.0,0.4718862395170207,1.0,0.4718862395170207,0.0,0.0
341.11667,1.0,0.4718862395170207,88.0,113.25269748408496,1.0,0.4718862395170207,1.0,0.4718862395170207,0.0,0.0
340.7083,1.0,0.4718862395170207,88.0,113.25269748408496,1.0,0.4718862395170207,1.0,0.4718862395170207,0.0,0.0
341.08334,1.0,0.4718862395170207,88.0,114.66835620263603,1.0,0.4718862395170207,1.0,0.4718862395170207,0.0,0.0
341.78333,1.0,0.4718862395170207,88.0,114.66835620263603,1.0,0.4718862395170207,1.0,0.4718862395170207,0.0,0.0
341.60498,1.0,0.4718862395170207,88.0,113.72458372360198,1.0,0.4718862395170207,1.0,0.4718862395170207,0.0,0.0
341.16833,1.0,0.4718862395170207,88.0,113.25269748408496,1.0,0.4718862395170207,1.0,0.4718862395170207,0.0,0.0
341.50333,1.0,0.4718862395170207,88.0,112.78081124456794,1.0,0.4718862395170207,1.0,0.4718862395170207,0.0,0.0
341.35834,1.0,0.4718862395170207,88.0,113.25269748408496,1.0,0.4718862395170207,1.0,0.4718862395170207,0.0,0.0
340.885,1.0,0.4718862395170207,88.0,112.78081124456794,1.0,0.4718862395170207,1.0,0.4718862395170207,0.0,0.0
342.04,1.0,0.4718862395170207,88.0,113.72458372360198,1.0,0.4718862395170207,1.0,0.4718862395170207,0.0,0.0
341.93832,1.0,0.4718862395170207,88.0,113.72458372360198,1.0,0.4718862395170207,1.0,0.4718862395170207,0.0,0.0
341.55334,1.0,0.4718862395170207,88.0,113.72458372360198,1.0,0.4718862395170207,1.0,0.4718862395170207,0.0,0.0
341.825,1.0,0.4718862395170207,88.0,112.30892500505092,1.0,0.4718862395170207,1.0,0.4718862395170207,0.0,0.0
341.42166,1.0,0.4718862395170207,88.0,112.78081124456794,1.0,0.4718862395170207,1.0,0.4718862395170207,0.0,0.0
341.52667,1.0,0.4718862395170207,88.0,113.25269748408496,1.0,0.4718862395170207,1.0,0.4718862395170207,0.0,0.0
341.53168,1.0,0.4718862395170207,88.0,113.72458372360198,1.0,0.4718862395170207,1.0,0.4718862395170207,0.0,0.0
341.07,1.0,0.4718862395170207,88.0,113.25269748408496,1.0,0.4718862395170207,1.0,0.4718862395170207,0.0,0.0
341.21832,1.0,0.4718862395170207,88.0,113.25269748408496,1.0,0.4718862395170207,1.0,0.4718862395170207,0.0,0.0
340.00165,1.0,0.4718862395170207,88.0,113.72458372360198,1.0,0.4718862395170207,1.0,0.4718862395170207,0.0,0.0
340.905,1.0,0.4718862395170207,88.0,113.25269748408496,1.0,0.4718862395170207,1.0,0.4718862395170207,0.0,0.0
340.98834,1.0,0.4718862395170207,88.0,113.25269748408496,1.0,0.4718862395170207,1.0,0.4718862395170207,0.0,0.0
340.09167,1.0,0.4718862395170207,87.0,111.36515252601689,1.0,0.4718862395170207,1.0,0.4718862395170207,0.0,0.0
339.80835,1.0,0.4718862395170207,88.0,111.36515252601689,1.0,0.4718862395170207,1.0,0.4718862395170207,0.0,0.0
339.47333,1.0,0.4718862395170207,88.0,110.89326628649987,1.0,0.4718862395170207,1.0,0.4718862395170207,0.0,0.0
339.70334,1.0,0.4718862395170207,88.0,110.89326628649987,1.0,0.4718862395170207,1.0,0.4718862395170207,0.0,0.0
339.58334,1.0,0.4718862395170207,88.0,111.8370387655339,1.0,0.4718862395170207,1.0,0.4718862395170207,0.0,0.0
340.035,1.0,0.4718862395170207,87.0,111.36515252601689,1.0,0.4718862395170207,1.0,0.4718862395170207,0.0,0.0
339.98334,1.0,0.4718862395170207,87.0,111.8370387655339,1.0,0.4718862395170207,1.0,0.4718862395170207,0.0,0.0
339.43668,1.0,0.4718862395170207,87.0,111.36515252601689,1.0,0.4718862395170207,1.0,0.4718862395170207,0.0,0.0
339.425,1.0,0.4718862395170207,87.0,110.89326628649987,1.0,0.4718862395170207,1.0,0.4718862395170207,0.0,0.0
339.82,1.0,0.4718862395170207,88.0,111.8370387655339,1.0,0.4718862395170207,1.0,0.4718862395170207,0.0,0.0
340.33,1.0,0.4718862395170207,88.0,112.30892500505092,1.0,0.4718862395170207,1.0,0.4718862395170207,0.0,0.0
340.31668,1.0,0.4718862395170207,88.0,112.78081124456794,1.0,0.4718862395170207,1.0,0.4718862395170207,0.0,0.0
339.18167,1.0,0.4718862395170207,88.0,111.8370387655339,1.0,0.4718862395170207,1.0,0.4718862395170207,0.0,0.0
339.93167,1.0,0.4718862395170207,88.0,111.36515252601689,1.0,0.4718862395170207,1.0,0.4718862395170207,0.0,0.0
339.91168,1.0,0.4718862395170207,88.0,112.30892500505092,1.0,0.4718862395170207,1.0,0.4718862395170207,0.0,0.0
340.925,1.0,0.4718862395170207,88.0,112.78081124456794,1.0,0.4718862395170207,1.0,0.4718862395170207,0.0,0.0
340.53168,1.0,0.4718862395170207,87.0,112.78081124456794,1.0,0.4718862395170207,1.0,0.4718862395170207,0.0,0.0
340.78333,1.0,0.4718862395170207,88.0,112.30892500505092,1.0,0.4718862395170207,1.0,0.4718862395170207,0.0,0.0
341.26,1.0,0.4718862395170207,88.0,112.78081124456794,1.0,0.4718862395170207,1.0,0.4718862395170207,0.0,0.0
341.695,1.0,0.4718862395170207,88.0,112.78081124456794,1.0,0.4718862395170207,1.0,0.4718862395170207,0.0,0.0
342.80667,1.0,0.4718862395170207,88.0,112.78081124456794,1.0,0.4718862395170207,1.0,0.4718862395170207,0.0,0.0
342.73666,1.0,0.4718862395170207,88.0,112.78081124456794,1.0,0.4718862395170207,1.0,0.4718862395170207,0.0,0.0
342.245,1.0,0.4718862395170207,88.0,112.78081124456794,1.0,0.4718862395170207,1.0,0.4718862395170207,0.0,0.0
343.07834,1.0,0.4718862395170207,88.0,112.30892500505092,1.0,0.4718862395170207,1.0,0.4718862395170207,0.0,0.0
343.248,1.0,0.4718862395170207,88.0,112.78081124456794,1.0,0.4718862395170207,1.0,0.4718862395170207,0.0,0.0
342.39334,1.0,0.4718862395170207,88.0,112.30892500505092,1.0,0.4718862395170207,1.0,0.4718862395170207,0.0,0.0
342.10333,1.0,0.4718862395170207,88.0,113.25269748408496,1.0,0.4718862395170207,1.0,0.4718862395170207,0.0,0.0
342.66666,1.0,0.4718862395170207,87.0,113.25269748408496,1.0,0.4718862395170207,1.0,0.4718862395170207,0.0,0.0
341.025,1.0,0.4712412230540292,88.0,114.98285842518312,1.0,0.4712412230540292,1.0,0.4712412230540292,0.0,0.0
341.15167,1.0,0.4712412230540292,88.0,115.45409964823716,1.0,0.4712412230540292,1.0,0.4712412230540292,0.0,0.0
341.15668,1.0,0.4712412230540292,88.0,114.98285842518312,1.0,0.4712412230540292,1.0,0.4712412230540292,0.0,0.0
341.245,1.0,0.4712412230540292,88.0,115.45409964823716,1.0,0.4712412230540292,1.0,0.4712412230540292,0.0,0.0
340.79834,1.0,0.4712412230540292,88.0,115.92534087129118,1.0,0.4712412230540292,1.0,0.4712412230540292,0.0,0.0
340.08667,1.0,0.4712412230540292,88.0,115.92534087129118,1.0,0.4712412230540292,1.0,0.4712412230540292,0.0,0.0
340.67,1.0,0.4712412230540292,88.0,115.92534087129118,1.0,0.4712412230540292,1.0,0.4712412230540292,0.0,0.0
340.025,1.0,0.4712412230540292,88.0,115.45409964823716,1.0,0.4712412230540292,1.0,0.4712412230540292,0.0,0.0
340.03668,1.0,0.4712412230540292,88.0,115.45409964823716,1.0,0.4712412230540292,1.0,0.4712412230540292,0.0,0.0
339.78168,1.0,0.4712412230540292,88.0,113.56913475602104,1.0,0.4712412230540292,1.0,0.4712412230540292,0.0,0.0
341.11667,1.0,0.4712412230540292,88.0,113.097893532967,1.0,0.4712412230540292,1.0,0.4712412230540292,0.0,0.0
340.7083,1.0,0.4712412230540292,88.0,113.097893532967,1.0,0.4712412230540292,1.0,0.4712412230540292,0.0,0.0
341.08334,1.0,0.4712412230540292,88.0,114.5116172021291,1.0,0.4712412230540292,1.0,0.4712412230540292,0.0,0.0
341.78333,1.0,0.4712412230540292,88.0,114.5116172021291,1.0,0.4712412230540292,1.0,0.4712412230540292,0.0,0.0
341.60498,1.0,0.4712412230540292,88.0,113.56913475602104,1.0,0.4712412230540292,1.0,0.4712412230540292,0.0,0.0
341.16833,1.0,0.4712412230540292,88.0,113.097893532967,1.0,0.4712412230540292,1.0,0.4712412230540292,0.0,0.0
341.50333,1.0,0.4712412230540292,88.0,112.62665230991298,1.0,0.4712412230540292,1.0,0.4712412230540292,0.0,0.0
341.35834,1.0,0.4712412230540292,88.0,113.097893532967,1.0,0.4712412230540292,1.0,0.4712412230540292,0.0,0.0
340.885,1.0,0.4712412230540292,88.0,112.62665230991298,1.0,0.4712412230540292,1.0,0.4712412230540292,0.0,0.0
342.04,1.0,0.4712412230540292,88.0,113.56913475602104,1.0,0.4712412230540292,1.0,0.4712412230540292,0.0,0.0
341.93832,1.0,0.4712412230540292,88.0,113.56913475602104,1.0,0.4712412230540292,1.0,0.4712412230540292,0.0,0.0
341.55334,1.0,0.4712412230540292,88.0,113.56913475602104,1.0,0.4712412230540292,1.0,0.4712412230540292,0.0,0.0
341.825,1.0,0.4712412230540292,88.0,112.15541108685895,1.0,0.4712412230540292,1.0,0.4712412230540292,0.0,0.0
341.42166,1.0,0.4712412230540292,88.0,112.62665230991298,1.0,0.4712412230540292,1.0,0.4712412230540292,0.0,0.0
341.52667,1.0,0.4712412230540292,88.0,113.097893532967,1.0,0.4712412230540292,1.0,0.4712412230540292,0.0,0.0
341.53168,1.0,0.4712412230540292,88.0,113.56913475602104,1.0,0.4712412230540292,1.0,0.4712412230540292,0.0,0.0
341.07,1.0,0.4712412230540292,88.0,113.097893532967,1.0,0.4712412230540292,1.0,0.4712412230540292,0.0,0.0
341.21832,1.0,0.4712412230540292,88.0,113.097893532967,1.0,0.4712412230540292,1.0,0.4712412230540292,0.0,0.0
340.00165,1.0,0.4712412230540292,88.0,113.56913475602104,1.0,0.4712412230540292,1.0,0.4712412230540292,0.0,0.0
340.905,1.0,0.4712412230540292,88.0,113.097893532967,1.0,0.4712412230540292,1.0,0.4712412230540292,0.0,0.0
340.98834,1.0,0.4712412230540292,88.0,113.097893532967,1.0,0.4712412230540292,1.0,0.4712412230540292,0.0,0.0
340.09167,1.0,0.4712412230540292,87.0,111.21292864075089,1.0,0.4712412230540292,1.0,0.4712412230540292,0.0,0.0
339.80835,1.0,0.4712412230540292,88.0,111.21292864075089,1.0,0.4712412230540292,1.0,0.4712412230540292,0.0,0.0
339.47333,1.0,0.4712412230540292,88.0,110.74168741769687,1.0,0.4712412230540292,1.0,0.4712412230540292,0.0,0.0
339.70334,1.0,0.4712412230540292,88.0,110.74168741769687,1.0,0.4712412230540292,1.0,0.4712412230540292,0.0,0.0
339.58334,1.0,0.4712412230540292,88.0,111.68416986380493,1.0,0.4712412230540292,1.0,0.4712412230540292,0.0,0.0
340.035,1.0,0.4712412230540292,87.0,111.21292864075089,1.0,0.4712412230540292,1.0,0.4712412230540292,0.0,0.0
339.98334,1.0,0.4712412230540292,87.0,111.68416986380493,1.0,0.4712412230540292,1.0,0.4712412230540292,0.0,0.0
339.43668,1.0,0.4712412230540292,87.0,111.21292864075089,1.0,0.4712412230540292,1.0,0.4712412230540292,0.0,0.0
339.425,1.0,0.4712412230540292,87.0,110.74168741769687,1.0,0.4712412230540292,1.0,0.4712412230540292,0.0,0.0
339.82,1.0,0.4712412230540292,88.0,111.68416986380493,1.0,0.4712412230540292,1.0,0.4712412230540292,0.0,0.0
340.33,1.0,0.4712412230540292,88.0,112.15541108685895,1.0,0.4712412230540292,1.0,0.4712412230540292,0.0,0.0
340.31668,1.0,0.4712412230540292,88.0,112.62665230991298,1.0,0.4712412230540292,1.0,0.4712412230540292,0.0,0.0
339.18167,1.0,0.4712412230540292,88.0,111.68416986380493,1.0,0.4712412230540292,1.0,0.4712412230540292,0.0,0.0
339.93167,1.0,0.4712412230540292,88.0,111.21292864075089,1.0,0.4712412230540292,1.0,0.4712412230540292,0.0,0.0
339.91168,1.0,0.4712412230540292,88.0,112.15541108685895,1.0,0.4712412230540292,1.0,0.4712412230540292,0.0,0.0
340.925,1.0,0.4712412230540292,88.0,112.62665230991298,1.0,0.4712412230540292,1.0,0.4712412230540292,0.0,0.0
340.53168,1.0,0.4712412230540292,87.0,112.62665230991298,1.0,0.4712412230540292,1.0,0.4712412230540292,0.0,0.0
340.78333,1.0,0.4712412230540292,88.0,112.15541108685895,1.0,0.4712412230540292,1.0,0.4712412230540292,0.0,0.0
341.26,1.0,0.4712412230540292,88.0,112.62665230991298,1.0,0.4712412230540292,1.0,0.4712412230540292,0.0,0.0
341.695,1.0,0.4712412230540292,88.0,112.62665230991298,1.0,0.4712412230540292,1.0,0.4712412230540292,0.0,0.0
342.80667,1.0,0.4712412230540292,88.0,112.62665230991298,1.0,0.4712412230540292,1.0,0.4712412230540292,0.0,0.0
342.73666,1.0,0.4712412230540292,88.0,112.62665230991298,1.0,0.4712412230540292,1.0,0.4712412230540292,0.0,0.0
342.245,1.0,0.4712412230540292,88.0,112.62665230991298,1.0,0.4712412230540292,1.0,0.4712412230540292,0.0,0.0
343.07834,1.0,0.4712412230540292,88.0,112.15541108685895,1.0,0.4712412230540292,1.0,0.4712412230540292,0.0,0.0
343.248,1.0,0.4712412230540292,88.0,112.62665230991298,1.0,0.4712412230540292,1.0,0.4712412230540292,0.0,0.0
342.39334,1.0,0.4712412230540292,88.0,112.15541108685895,1.0,0.4712412230540292,1.0,0.4712412230540292,0.0,0.0
342.10333,1.0,0.4712412230540292,88.0,113.097893532967,1.0,0.4712412230540292,1.0,0.4712412230540292,0.0,0.0
342.66666,1.0,0.4712412230540292,87.0,113.097893532967,1.0,0.4712412230540292,1.0,0.4712412230540292,0.0,0.0
342.06,1.0,0.4712412230540292,87.0,113.097893532967,1.0,0.4712412230540292,1.0,0.4712412230540292,0.0,0.0
341.15167,1.0,0.4708042018207297,88.0,115.34702944607878,1.0,0.4708042018207297,1.0,0.4708042018207297,0.0,0.0
341.15668,1.0,0.4708042018207297,88.0,114.87622524425804,1.0,0.4708042018207297,1.0,0.4708042018207297,0.0,0.0
341.245,1.0,0.4708042018207297,88.0,115.34702944607878,1.0,0.4708042018207297,1.0,0.4708042018207297,0.0,0.0
340.79834,1.0,0.4708042018207297,88.0,115.8178336478995,1.0,0.4708042018207297,1.0,0.4708042018207297,0.0,0.0
340.08667,1.0,0.4708042018207297,88.0,115.8178336478995,1.0,0.4708042018207297,1.0,0.4708042018207297,0.0,0.0
340.67,1.0,0.4708042018207297,88.0,115.8178336478995,1.0,0.4708042018207297,1.0,0.4708042018207297,0.0,0.0
340.025,1.0,0.4708042018207297,88.0,115.34702944607878,1.0,0.4708042018207297,1.0,0.4708042018207297,0.0,0.0
340.03668,1.0,0.4708042018207297,88.0,115.34702944607878,1.0,0.4708042018207297,1.0,0.4708042018207297,0.0,0.0
339.78168,1.0,0.4708042018207297,88.0,113.46381263879586,1.0,0.4708042018207297,1.0,0.4708042018207297,0.0,0.0
341.11667,1.0,0.4708042018207297,88.0,112.99300843697512,1.0,0.4708042018207297,1.0,0.4708042018207297,0.0,0.0
340.7083,1.0,0.4708042018207297,88.0,112.99300843697512,1.0,0.4708042018207297,1.0,0.4708042018207297,0.0,0.0
341.08334,1.0,0.4708042018207297,88.0,114.40542104243731,1.0,0.4708042018207297,1.0,0.4708042018207297,0.0,0.0
341.78333,1.0,0.4708042018207297,88.0,114.40542104243731,1.0,0.4708042018207297,1.0,0.4708042018207297,0.0,0.0
341.60498,1.0,0.4708042018207297,88.0,113.46381263879586,1.0,0.4708042018207297,1.0,0.4708042018207297,0.0,0.0
341.16833,1.0,0.4708042018207297,88.0,112.99300843697512,1.0,0.4708042018207297,1.0,0.4708042018207297,0.0,0.0
341.50333,1.0,0.4708042018207297,88.0,112.52220423515439,1.0,0.4708042018207297,1.0,0.4708042018207297,0.0,0.0
341.35834,1.0,0.4708042018207297,88.0,112.99300843697512,1.0,0.4708042018207297,1.0,0.4708042018207297,0.0,0.0
340.885,1.0,0.4708042018207297,88.0,112.52220423515439,1.0,0.4708042018207297,1.0,0.4708042018207297,0.0,0.0
342.04,1.0,0.4708042018207297,88.0,113.46381263879586,1.0,0.4708042018207297,1.0,0.4708042018207297,0.0,0.0
341.93832,1.0,0.4708042018207297,88.0,113.46381263879586,1.0,0.4708042018207297,1.0,0.4708042018207297,0.0,0.0
341.55334,1.0,0.4708042018207297,88.0,113.46381263879586,1.0,0.4708042018207297,1.0,0.4708042018207297,0.0,0.0
341.825,1.0,0.4708042018207297,88.0,112.05140003333366,1.0,0.4708042018207297,1.0,0.4708042018207297,0.0,0.0
341.42166,1.0,0.4708042018207297,88.0,112.52220423515439,1.0,0.4708042018207297,1.0,0.4708042018207297,0.0,0.0
341.52667,1.0,0.4708042018207297,88.0,112.99300843697512,1.0,0.4708042018207297,1.0,0.4708042018207297,0.0,0.0
341.53168,1.0,0.4708042018207297,88.0,113.46381263879586,1.0,0.4708042018207297,1.0,0.4708042018207297,0.0,0.0
341.07,1.0,0.4708042018207297,88.0,112.99300843697512,1.0,0.4708042018207297,1.0,0.4708042018207297,0.0,0.0
341.21832,1.0,0.4708042018207297,88.0,112.99300843697512,1.0,0.4708042018207297,1.0,0.4708042018207297,0.0,0.0
340.00165,1.0,0.4708042018207297,88.0,113.46381263879586,1.0,0.4708042018207297,1.0,0.4708042018207297,0.0,0.0
340.905,1.0,0.4708042018207297,88.0,112.99300843697512,1.0,0.4708042018207297,1.0,0.4708042018207297,0.0,0.0
340.98834,1.0,0.4708042018207297,88.0,112.99300843697512,1.0,0.4708042018207297,1.0,0.4708042018207297,0.0,0.0
340.09167,1.0,0.4708042018207297,87.0,111.10979162969221,1.0,0.4708042018207297,1.0,0.4708042018207297,0.0,0.0
339.80835,1.0,0.4708042018207297,88.0,111.10979162969221,1.0,0.4708042018207297,1.0,0.4708042018207297,0.0,0.0
339.47333,1.0,0.4708042018207297,88.0,110.63898742787147,1.0,0.4708042018207297,1.0,0.4708042018207297,0.0,0.0
339.70334,1.0,0.4708042018207297,88.0,110.63898742787147,1.0,0.4708042018207297,1.0,0.4708042018207297,0.0,0.0
339.58334,1.0,0.4708042018207297,88.0,111.58059583151294,1.0,0.4708042018207297,1.0,0.4708042018207297,0.0,0.0
340.035,1.0,0.4708042018207297,87.0,111.10979162969221,1.0,0.4708042018207297,1.0,0.4708042018207297,0.0,0.0
339.98334,1.0,0.4708042018207297,87.0,111.58059583151294,1.0,0.4708042018207297,1.0,0.4708042018207297,0.0,0.0
339.43668,1.0,0.4708042018207297,87.0,111.10979162969221,1.0,0.4708042018207297,1.0,0.4708042018207297,0.0,0.0
339.425,1.0,0.4708042018207297,87.0,110.63898742787147,1.0,0.4708042018207297,1.0,0.4708042018207297,0.0,0.0
339.82,1.0,0.4708042018207297,88.0,111.58059583151294,1.0,0.4708042018207297,1.0,0.4708042018207297,0.0,0.0
340.33,1.0,0.4708042018207297,88.0,112.05140003333366,1.0,0.4708042018207297,1.0,0.4708042018207297,0.0,0.0
340.31668,1.0,0.4708042018207297,88.0,112.52220423515439,1.0,0.4708042018207297,1.0,0.4708042018207297,0.0,0.0
339.18167,1.0,0.4708042018207297,88.0,111.58059583151294,1.0,0.4708042018207297,1.0,0.4708042018207297,0.0,0.0
339.93167,1.0,0.4708042018207297,88.0,111.10979162969221,1.0,0.4708042018207297,1.0,0.4708042018207297,0.0,0.0
339.91168,1.0,0.4708042018207297,88.0,112.05140003333366,1.0,0.4708042018207297,1.0,0.4708042018207297,0.0,0.0
340.925,1.0,0.4708042018207297,88.0,112.52220423515439,1.0,0.4708042018207297,1.0,0.4708042018207297,0.0,0.0
340.53168,1.0,0.4708042018207297,87.0,112.52220423515439,1.0,0.4708042018207297,1.0,0.4708042018207297,0.0,0.0
340.78333,1.0,0.4708042018207297,88.0,112.05140003333366,1.0,0.4708042018207297,1.0,0.4708042018207297,0.0,0.0
341.26,1.0,0.4708042018207297,88.0,112.52220423515439,1.0,0.4708042018207297,1.0,0.4708042018207297,0.0,0.0
341.695,1.0,0.4708042018207297,88.0,112.52220423515439,1.0,0.4708042018207297,1.0,0.4708042018207297,0.0,0.0
342.80667,1.0,0.4708042018207297,88.0,112.52220423515439,1.0,0.4708042018207297,1.0,0.4708042018207297,0.0,0.0
342.73666,1.0,0.4708042018207297,88.0,112.52220423515439,1.0,0.4708042018207297,1.0,0.4708042018207297,0.0,0.0
342.245,1.0,0.4708042018207297,88.0,112.52220423515439,1.0,0.4708042018207297,1.0,0.4708042018207297,0.0,0.0
343.07834,1.0,0.4708042018207297,88.0,112.05140003333366,1.0,0.4708042018207297,1.0,0.4708042018207297,0.0,0.0
343.248,1.0,0.4708042018207297,88.0,112.52220423515439,1.0,0.4708042018207297,1.0,0.4708042018207297,0.0,0.0
342.39334,1.0,0.4708042018207297,88.0,112.05140003333366,1.0,0.4708042018207297,1.0,0.4708042018207297,0.0,0.0
342.10333,1.0,0.4708042018207297,88.0,112.99300843697512,1.0,0.4708042018207297,1.0,0.4708042018207297,0.0,0.0
342.66666,1.0,0.4708042018207297,87.0,112.99300843697512,1.0,0.4708042018207297,1.0,0.4708042018207297,0.0,0.0
342.06,1.0,0.4708042018207297,87.0,112.99300843697512,1.0,0.4708042018207297,1.0,0.4708042018207297,0.0,0.0
341.85834,1.0,0.4708042018207297,87.0,112.99300843697512,1.0,0.4708042018207297,1.0,0.4708042018207297,0.0,0.0
341.15668,1.0,0.47021181360708464,88.0,114.73168252012866,1.0,0.47021181360708464,1.0,0.47021181360708464,0.0,0.0
341.245,1.0,0.47021181360708464,88.0,115.20189433373574,1.0,0.47021181360708464,1.0,0.47021181360708464,0.0,0.0
340.79834,1.0,0.47021181360708464,88.0,115.67210614734282,1.0,0.47021181360708464,1.0,0.47021181360708464,0.0,0.0
340.08667,1.0,0.47021181360708464,88.0,115.67210614734282,1.0,0.47021181360708464,1.0,0.47021181360708464,0.0,0.0
340.67,1.0,0.47021181360708464,88.0,115.67210614734282,1.0,0.47021181360708464,1.0,0.47021181360708464,0.0,0.0
340.025,1.0,0.47021181360708464,88.0,115.20189433373574,1.0,0.47021181360708464,1.0,0.47021181360708464,0.0,0.0
340.03668,1.0,0.47021181360708464,88.0,115.20189433373574,1.0,0.47021181360708464,1.0,0.47021181360708464,0.0,0.0
339.78168,1.0,0.47021181360708464,88.0,113.32104707930739,1.0,0.47021181360708464,1.0,0.47021181360708464,0.0,0.0
341.11667,1.0,0.47021181360708464,88.0,112.85083526570031,1.0,0.47021181360708464,1.0,0.47021181360708464,0.0,0.0
340.7083,1.0,0.47021181360708464,88.0,112.85083526570031,1.0,0.47021181360708464,1.0,0.47021181360708464,0.0,0.0
341.08334,1.0,0.47021181360708464,88.0,114.26147070652156,1.0,0.47021181360708464,1.0,0.47021181360708464,0.0,0.0
341.78333,1.0,0.47021181360708464,88.0,114.26147070652156,1.0,0.47021181360708464,1.0,0.47021181360708464,0.0,0.0
341.60498,1.0,0.47021181360708464,88.0,113.32104707930739,1.0,0.47021181360708464,1.0,0.47021181360708464,0.0,0.0
341.16833,1.0,0.47021181360708464,88.0,112.85083526570031,1.0,0.47021181360708464,1.0,0.47021181360708464,0.0,0.0
341.50333,1.0,0.47021181360708464,88.0,112.38062345209323,1.0,0.47021181360708464,1.0,0.47021181360708464,0.0,0.0
341.35834,1.0,0.47021181360708464,88.0,112.85083526570031,1.0,0.47021181360708464,1.0,0.47021181360708464,0.0,0.0
340.885,1.0,0.47021181360708464,88.0,112.38062345209323,1.0,0.47021181360708464,1.0,0.47021181360708464,0.0,0.0
342.04,1.0,0.47021181360708464,88.0,113.32104707930739,1.0,0.47021181360708464,1.0,0.47021181360708464,0.0,0.0
341.93832,1.0,0.47021181360708464,88.0,113.32104707930739,1.0,0.47021181360708464,1.0,0.47021181360708464,0.0,0.0
341.55334,1.0,0.47021181360708464,88.0,113.32104707930739,1.0,0.47021181360708464,1.0,0.47021181360708464,0.0,0.0
341.825,1.0,0.47021181360708464,88.0,111.91041163848614,1.0,0.47021181360708464,1.0,0.47021181360708464,0.0,0.0
341.42166,1.0,0.47021181360708464,88.0,112.38062345209323,1.0,0.47021181360708464,1.0,0.47021181360708464,0.0,0.0
341.52667,1.0,0.47021181360708464,88.0,112.85083526570031,1.0,0.47021181360708464,1.0,0.47021181360708464,0.0,0.0
341.53168,1.0,0.47021181360708464,88.0,113.32104707930739,1.0,0.47021181360708464,1.0,0.47021181360708464,0.0,0.0
341.07,1.0,0.47021181360708464,88.0,112.85083526570031,1.0,0.47021181360708464,1.0,0.47021181360708464,0.0,0.0
341.21832,1.0,0.47021181360708464,88.0,112.85083526570031,1.0,0.47021181360708464,1.0,0.47021181360708464,0.0,0.0
340.00165,1.0,0.47021181360708464,88.0,113.32104707930739,1.0,0.47021181360708464,1.0,0.47021181360708464,0.0,0.0
340.905,1.0,0.47021181360708464,88.0,112.85083526570031,1.0,0.47021181360708464,1.0,0.47021181360708464,0.0,0.0
340.98834,1.0,0.47021181360708464,88.0,112.85083526570031,1.0,0.47021181360708464,1.0,0.47021181360708464,0.0,0.0
340.09167,1.0,0.47021181360708464,87.0,110.96998801127198,1.0,0.47021181360708464,1.0,0.47021181360708464,0.0,0.0
339.80835,1.0,0.47021181360708464,88.0,110.96998801127198,1.0,0.47021181360708464,1.0,0.47021181360708464,0.0,0.0
339.47333,1.0,0.47021181360708464,88.0,110.49977619766489,1.0,0.47021181360708464,1.0,0.47021181360708464,0.0,0.0
339.70334,1.0,0.47021181360708464,88.0,110.49977619766489,1.0,0.47021181360708464,1.0,0.47021181360708464,0.0,0.0
339.58334,1.0,0.47021181360708464,88.0,111.44019982487906,1.0,0.47021181360708464,1.0,0.47021181360708464,0.0,0.0
340.035,1.0,0.47021181360708464,87.0,110.96998801127198,1.0,0.47021181360708464,1.0,0.47021181360708464,0.0,0.0
339.98334,1.0,0.47021181360708464,87.0,111.44019982487906,1.0,0.47021181360708464,1.0,0.47021181360708464,0.0,0.0
339.43668,1.0,0.47021181360708464,87.0,110.96998801127198,1.0,0.47021181360708464,1.0,0.47021181360708464,0.0,0.0
339.425,1.0,0.47021181360708464,87.0,110.49977619766489,1.0,0.47021181360708464,1.0,0.47021181360708464,0.0,0.0
339.82,1.0,0.47021181360708464,88.0,111.44019982487906,1.0,0.47021181360708464,1.0,0.47021181360708464,0.0,0.0
340.33,1.0,0.47021181360708464,88.0,111.91041163848614,1.0,0.47021181360708464,1.0,0.47021181360708464,0.0,0.0
340.31668,1.0,0.47021181360708464,88.0,112.38062345209323,1.0,0.47021181360708464,1.0,0.47021181360708464,0.0,0.0
339.18167,1.0,0.47021181360708464,88.0,111.44019982487906,1.0,0.47021181360708464,1.0,0.47021181360708464,0.0,0.0
339.93167,1.0,0.47021181360708464,88.0,110.96998801127198,1.0,0.47021181360708464,1.0,0.47021181360708464,0.0,0.0
339.91168,1.0,0.47021181360708464,88.0,111.91041163848614,1.0,0.47021181360708464,1.0,0.47021181360708464,0.0,0.0
340.925,1.0,0.47021181360708464,88.0,112.38062345209323,1.0,0.47021181360708464,1.0,0.47021181360708464,0.0,0.0
340.53168,1.0,0.47021181360708464,87.0,112.38062345209323,1.0,0.47021181360708464,1.0,0.47021181360708464,0.0,0.0
340.78333,1.0,0.47021181360708464,88.0,111.91041163848614,1.0,0.47021181360708464,1.0,0.47021181360708464,0.0,0.0
341.26,1.0,0.47021181360708464,88.0,112.38062345209323,1.0,0.47021181360708464,1.0,0.47021181360708464,0.0,0.0
341.695,1.0,0.47021181360708464,88.0,112.38062345209323,1.0,0.47021181360708464,1.0,0.47021181360708464,0.0,0.0
342.80667,1.0,0.47021181360708464,88.0,112.38062345209323,1.0,0.47021181360708464,1.0,0.47021181360708464,0.0,0.0
342.73666,1.0,0.47021181360708464,88.0,112.38062345209323,1.0,0.47021181360708464,1.0,0.47021181360708464,0.0,0.0
342.245,1.0,0.47021181360708464,88.0,112.38062345209323,1.0,0.47021181360708464,1.0,0.47021181360708464,0.0,0.0
343.07834,1.0,0.47021181360708464,88.0,111.91041163848614,1.0,0.47021181360708464,1.0,0.47021181360708464,0.0,0.0
343.248,1.0,0.47021181360708464,88.0,112.38062345209323,1.0,0.47021181360708464,1.0,0.47021181360708464,0.0,0.0
342.39334,1.0,0.47021181360708464,88.0,111.91041163848614,1.0,0.47021181360708464,1.0,0.47021181360708464,0.0,0.0
342.10333,1.0,0.47021181360708464,88.0,112.85083526570031,1.0,0.47021181360708464,1.0,0.47021181360708464,0.0,0.0
342.66666,1.0,0.47021181360708464,87.0,112.85083526570031,1.0,0.47021181360708464,1.0,0.47021181360708464,0.0,0.0
342.06,1.0,0.47021181360708464,87.0,112.85083526570031,1.0,0.47021181360708464,1.0,0.47021181360708464,0.0,0.0
341.85834,1.0,0.47021181360708464,87.0,112.85083526570031,1.0,0.47021181360708464,1.0,0.47021181360708464,0.0,0.0
342.645,1.0,0.47021181360708464,87.0,112.85083526570031,1.0,0.47021181360708464,1.0,0.47021181360708464,0.0,0.0
341.245,1.0,0.4700077846035404,88.0,115.1519072278674,1.0,0.4700077846035404,1.0,0.4700077846035404,0.0,0.0
340.79834,1.0,0.4700077846035404,88.0,115.62191501247095,1.0,0.4700077846035404,1.0,0.4700077846035404,0.0,0.0
340.08667,1.0,0.4700077846035404,88.0,115.62191501247095,1.0,0.4700077846035404,1.0,0.4700077846035404,0.0,0.0
340.67,1.0,0.4700077846035404,88.0,115.62191501247095,1.0,0.4700077846035404,1.0,0.4700077846035404,0.0,0.0
340.025,1.0,0.4700077846035404,88.0,115.1519072278674,1.0,0.4700077846035404,1.0,0.4700077846035404,0.0,0.0
340.03668,1.0,0.4700077846035404,88.0,115.1519072278674,1.0,0.4700077846035404,1.0,0.4700077846035404,0.0,0.0
339.78168,1.0,0.4700077846035404,88.0,113.27187608945324,1.0,0.4700077846035404,1.0,0.4700077846035404,0.0,0.0
341.11667,1.0,0.4700077846035404,88.0,112.8018683048497,1.0,0.4700077846035404,1.0,0.4700077846035404,0.0,0.0
340.7083,1.0,0.4700077846035404,88.0,112.8018683048497,1.0,0.4700077846035404,1.0,0.4700077846035404,0.0,0.0
341.08334,1.0,0.4700077846035404,88.0,114.21189165866032,1.0,0.4700077846035404,1.0,0.4700077846035404,0.0,0.0
341.78333,1.0,0.4700077846035404,88.0,114.21189165866032,1.0,0.4700077846035404,1.0,0.4700077846035404,0.0,0.0
341.60498,1.0,0.4700077846035404,88.0,113.27187608945324,1.0,0.4700077846035404,1.0,0.4700077846035404,0.0,0.0
341.16833,1.0,0.4700077846035404,88.0,112.8018683048497,1.0,0.4700077846035404,1.0,0.4700077846035404,0.0,0.0
341.50333,1.0,0.4700077846035404,88.0,112.33186052024617,1.0,0.4700077846035404,1.0,0.4700077846035404,0.0,0.0
341.35834,1.0,0.4700077846035404,88.0,112.8018683048497,1.0,0.4700077846035404,1.0,0.4700077846035404,0.0,0.0
340.885,1.0,0.4700077846035404,88.0,112.33186052024617,1.0,0.4700077846035404,1.0,0.4700077846035404,0.0,0.0
342.04,1.0,0.4700077846035404,88.0,113.27187608945324,1.0,0.4700077846035404,1.0,0.4700077846035404,0.0,0.0
341.93832,1.0,0.4700077846035404,88.0,113.27187608945324,1.0,0.4700077846035404,1.0,0.4700077846035404,0.0,0.0
341.55334,1.0,0.4700077846035404,88.0,113.27187608945324,1.0,0.4700077846035404,1.0,0.4700077846035404,0.0,0.0
341.825,1.0,0.4700077846035404,88.0,111.86185273564261,1.0,0.4700077846035404,1.0,0.4700077846035404,0.0,0.0
341.42166,1.0,0.4700077846035404,88.0,112.33186052024617,1.0,0.4700077846035404,1.0,0.4700077846035404,0.0,0.0
341.52667,1.0,0.4700077846035404,88.0,112.8018683048497,1.0,0.4700077846035404,1.0,0.4700077846035404,0.0,0.0
341.53168,1.0,0.4700077846035404,88.0,113.27187608945324,1.0,0.4700077846035404,1.0,0.4700077846035404,0.0,0.0
341.07,1.0,0.4700077846035404,88.0,112.8018683048497,1.0,0.4700077846035404,1.0,0.4700077846035404,0.0,0.0
341.21832,1.0,0.4700077846035404,88.0,112.8018683048497,1.0,0.4700077846035404,1.0,0.4700077846035404,0.0,0.0
340.00165,1.0,0.4700077846035404,88.0,113.27187608945324,1.0,0.4700077846035404,1.0,0.4700077846035404,0.0,0.0
340.905,1.0,0.4700077846035404,88.0,112.8018683048497,1.0,0.4700077846035404,1.0,0.4700077846035404,0.0,0.0
340.98834,1.0,0.4700077846035404,88.0,112.8018683048497,1.0,0.4700077846035404,1.0,0.4700077846035404,0.0,0.0
340.09167,1.0,0.4700077846035404,87.0,110.92183716643554,1.0,0.4700077846035404,1.0,0.4700077846035404,0.0,0.0
339.80835,1.0,0.4700077846035404,88.0,110.92183716643554,1.0,0.4700077846035404,1.0,0.4700077846035404,0.0,0.0
339.47333,1.0,0.4700077846035404,88.0,110.451829381832,1.0,0.4700077846035404,1.0,0.4700077846035404,0.0,0.0
339.70334,1.0,0.4700077846035404,88.0,110.451829381832,1.0,0.4700077846035404,1.0,0.4700077846035404,0.0,0.0
339.58334,1.0,0.4700077846035404,88.0,111.39184495103908,1.0,0.4700077846035404,1.0,0.4700077846035404,0.0,0.0
340.035,1.0,0.4700077846035404,87.0,110.92183716643554,1.0,0.4700077846035404,1.0,0.4700077846035404,0.0,0.0
339.98334,1.0,0.4700077846035404,87.0,111.39184495103908,1.0,0.4700077846035404,1.0,0.4700077846035404,0.0,0.0
339.43668,1.0,0.4700077846035404,87.0,110.92183716643554,1.0,0.4700077846035404,1.0,0.4700077846035404,0.0,0.0
339.425,1.0,0.4700077846035404,87.0,110.451829381832,1.0,0.4700077846035404,1.0,0.4700077846035404,0.0,0.0
339.82,1.0,0.4700077846035404,88.0,111.39184495103908,1.0,0.4700077846035404,1.0,0.4700077846035404,0.0,0.0
340.33,1.0,0.4700077846035404,88.0,111.86185273564261,1.0,0.4700077846035404,1.0,0.4700077846035404,0.0,0.0
340.31668,1.0,0.4700077846035404,88.0,112.33186052024617,1.0,0.4700077846035404,1.0,0.4700077846035404,0.0,0.0
339.18167,1.0,0.4700077846035404,88.0,111.39184495103908,1.0,0.4700077846035404,1.0,0.4700077846035404,0.0,0.0
339.93167,1.0,0.4700077846035404,88.0,110.92183716643554,1.0,0.4700077846035404,1.0,0.4700077846035404,0.0,0.0
339.91168,1.0,0.4700077846035404,88.0,111.86185273564261,1.0,0.4700077846035404,1.0,0.4700077846035404,0.0,0.0
340.925,1.0,0.4700077846035404,88.0,112.33186052024617,1.0,0.4700077846035404,1.0,0.4700077846035404,0.0,0.0
340.53168,1.0,0.4700077846035404,87.0,112.33186052024617,1.0,0.4700077846035404,1.0,0.4700077846035404,0.0,0.0
340.78333,1.0,0.4700077846035404,88.0,111.86185273564261,1.0,0.4700077846035404,1.0,0.4700077846035404,0.0,0.0
341.26,1.0,0.4700077846035404,88.0,112.33186052024617,1.0,0.4700077846035404,1.0,0.4700077846035404,0.0,0.0
341.695,1.0,0.4700077846035404,88.0,112.33186052024617,1.0,0.4700077846035404,1.0,0.4700077846035404,0.0,0.0
342.80667,1.0,0.4700077846035404,88.0,112.33186052024617,1.0,0.4700077846035404,1.0,0.4700077846035404,0.0,0.0
342.73666,1.0,0.4700077846035404,88.0,112.33186052024617,1.0,0.4700077846035404,1.0,0.4700077846035404,0.0,0.0
342.245,1.0,0.4700077846035404,88.0,112.33186052024617,1.0,0.4700077846035404,1.0,0.4700077846035404,0.0,0.0
343.07834,1.0,0.4700077846035404,88.0,111.86185273564261,1.0,0.4700077846035404,1.0,0.4700077846035404,0.0,0.0
343.248,1.0,0.4700077846035404,88.0,112.33186052024617,1.0,0.4700077846035404,1.0,0.4700077846035404,0.0,0.0
342.39334,1.0,0.4700077846035404,88.0,111.86185273564261,1.0,0.4700077846035404,1.0,0.4700077846035404,0.0,0.0
342.10333,1.0,0.4700077846035404,88.0,112.8018683048497,1.0,0.4700077846035404,1.0,0.4700077846035404,0.0,0.0
342.66666,1.0,0.4700077846035404,87.0,112.8018683048497,1.0,0.4700077846035404,1.0,0.4700077846035404,0.0,0.0
342.06,1.0,0.4700077846035404,87.0,112.8018683048497,1.0,0.4700077846035404,1.0,0.4700077846035404,0.0,0.0
341.85834,1.0,0.4700077846035404,87.0,112.8018683048497,1.0,0.4700077846035404,1.0,0.4700077846035404,0.0,0.0
342.645,1.0,0.4700077846035404,87.0,112.8018683048497,1.0,0.4700077846035404,1.0,0.4700077846035404,0.0,0.0
342.39334,1.0,0.4700077846035404,88.0,112.8018683048497,1.0,0.4700077846035404,1.0,0.4700077846035404,0.0,0.0
340.79834,1.0,1.3633138504593079,88.0,0.0,1.0,1.3633138504593079,1.0,1.3633138504593079,0.0,0.0
340.08667,1.0,1.3633138504593079,88.0,0.0,1.0,1.3633138504593079,1.0,1.3633138504593079,0.0,0.0
340.67,1.0,1.3633138504593079,88.0,0.0,1.0,4.089941551377923,1.0,1.3633138504593079,0.0,0.0
340.025,1.0,1.3633138504593079,88.0,0.0,1.0,4.089941551377923,1.0,1.3633138504593079,0.0,0.0
340.03668,1.0,1.3633138504593079,88.0,0.0,1.0,1.3633138504593079,1.0,1.3633138504593079,0.0,0.0
339.78168,1.0,1.3633138504593079,88.0,0.0,1.0,1.3633138504593079,1.0,1.3633138504593079,0.0,0.0
341.11667,1.0,1.3633138504593079,88.0,0.0,1.0,1.3633138504593079,1.0,1.3633138504593079,0.0,0.0
340.7083,1.0,1.3633138504593079,88.0,0.0,1.0,1.3633138504593079,1.0,1.3633138504593079,0.0,0.0
341.08334,1.0,1.3633138504593079,88.0,0.0,1.0,1.3633138504593079,1.0,1.3633138504593079,0.0,0.0
341.78333,1.0,1.3633138504593079,88.0,0.0,1.0,1.3633138504593079,1.0,1.3633138504593079,0.0,0.0
341.60498,1.0,1.3633138504593079,88.0,0.0,1.0,1.3633138504593079,1.0,1.3633138504593079,0.0,0.0
341.16833,1.0,1.3633138504593079,88.0,0.0,1.0,1.3633138504593079,1.0,1.3633138504593079,0.0,0.0
341.50333,1.0,1.3633138504593079,88.0,0.0,1.0,1.3633138504593079,1.0,1.3633138504593079,0.0,0.0
341.35834,1.0,1.3633138504593079,88.0,0.0,1.0,1.3633138504593079,1.0,1.3633138504593079,0.0,0.0
340.885,1.0,1.3633138504593079,88.0,0.0,1.0,1.3633138504593079,1.0,1.3633138504593079,0.0,0.0
342.04,1.0,1.3633138504593079,88.0,0.0,1.0,1.3633138504593079,1.0,1.3633138504593079,0.0,0.0
341.93832,1.0,1.3633138504593079,88.0,0.0,1.0,1.3633138504593079,1.0,1.3633138504593079,0.0,0.0
341.55334,1.0,1.3633138504593079,88.0,0.0,1.0,1.3633138504593079,1.0,1.3633138504593079,0.0,0.0
341.825,1.0,1.3633138504593079,88.0,0.0,1.0,1.3633138504593079,1.0,1.3633138504593079,0.0,0.0
341.42166,1.0,1.3633138504593079,88.0,0.0,1.0,1.3633138504593079,1.0,1.3633138504593079,0.0,0.0
341.52667,1.0,1.3633138504593079,88.0,0.0,1.0,1.3633138504593079,1.0,1.3633138504593079,0.0,0.0
341.53168,1.0,1.3633138504593079,88.0,0.0,1.0,1.3633138504593079,1.0,1.3633138504593079,0.0,0.0
341.07,1.0,1.3633138504593079,88.0,0.0,1.0,1.3633138504593079,1.0,1.3633138504593079,0.0,0.0
341.21832,1.0,1.3633138504593079,88.0,0.0,1.0,1.3633138504593079,1.0,1.3633138504593079,0.0,0.0
340.00165,1.0,1.3633138504593079,88.0,0.0,1.0,1.3633138504593079,1.0,1.3633138504593079,0.0,0.0
340.905,1.0,1.3633138504593079,88.0,0.0,1.0,1.3633138504593079,1.0,1.3633138504593079,0.0,0.0
340.98834,1.0,1.3633138504593079,88.0,0.0,1.0,1.3633138504593079,1.0,1.3633138504593079,0.0,0.0
340.09167,1.0,1.3633138504593079,87.0,0.0,1.0,1.3633138504593079,1.0,1.3633138504593079,0.0,0.0
339.80835,1.0,1.3633138504593079,88.0,0.0,1.0,1.3633138504593079,1.0,1.3633138504593079,0.0,0.0
339.47333,1.0,1.3633138504593079,88.0,0.0,1.0,1.3633138504593079,1.0,1.3633138504593079,0.0,0.0
339.70334,1.0,1.3633138504593079,88.0,0.0,1.0,1.3633138504593079,1.0,1.3633138504593079,0.0,0.0
339.58334,1.0,1.3633138504593079,88.0,0.0,1.0,1.3633138504593079,1.0,1.3633138504593079,0.0,0.0
340.035,1.0,1.3633138504593079,87.0,0.0,1.0,1.3633138504593079,1.0,1.3633138504593079,0.0,0.0
339.98334,1.0,1.3633138504593079,87.0,0.0,1.0,1.3633138504593079,1.0,1.3633138504593079,0.0,0.0
339.43668,1.0,1.3633138504593079,87.0,0.0,1.0,1.3633138504593079,1.0,1.3633138504593079,0.0,0.0
339.425,1.0,1.3633138504593079,87.0,0.0,1.0,1.3633138504593079,1.0,1.3633138504593079,0.0,0.0
339.82,1.0,1.3633138504593079,88.0,0.0,1.0,1.3633138504593079,1.0,1.3633138504593079,0.0,0.0
340.33,1.0,1.3633138504593079,88.0,0.0,1.0,1.3633138504593079,1.0,1.3633138504593079,0.0,0.0
340.31668,1.0,1.3633138504593079,88.0,0.0,1.0,1.3633138504593079,1.0,1.3633138504593079,0.0,0.0
339.18167,1.0,1.3633138504593079,88.0,0.0,1.0,1.3633138504593079,1.0,1.3633138504593079,0.0,0.0
339.93167,1.0,1.3633138504593079,88.0,0.0,1.0,1.3633138504593079,1.0,1.3633138504593079,0.0,0.0
339.91168,1.0,1.3633138504593079,88.0,0.0,1.0,1.3633138504593079,1.0,1.3633138504593079,0.0,0.0
340.925,1.0,1.3633138504593079,88.0,0.0,1.0,1.3633138504593079,1.0,1.3633138504593079,0.0,0.0
340.53168,1.0,1.3633138504593079,87.0,0.0,1.0,1.3633138504593079,1.0,1.3633138504593079,0.0,0.0
340.78333,1.0,1.3633138504593079,88.0,0.0,1.0,1.3633138504593079,1.0,1.3633138504593079,0.0,0.0
341.26,1.0,1.3633138504593079,88.0,0.0,1.0,1.3633138504593079,1.0,1.3633138504593079,0.0,0.0
341.695,1.0,1.3633138504593079,88.0,0.0,1.0,1.3633138504593079,1.0,1.3633138504593079,0.0,0.0
342.80667,1.0,1.3633138504593079,88.0,0.0,1.0,1.3633138504593079,1.0,1.3633138504593079,0.0,0.0
342.73666,1.0,1.3633138504593079,88.0,0.0,1.0,1.3633138504593079,1.0,1.3633138504593079,0.0,0.0
342.245,1.0,1.3633138504593079,88.0,0.0,1.0,1.3633138504593079,1.0,1.3633138504593079,0.0,0.0
343.07834,1.0,1.3633138504593079,88.0,0.0,1.0,1.3633138504593079,1.0,1.3633138504593079,0.0,0.0
343.248,1.0,1.3633138504593079,88.0,0.0,1.0,1.3633138504593079,1.0,1.3633138504593079,0.0,0.0
342.39334,1.0,1.3633138504593079,88.0,0.0,1.0,1.3633138504593079,1.0,1.3633138504593079,0.0,0.0
342.10333,1.0,1.3633138504593079,88.0,0.0,1.0,1.3633138504593079,1.0,1.3633138504593079,0.0,0.0
342.66666,1.0,1.3633138504593079,87.0,0.0,1.0,1.3633138504593079,1.0,1.3633138504593079,0.0,0.0
342.06,1.0,1.3633138504593079,87.0,0.0,1.0,1.3633138504593079,1.0,1.3633138504593079,0.0,0.0
341.85834,1.0,1.3633138504593079,87.0,0.0,1.0,1.3633138504593079,1.0,1.3633138504593079,0.0,0.0
342.645,1.0,1.3633138504593079,87.0,0.0,1.0,1.3633138504593079,1.0,1.3633138504593079,0.0,0.0
342.39334,1.0,1.3633138504593079,88.0,0.0,1.0,1.3633138504593079,1.0,1.3633138504593079,0.0,0.0
342.46832,1.0,1.3633138504593079,88.0,0.0,1.0,1.3633138504593079,1.0,1.3633138504593079,0.0,0.0
340.08667,1.0,1.3630289786159473,88.0,0.0,1.0,1.3630289786159473,1.0,1.3630289786159473,0.0,0.0
340.67,1.0,1.3630289786159473,88.0,0.0,1.0,1.3630289786159473,1.0,1.3630289786159473,0.0,0.0
340.025,1.0,1.3630289786159473,88.0,0.0,1.0,1.3630289786159473,1.0,1.3630289786159473,0.0,0.0
340.03668,1.0,1.3630289786159473,88.0,0.0,1.0,4.089086935847842,1.0,1.3630289786159473,0.0,0.0
339.78168,1.0,1.3630289786159473,88.0,0.0,1.0,4.089086935847842,1.0,1.3630289786159473,0.0,0.0
341.11667,1.0,1.3630289786159473,88.0,0.0,1.0,1.3630289786159473,1.0,1.3630289786159473,0.0,0.0
340.7083,1.0,1.3630289786159473,88.0,0.0,1.0,1.3630289786159473,1.0,1.3630289786159473,0.0,0.0
341.08334,1.0,1.3630289786159473,88.0,0.0,1.0,1.3630289786159473,1.0,1.3630289786159473,0.0,0.0
341.78333,1.0,1.3630289786159473,88.0,0.0,1.0,1.3630289786159473,1.0,1.3630289786159473,0.0,0.0
341.60498,1.0,1.3630289786159473,88.0,0.0,1.0,1.3630289786159473,1.0,1.3630289786159473,0.0,0.0
341.16833,1.0,1.3630289786159473,88.0,0.0,1.0,1.3630289786159473,1.0,1.3630289786159473,0.0,0.0
341.50333,1.0,1.3630289786159473,88.0,0.0,1.0,1.3630289786159473,1.0,1.3630289786159473,0.0,0.0
341.35834,1.0,1.3630289786159473,88.0,0.0,1.0,1.3630289786159473,1.0,1.3630289786159473,0.0,0.0
340.885,1.0,1.3630289786159473,88.0,0.0,1.0,1.3630289786159473,1.0,1.3630289786159473,0.0,0.0
342.04,1.0,1.3630289786159473,88.0,0.0,1.0,1.3630289786159473,1.0,1.3630289786159473,0.0,0.0
341.93832,1.0,1.3630289786159473,88.0,0.0,1.0,1.3630289786159473,1.0,1.3630289786159473,0.0,0.0
341.55334,1.0,1.3630289786159473,88.0,0.0,1.0,1.3630289786159473,1.0,1.3630289786159473,0.0,0.0
341.825,1.0,1.3630289786159473,88.0,0.0,1.0,1.3630289786159473,1.0,1.3630289786159473,0.0,0.0
341.42166,1.0,1.3630289786159473,88.0,0.0,1.0,1.3630289786159473,1.0,1.3630289786159473,0.0,0.0
341.52667,1.0,1.3630289786159473,88.0,0.0,1.0,1.3630289786159473,1.0,1.3630289786159473,0.0,0.0
341.53168,1.0,1.3630289786159473,88.0,0.0,1.0,1.3630289786159473,1.0,1.3630289786159473,0.0,0.0
341.07,1.0,1.3630289786159473,88.0,0.0,1.0,1.3630289786159473,1.0,1.3630289786159473,0.0,0.0
341.21832,1.0,1.3630289786159473,88.0,0.0,1.0,1.3630289786159473,1.0,1.3630289786159473,0.0,0.0
340.00165,1.0,1.3630289786159473,88.0,0.0,1.0,1.3630289786159473,1.0,1.3630289786159473,0.0,0.0
340.905,1.0,1.3630289786159473,88.0,0.0,1.0,1.3630289786159473,1.0,1.3630289786159473,0.0,0.0
340.98834,1.0,1.3630289786159473,88.0,0.0,1.0,1.3630289786159473,1.0,1.3630289786159473,0.0,0.0
340.09167,1.0,1.3630289786159473,87.0,0.0,1.0,1.3630289786159473,1.0,1.3630289786159473,0.0,0.0
339.80835,1.0,1.3630289786159473,88.0,0.0,1.0,1.3630289786159473,1.0,1.3630289786159473,0.0,0.0
339.47333,1.0,1.3630289786159473,88.0,0.0,1.0,1.3630289786159473,1.0,1.3630289786159473,0.0,0.0
339.70334,1.0,1.3630289786159473,88.0,0.0,1.0,1.3630289786159473,1.0,1.3630289786159473,0.0,0.0
339.58334,1.0,1.3630289786159473,88.0,0.0,1.0,1.3630289786159473,1.0,1.3630289786159473,0.0,0.0
340.035,1.0,1.3630289786159473,87.0,0.0,1.0,1.3630289786159473,1.0,1.3630289786159473,0.0,0.0
339.98334,1.0,1.3630289786159473,87.0,0.0,1.0,1.3630289786159473,1.0,1.3630289786159473,0.0,0.0
339.43668,1.0,1.3630289786159473,87.0,0.0,1.0,1.3630289786159473,1.0,1.3630289786159473,0.0,0.0
339.425,1.0,1.3630289786159473,87.0,0.0,1.0,1.3630289786159473,1.0,1.3630289786159473,0.0,0.0
339.82,1.0,1.3630289786159473,88.0,0.0,1.0,1.3630289786159473,1.0,1.3630289786159473,0.0,0.0
340.33,1.0,1.3630289786159473,88.0,0.0,1.0,1.3630289786159473,1.0,1.3630289786159473,0.0,0.0
340.31668,1.0,1.3630289786159473,88.0,0.0,1.0,1.3630289786159473,1.0,1.3630289786159473,0.0,0.0
339.18167,1.0,1.3630289786159473,88.0,0.0,1.0,1.3630289786159473,1.0,1.3630289786159473,0.0,0.0
339.93167,1.0,1.3630289786159473,88.0,0.0,1.0,1.3630289786159473,1.0,1.3630289786159473,0.0,0.0
339.91168,1.0,1.3630289786159473,88.0,0.0,1.0,1.3630289786159473,1.0,1.3630289786159473,0.0,0.0
340.925,1.0,1.3630289786159473,88.0,0.0,1.0,1.3630289786159473,1.0,1.3630289786159473,0.0,0.0
340.53168,1.0,1.3630289786159473,87.0,0.0,1.0,1.3630289786159473,1.0,1.3630289786159473,0.0,0.0
340.78333,1.0,1.3630289786159473,88.0,0.0,1.0,1.3630289786159473,1.0,1.3630289786159473,0.0,0.0
341.26,1.0,1.3630289786159473,88.0,0.0,1.0,1.3630289786159473,1.0,1.3630289786159473,0.0,0.0
341.695,1.0,1.3630289786159473,88.0,0.0,1.0,1.3630289786159473,1.0,1.3630289786159473,0.0,0.0
342.80667,1.0,1.3630289786159473,88.0,0.0,1.0,1.3630289786159473,1.0,1.3630289786159473,0.0,0.0
342.73666,1.0,1.3630289786159473,88.0,0.0,1.0,1.3630289786159473,1.0,1.3630289786159473,0.0,0.0
342.245,1.0,1.3630289786159473,88.0,0.0,1.0,1.3630289786159473,1.0,1.3630289786159473,0.0,0.0
343.07834,1.0,1.3630289786159473,88.0,0.0,1.0,1.3630289786159473,1.0,1.3630289786159473,0.0,0.0
343.248,1.0,1.3630289786159473,88.0,0.0,1.0,1.3630289786159473,1.0,1.3630289786159473,0.0,0.0
342.39334,1.0,1.3630289786159473,88.0,0.0,1.0,1.3630289786159473,1.0,1.3630289786159473,0.0,0.0
342.10333,1.0,1.3630289786159473,88.0,0.0,1.0,1.3630289786159473,1.0,1.3630289786159473,0.0,0.0
342.66666,1.0,1.3630289786159473,87.0,0.0,1.0,1.3630289786159473,1.0,1.3630289786159473,0.0,0.0
342.06,1.0,1.3630289786159473,87.0,0.0,1.0,1.3630289786159473,1.0,1.3630289786159473,0.0,0.0
341.85834,1.0,1.3630289786159473,87.0,0.0,1.0,1.3630289786159473,1.0,1.3630289786159473,0.0,0.0
342.645,1.0,1.3630289786159473,87.0,0.0,1.0,1.3630289786159473,1.0,1.3630289786159473,0.0,0.0
342.39334,1.0,1.3630289786159473,88.0,0.0,1.0,1.3630289786159473,1.0,1.3630289786159473,0.0,0.0
342.46832,1.0,1.3630289786159473,88.0,0.0,1.0,1.3630289786159473,1.0,1.3630289786159473,0.0,0.0
342.30667,1.0,1.3630289786159473,88.0,0.0,1.0,1.3630289786159473,1.0,1.3630289786159473,0.0,0.0
340.67,1.0,1.363601155863848,88.0,0.0,1.0,1.363601155863848,1.0,1.363601155863848,0.0,0.0
340.025,1.0,1.363601155863848,88.0,0.0,1.0,1.363601155863848,1.0,1.363601155863848,0.0,0.0
340.03668,1.0,1.363601155863848,88.0,0.0,1.0,4.0908034675915435,1.0,1.363601155863848,0.0,0.0
339.78168,1.0,1.363601155863848,88.0,0.0,1.0,4.0908034675915435,1.0,1.363601155863848,0.0,0.0
341.11667,1.0,1.363601155863848,88.0,0.0,1.0,1.363601155863848,1.0,1.363601155863848,0.0,0.0
340.7083,1.0,1.363601155863848,88.0,0.0,1.0,1.363601155863848,1.0,1.363601155863848,0.0,0.0
341.08334,1.0,1.363601155863848,88.0,0.0,1.0,1.363601155863848,1.0,1.363601155863848,0.0,0.0
341.78333,1.0,1.363601155863848,88.0,0.0,1.0,1.363601155863848,1.0,1.363601155863848,0.0,0.0
341.60498,1.0,1.363601155863848,88.0,0.0,1.0,1.363601155863848,1.0,1.363601155863848,0.0,0.0
341.16833,1.0,1.363601155863848,88.0,0.0,1.0,1.363601155863848,1.0,1.363601155863848,0.0,0.0
341.50333,1.0,1.363601155863848,88.0,0.0,1.0,1.363601155863848,1.0,1.363601155863848,0.0,0.0
341.35834,1.0,1.363601155863848,88.0,0.0,1.0,1.363601155863848,1.0,1.363601155863848,0.0,0.0
340.885,1.0,1.363601155863848,88.0,0.0,1.0,1.363601155863848,1.0,1.363601155863848,0.0,0.0
342.04,1.0,1.363601155863848,88.0,0.0,1.0,1.363601155863848,1.0,1.363601155863848,0.0,0.0
341.93832,1.0,1.363601155863848,88.0,0.0,1.0,1.363601155863848,1.0,1.363601155863848,0.0,0.0
341.55334,1.0,1.363601155863848,88.0,0.0,1.0,1.363601155863848,1.0,1.363601155863848,0.0,0.0
341.825,1.0,1.363601155863848,88.0,0.0,1.0,1.363601155863848,1.0,1.363601155863848,0.0,0.0
341.42166,1.0,1.363601155863848,88.0,0.0,1.0,1.363601155863848,1.0,1.363601155863848,0.0,0.0
341.52667,1.0,1.363601155863848,88.0,0.0,1.0,1.363601155863848,1.0,1.363601155863848,0.0,0.0
341.53168,1.0,1.363601155863848,88.0,0.0,1.0,1.363601155863848,1.0,1.363601155863848,0.0,0.0
341.07,1.0,1.363601155863848,88.0,0.0,1.0,1.363601155863848,1.0,1.363601155863848,0.0,0.0
341.21832,1.0,1.363601155863848,88.0,0.0,1.0,1.363601155863848,1.0,1.363601155863848,0.0,0.0
340.00165,1.0,1.363601155863848,88.0,0.0,1.0,1.363601155863848,1.0,1.363601155863848,0.0,0.0
340.905,1.0,1.363601155863848,88.0,0.0,1.0,1.363601155863848,1.0,1.363601155863848,0.0,0.0
340.98834,1.0,1.363601155863848,88.0,0.0,1.0,1.363601155863848,1.0,1.363601155863848,0.0,0.0
340.09167,1.0,1.363601155863848,87.0,0.0,1.0,1.363601155863848,1.0,1.363601155863848,0.0,0.0
339.80835,1.0,1.363601155863848,88.0,0.0,1.0,1.363601155863848,1.0,1.363601155863848,0.0,0.0
339.47333,1.0,1.363601155863848,88.0,0.0,1.0,1.363601155863848,1.0,1.363601155863848,0.0,0.0
339.70334,1.0,1.363601155863848,88.0,0.0,1.0,1.363601155863848,1.0,1.363601155863848,0.0,0.0
339.58334,1.0,1.363601155863848,88.0,0.0,1.0,1.363601155863848,1.0,1.363601155863848,0.0,0.0
340.035,1.0,1.363601155863848,87.0,0.0,1.0,1.363601155863848,1.0,1.363601155863848,0.0,0.0
339.98334,1.0,1.363601155863848,87.0,0.0,1.0,1.363601155863848,1.0,1.363601155863848,0.0,0.0
339.43668,1.0,1.363601155863848,87.0,0.0,1.0,1.363601155863848,1.0,1.363601155863848,0.0,0.0
339.425,1.0,1.363601155863848,87.0,0.0,1.0,1.363601155863848,1.0,1.363601155863848,0.0,0.0
339.82,1.0,1.363601155863848,88.0,0.0,1.0,1.363601155863848,1.0,1.363601155863848,0.0,0.0
340.33,1.0,1.363601155863848,88.0,0.0,1.0,1.363601155863848,1.0,1.363601155863848,0.0,0.0
340.31668,1.0,1.363601155863848,88.0,0.0,1.0,1.363601155863848,1.0,1.363601155863848,0.0,0.0
339.18167,1.0,1.363601155863848,88.0,0.0,1.0,1.363601155863848,1.0,1.363601155863848,0.0,0.0
339.93167,1.0,1.363601155863848,88.0,0.0,1.0,1.363601155863848,1.0,1.363601155863848,0.0,0.0
339.91168,1.0,1.363601155863848,88.0,0.0,1.0,1.363601155863848,1.0,1.363601155863848,0.0,0.0
340.925,1.0,1.363601155863848,88.0,0.0,1.0,1.363601155863848,1.0,1.363601155863848,0.0,0.0
340.53168,1.0,1.363601155863848,87.0,0.0,1.0,1.363601155863848,1.0,1.363601155863848,0.0,0.0
340.78333,1.0,1.363601155863848,88.0,0.0,1.0,1.363601155863848,1.0,1.363601155863848,0.0,0.0
341.26,1.0,1.363601155863848,88.0,0.0,1.0,1.363601155863848,1.0,1.363601155863848,0.0,0.0
341.695,1.0,1.363601155863848,88.0,0.0,1.0,1.363601155863848,1.0,1.363601155863848,0.0,0.0
342.80667,1.0,1.363601155863848,88.0,0.0,1.0,1.363601155863848,1.0,1.363601155863848,0.0,0.0
342.73666,1.0,1.363601155863848,88.0,0.0,1.0,1.363601155863848,1.0,1.363601155863848,0.0,0.0
342.245,1.0,1.363601155863848,88.0,0.0,1.0,1.363601155863848,1.0,1.363601155863848,0.0,0.0
343.07834,1.0,1.363601155863848,88.0,0.0,1.0,1.363601155863848,1.0,1.363601155863848,0.0,0.0
343.248,1.0,1.363601155863848,88.0,0.0,1.0,1.363601155863848,1.0,1.363601155863848,0.0,0.0
342.39334,1.0,1.363601155863848,88.0,0.0,1.0,1.363601155863848,1.0,1.363601155863848,0.0,0.0
342.10333,1.0,1.363601155863848,88.0,0.0,1.0,1.363601155863848,1.0,1.363601155863848,0.0,0.0
342.66666,1.0,1.363601155863848,87.0,0.0,1.0,1.363601155863848,1.0,1.363601155863848,0.0,0.0
342.06,1.0,1.363601155863848,87.0,0.0,1.0,1.363601155863848,1.0,1.363601155863848,0.0,0.0
341.85834,1.0,1.363601155863848,87.0,0.0,1.0,1.363601155863848,1.0,1.363601155863848,0.0,0.0
342.645,1.0,1.363601155863848,87.0,0.0,1.0,1.363601155863848,1.0,1.363601155863848,0.0,0.0
342.39334,1.0,1.363601155863848,88.0,0.0,1.0,1.363601155863848,1.0,1.363601155863848,0.0,0.0
342.46832,1.0,1.363601155863848,88.0,0.0,1.0,1.363601155863848,1.0,1.363601155863848,0.0,0.0
342.30667,1.0,1.363601155863848,88.0,0.0,1.0,1.363601155863848,1.0,1.363601155863848,0.0,0.0
342.89,1.0,1.363601155863848,88.0,0.0,1.0,1.363601155863848,1.0,1.363601155863848,0.0,0.0
340.025,1.0,1.3645742717477674,88.0,0.0,1.0,1.3645742717477674,1.0,1.3645742717477674,0.0,0.0
340.03668,1.0,1.3645742717477674,88.0,0.0,1.0,1.3645742717477674,1.0,1.3645742717477674,0.0,0.0
339.78168,1.0,1.3645742717477674,88.0,0.0,1.0,1.3645742717477674,1.0,1.3645742717477674,0.0,0.0
341.11667,1.0,1.3645742717477674,88.0,0.0,1.0,1.3645742717477674,1.0,1.3645742717477674,0.0,0.0
340.7083,1.0,1.3645742717477674,88.0,0.0,1.0,1.3645742717477674,1.0,1.3645742717477674,0.0,0.0
341.08334,1.0,1.3645742717477674,88.0,0.0,1.0,1.3645742717477674,1.0,1.3645742717477674,0.0,0.0
341.78333,1.0,1.3645742717477674,88.0,0.0,1.0,1.3645742717477674,1.0,1.3645742717477674,0.0,0.0
341.60498,1.0,1.3645742717477674,88.0,0.0,1.0,1.3645742717477674,1.0,1.3645742717477674,0.0,0.0
341.16833,1.0,1.3645742717477674,88.0,0.0,1.0,1.3645742717477674,1.0,1.3645742717477674,0.0,0.0
341.50333,1.0,1.3645742717477674,88.0,0.0,1.0,1.3645742717477674,1.0,1.3645742717477674,0.0,0.0
341.35834,1.0,1.3645742717477674,88.0,0.0,1.0,1.3645742717477674,1.0,1.3645742717477674,0.0,0.0
340.885,1.0,1.3645742717477674,88.0,0.0,1.0,1.3645742717477674,1.0,1.3645742717477674,0.0,0.0
342.04,1.0,1.3645742717477674,88.0,0.0,1.0,1.3645742717477674,1.0,1.3645742717477674,0.0,0.0
341.93832,1.0,1.3645742717477674,88.0,0.0,1.0,1.3645742717477674,1.0,1.3645742717477674,0.0,0.0
341.55334,1.0,1.3645742717477674,88.0,0.0,1.0,1.3645742717477674,1.0,1.3645742717477674,0.0,0.0
341.825,1.0,1.3645742717477674,88.0,0.0,1.0,1.3645742717477674,1.0,1.3645742717477674,0.0,0.0
341.42166,1.0,1.3645742717477674,88.0,0.0,1.0,1.3645742717477674,1.0,1.3645742717477674,0.0,0.0
341.52667,1.0,1.3645742717477674,88.0,0.0,1.0,1.3645742717477674,1.0,1.3645742717477674,0.0,0.0
341.53168,1.0,1.3645742717477674,88.0,0.0,1.0,1.3645742717477674,1.0,1.3645742717477674,0.0,0.0
341.07,1.0,1.3645742717477674,88.0,0.0,1.0,1.3645742717477674,1.0,1.3645742717477674,0.0,0.0
341.21832,1.0,1.3645742717477674,88.0,0.0,1.0,1.3645742717477674,1.0,1.3645742717477674,0.0,0.0
340.00165,1.0,1.3645742717477674,88.0,0.0,1.0,1.3645742717477674,1.0,1.3645742717477674,0.0,0.0
340.905,1.0,1.3645742717477674,88.0,0.0,1.0,1.3645742717477674,1.0,1.3645742717477674,0.0,0.0
340.98834,1.0,1.3645742717477674,88.0,0.0,1.0,1.3645742717477674,1.0,1.3645742717477674,0.0,0.0
340.09167,1.0,1.3645742717477674,87.0,0.0,1.0,1.3645742717477674,1.0,1.3645742717477674,0.0,0.0
339.80835,1.0,1.3645742717477674,88.0,0.0,1.0,1.3645742717477674,1.0,1.3645742717477674,0.0,0.0
339.47333,1.0,1.3645742717477674,88.0,0.0,1.0,1.3645742717477674,1.0,1.3645742717477674,0.0,0.0
339.70334,1.0,1.3645742717477674,88.0,0.0,1.0,1.3645742717477674,1.0,1.3645742717477674,0.0,0.0
339.58334,1.0,1.3645742717477674,88.0,0.0,1.0,1.3645742717477674,1.0,1.3645742717477674,0.0,0.0
340.035,1.0,1.3645742717477674,87.0,0.0,1.0,1.3645742717477674,1.0,1.3645742717477674,0.0,0.0
339.98334,1.0,1.3645742717477674,87.0,0.0,1.0,1.3645742717477674,1.0,1.3645742717477674,0.0,0.0
339.43668,1.0,1.3645742717477674,87.0,0.0,1.0,1.3645742717477674,1.0,1.3645742717477674,0.0,0.0
339.425,1.0,1.3645742717477674,87.0,0.0,1.0,1.3645742717477674,1.0,1.3645742717477674,0.0,0.0
339.82,1.0,1.3645742717477674,88.0,0.0,1.0,1.3645742717477674,1.0,1.3645742717477674,0.0,0.0
340.33,1.0,1.3645742717477674,88.0,0.0,1.0,1.3645742717477674,1.0,1.3645742717477674,0.0,0.0
340.31668,1.0,1.3645742717477674,88.0,0.0,1.0,1.3645742717477674,1.0,1.3645742717477674,0.0,0.0
339.18167,1.0,1.3645742717477674,88.0,0.0,1.0,1.3645742717477674,1.0,1.3645742717477674,0.0,0.0
339.93167,1.0,1.3645742717477674,88.0,0.0,1.0,1.3645742717477674,1.0,1.3645742717477674,0.0,0.0
339.91168,1.0,1.3645742717477674,88.0,0.0,1.0,1.3645742717477674,1.0,1.3645742717477674,0.0,0.0
340.925,1.0,1.3645742717477674,88.0,0.0,1.0,1.3645742717477674,1.0,1.3645742717477674,0.0,0.0
340.53168,1.0,1.3645742717477674,87.0,0.0,1.0,1.3645742717477674,1.0,1.3645742717477674,0.0,0.0
340.78333,1.0,1.3645742717477674,88.0,0.0,1.0,1.3645742717477674,1.0,1.3645742717477674,0.0,0.0
341.26,1.0,1.3645742717477674,88.0,0.0,1.0,1.3645742717477674,1.0,1.3645742717477674,0.0,0.0
341.695,1.0,1.3645742717477674,88.0,0.0,1.0,1.3645742717477674,1.0,1.3645742717477674,0.0,0.0
342.80667,1.0,1.3645742717477674,88.0,0.0,1.0,1.3645742717477674,1.0,1.3645742717477674,0.0,0.0
342.73666,1.0,1.3645742717477674,88.0,0.0,1.0,1.3645742717477674,1.0,1.3645742717477674,0.0,0.0
342.245,1.0,1.3645742717477674,88.0,0.0,1.0,1.3645742717477674,1.0,1.3645742717477674,0.0,0.0
343.07834,1.0,1.3645742717477674,88.0,0.0,1.0,1.3645742717477674,1.0,1.3645742717477674,0.0,0.0
343.248,1.0,1.3645742717477674,88.0,0.0,1.0,1.3645742717477674,1.0,1.3645742717477674,0.0,0.0
342.39334,1.0,1.3645742717477674,88.0,0.0,1.0,1.3645742717477674,1.0,1.3645742717477674,0.0,0.0
342.10333,1.0,1.3645742717477674,88.0,0.0,1.0,1.3645742717477674,1.0,1.3645742717477674,0.0,0.0
342.66666,1.0,1.3645742717477674,87.0,0.0,1.0,1.3645742717477674,1.0,1.3645742717477674,0.0,0.0
342.06,1.0,1.3645742717477674,87.0,0.0,1.0,1.3645742717477674,1.0,1.3645742717477674,0.0,0.0
341.85834,1.0,1.3645742717477674,87.0,0.0,1.0,1.3645742717477674,1.0,1.3645742717477674,0.0,0.0
342.645,1.0,1.3645742717477674,87.0,0.0,1.0,1.3645742717477674,1.0,1.3645742717477674,0.0,0.0
342.39334,1.0,1.3645742717477674,88.0,0.0,1.0,1.3645742717477674,1.0,1.3645742717477674,0.0,0.0
342.46832,1.0,1.3645742717477674,88.0,0.0,1.0,1.3645742717477674,1.0,1.3645742717477674,0.0,0.0
342.30667,1.0,1.3645742717477674,88.0,0.0,1.0,1.3645742717477674,1.0,1.3645742717477674,0.0,0.0
342.89,1.0,1.3645742717477674,88.0,0.0,1.0,1.3645742717477674,1.0,1.3645742717477674,0.0,0.0
339.03168,1.0,1.3645742717477674,88.0,0.0,1.0,1.3645742717477674,1.0,1.3645742717477674,0.0,0.0
340.03668,1.0,0.729697892089603,88.0,0.0,1.0,0.729697892089603,1.0,0.729697892089603,0.0,0.0
339.78168,1.0,0.729697892089603,88.0,0.0,1.0,0.729697892089603,1.0,0.729697892089603,0.0,0.0
341.11667,1.0,0.729697892089603,88.0,0.0,1.0,0.729697892089603,1.0,0.729697892089603,0.0,0.0
340.7083,1.0,0.729697892089603,88.0,0.0,1.0,0.729697892089603,1.0,0.729697892089603,0.0,0.0
341.08334,1.0,0.729697892089603,88.0,0.0,1.0,0.729697892089603,1.0,0.729697892089603,0.0,0.0
341.78333,1.0,0.729697892089603,88.0,0.0,1.0,0.729697892089603,1.0,0.729697892089603,0.0,0.0
341.60498,1.0,0.729697892089603,88.0,0.0,1.0,0.729697892089603,1.0,0.729697892089603,0.0,0.0
341.16833,1.0,0.729697892089603,88.0,0.0,1.0,0.729697892089603,1.0,0.729697892089603,0.0,0.0
341.50333,1.0,0.729697892089603,88.0,0.0,1.0,0.729697892089603,1.0,0.729697892089603,0.0,0.0
341.35834,1.0,0.729697892089603,88.0,0.0,1.0,0.729697892089603,1.0,0.729697892089603,0.0,0.0
340.885,1.0,0.729697892089603,88.0,0.0,1.0,0.729697892089603,1.0,0.729697892089603,0.0,0.0
342.04,1.0,0.729697892089603,88.0,0.0,1.0,0.729697892089603,1.0,0.729697892089603,0.0,0.0
341.93832,1.0,0.729697892089603,88.0,0.0,1.0,0.729697892089603,1.0,0.729697892089603,0.0,0.0
341.55334,1.0,0.729697892089603,88.0,0.0,1.0,0.729697892089603,1.0,0.729697892089603,0.0,0.0
341.825,1.0,0.729697892089603,88.0,0.0,1.0,0.729697892089603,1.0,0.729697892089603,0.0,0.0
341.42166,1.0,0.729697892089603,88.0,0.0,1.0,0.729697892089603,1.0,0.729697892089603,0.0,0.0
341.52667,1.0,0.729697892089603,88.0,0.0,1.0,0.729697892089603,1.0,0.729697892089603,0.0,0.0
341.53168,1.0,0.729697892089603,88.0,0.0,1.0,0.729697892089603,1.0,0.729697892089603,0.0,0.0
341.07,1.0,0.729697892089603,88.0,0.0,1.0,0.729697892089603,1.0,0.729697892089603,0.0,0.0
341.21832,1.0,0.729697892089603,88.0,0.0,1.0,0.729697892089603,1.0,0.729697892089603,0.0,0.0
340.00165,1.0,0.729697892089603,88.0,0.0,1.0,0.729697892089603,1.0,0.729697892089603,0.0,0.0
340.905,1.0,0.729697892089603,88.0,0.0,1.0,0.729697892089603,1.0,0.729697892089603,0.0,0.0
340.98834,1.0,0.729697892089603,88.0,0.0,1.0,0.729697892089603,1.0,0.729697892089603,0.0,0.0
340.09167,1.0,0.729697892089603,87.0,0.0,1.0,0.729697892089603,1.0,0.729697892089603,0.0,0.0
339.80835,1.0,0.729697892089603,88.0,0.0,1.0,0.729697892089603,1.0,0.729697892089603,0.0,0.0
339.47333,1.0,0.729697892089603,88.0,0.0,1.0,0.729697892089603,1.0,0.729697892089603,0.0,0.0
339.70334,1.0,0.729697892089603,88.0,0.0,1.0,0.729697892089603,1.0,0.729697892089603,0.0,0.0
339.58334,1.0,0.729697892089603,88.0,0.0,1.0,0.729697892089603,1.0,0.729697892089603,0.0,0.0
340.035,1.0,0.729697892089603,87.0,0.0,1.0,0.729697892089603,1.0,0.729697892089603,0.0,0.0
339.98334,1.0,0.729697892089603,87.0,0.0,1.0,0.729697892089603,1.0,0.729697892089603,0.0,0.0
339.43668,1.0,0.729697892089603,87.0,0.0,1.0,0.729697892089603,1.0,0.729697892089603,0.0,0.0
339.425,1.0,0.729697892089603,87.0,0.0,1.0,0.729697892089603,1.0,0.729697892089603,0.0,0.0
339.82,1.0,0.729697892089603,88.0,0.0,1.0,0.729697892089603,1.0,0.729697892089603,0.0,0.0
340.33,1.0,0.729697892089603,88.0,0.0,1.0,0.729697892089603,1.0,0.729697892089603,0.0,0.0
340.31668,1.0,0.729697892089603,88.0,0.0,1.0,0.729697892089603,1.0,0.729697892089603,0.0,0.0
339.18167,1.0,0.729697892089603,88.0,0.0,1.0,0.729697892089603,1.0,0.729697892089603,0.0,0.0
339.93167,1.0,0.729697892089603,88.0,0.0,1.0,0.729697892089603,1.0,0.729697892089603,0.0,0.0
339.91168,1.0,0.729697892089603,88.0,0.0,1.0,0.729697892089603,1.0,0.729697892089603,0.0,0.0
340.925,1.0,0.729697892089603,88.0,0.0,1.0,0.729697892089603,1.0,0.729697892089603,0.0,0.0
340.53168,1.0,0.729697892089603,87.0,0.0,1.0,0.729697892089603,1.0,0.729697892089603,0.0,0.0
340.78333,1.0,0.729697892089603,88.0,0.0,1.0,0.729697892089603,1.0,0.729697892089603,0.0,0.0
341.26,1.0,0.729697892089603,88.0,0.0,1.0,0.729697892089603,1.0,0.729697892089603,0.0,0.0
341.695,1.0,0.729697892089603,88.0,0.0,1.0,0.729697892089603,1.0,0.729697892089603,0.0,0.0
342.80667,1.0,0.729697892089603,88.0,0.0,1.0,0.729697892089603,1.0,0.729697892089603,0.0,0.0
342.73666,1.0,0.729697892089603,88.0,0.0,1.0,0.729697892089603,1.0,0.729697892089603,0.0,0.0
342.245,1.0,0.729697892089603,88.0,0.0,1.0,0.729697892089603,1.0,0.729697892089603,0.0,0.0
343.07834,1.0,0.729697892089603,88.0,0.0,1.0,0.729697892089603,1.0,0.729697892089603,0.0,0.0
343.248,1.0,0.729697892089603,88.0,0.0,1.0,0.729697892089603,1.0,0.729697892089603,0.0,0.0
342.39334,1.0,0.729697892089603,88.0,0.0,1.0,0.729697892089603,1.0,0.729697892089603,0.0,0.0
342.10333,1.0,0.729697892089603,88.0,0.0,1.0,0.729697892089603,1.0,0.729697892089603,0.0,0.0
342.66666,1.0,0.729697892089603,87.0,0.0,1.0,0.729697892089603,1.0,0.729697892089603,0.0,0.0
342.06,1.0,0.729697892089603,87.0,0.0,1.0,0.729697892089603,1.0,0.729697892089603,0.0,0.0
341.85834,1.0,0.729697892089603,87.0,0.0,1.0,0.729697892089603,1.0,0.729697892089603,0.0,0.0
342.645,1.0,0.729697892089603,87.0,0.0,1.0,0.729697892089603,1.0,0.729697892089603,0.0,0.0
342.39334,1.0,0.729697892089603,88.0,0.0,1.0,0.729697892089603,1.0,0.729697892089603,0.0,0.0
342.46832,1.0,0.729697892089603,88.0,0.0,1.0,0.729697892089603,1.0,0.729697892089603,0.0,0.0
342.30667,1.0,0.729697892089603,88.0,0.0,1.0,0.729697892089603,1.0,0.729697892089603,0.0,0.0
342.89,1.0,0.729697892089603,88.0,0.0,1.0,0.729697892089603,1.0,0.729697892089603,0.0,0.0
339.03168,1.0,0.729697892089603,88.0,0.0,1.0,0.729697892089603,1.0,0.729697892089603,0.0,0.0
323.57333,1.0,0.729697892089603,88.0,12.404864165523252,1.0,0.729697892089603,1.0,0.729697892089603,0.0,0.0
339.78168,1.0,0.6559248817142714,88.0,0.0,1.0,0.6559248817142714,1.0,0.6559248817142714,0.0,0.0
341.11667,1.0,0.6559248817142714,88.0,0.0,1.0,0.6559248817142714,1.0,0.6559248817142714,0.0,0.0
340.7083,1.0,0.6559248817142714,88.0,0.0,1.0,0.6559248817142714,1.0,0.6559248817142714,0.0,0.0
341.08334,1.0,0.6559248817142714,88.0,0.0,1.0,0.6559248817142714,1.0,0.6559248817142714,0.0,0.0
341.78333,1.0,0.6559248817142714,88.0,0.0,1.0,0.6559248817142714,1.0,0.6559248817142714,0.0,0.0
341.60498,1.0,0.6559248817142714,88.0,0.0,1.0,0.6559248817142714,1.0,0.6559248817142714,0.0,0.0
341.16833,1.0,0.6559248817142714,88.0,0.0,1.0,0.6559248817142714,1.0,0.6559248817142714,0.0,0.0
341.50333,1.0,0.6559248817142714,88.0,0.0,1.0,0.6559248817142714,1.0,0.6559248817142714,0.0,0.0
341.35834,1.0,0.6559248817142714,88.0,0.0,1.0,0.6559248817142714,1.0,0.6559248817142714,0.0,0.0
340.885,1.0,0.6559248817142714,88.0,0.0,1.0,0.6559248817142714,1.0,0.6559248817142714,0.0,0.0
342.04,1.0,0.6559248817142714,88.0,0.0,1.0,0.6559248817142714,1.0,0.6559248817142714,0.0,0.0
341.93832,1.0,0.6559248817142714,88.0,0.0,1.0,0.6559248817142714,1.0,0.6559248817142714,0.0,0.0
341.55334,1.0,0.6559248817142714,88.0,0.0,1.0,0.6559248817142714,1.0,0.6559248817142714,0.0,0.0
341.825,1.0,0.6559248817142714,88.0,0.0,1.0,0.6559248817142714,1.0,0.6559248817142714,0.0,0.0
341.42166,1.0,0.6559248817142714,88.0,0.0,1.0,0.6559248817142714,1.0,0.6559248817142714,0.0,0.0
341.52667,1.0,0.6559248817142714,88.0,0.0,1.0,0.6559248817142714,1.0,0.6559248817142714,0.0,0.0
341.53168,1.0,0.6559248817142714,88.0,0.0,1.0,0.6559248817142714,1.0,0.6559248817142714,0.0,0.0
341.07,1.0,0.6559248817142714,88.0,0.0,1.0,0.6559248817142714,1.0,0.6559248817142714,0.0,0.0
341.21832,1.0,0.6559248817142714,88.0,0.0,1.0,0.6559248817142714,1.0,0.6559248817142714,0.0,0.0
340.00165,1.0,0.6559248817142714,88.0,0.0,1.0,0.6559248817142714,1.0,0.6559248817142714,0.0,0.0
340.905,1.0,0.6559248817142714,88.0,0.0,1.0,0.6559248817142714,1.0,0.6559248817142714,0.0,0.0
340.98834,1.0,0.6559248817142714,88.0,0.0,1.0,0.6559248817142714,1.0,0.6559248817142714,0.0,0.0
340.09167,1.0,0.6559248817142714,87.0,0.0,1.0,0.6559248817142714,1.0,0.6559248817142714,0.0,0.0
339.80835,1.0,0.6559248817142714,88.0,0.0,1.0,0.6559248817142714,1.0,0.6559248817142714,0.0,0.0
339.47333,1.0,0.6559248817142714,88.0,0.0,1.0,0.6559248817142714,1.0,0.6559248817142714,0.0,0.0
339.70334,1.0,0.6559248817142714,88.0,0.0,1.0,0.6559248817142714,1.0,0.6559248817142714,0.0,0.0
339.58334,1.0,0.6559248817142714,88.0,0.0,1.0,0.6559248817142714,1.0,0.6559248817142714,0.0,0.0
340.035,1.0,0.6559248817142714,87.0,0.0,1.0,0.6559248817142714,1.0,0.6559248817142714,0.0,0.0
339.98334,1.0,0.6559248817142714,87.0,0.0,1.0,0.6559248817142714,1.0,0.6559248817142714,0.0,0.0
339.43668,1.0,0.6559248817142714,87.0,0.0,1.0,0.6559248817142714,1.0,0.6559248817142714,0.0,0.0
339.425,1.0,0.6559248817142714,87.0,0.0,1.0,0.6559248817142714,1.0,0.6559248817142714,0.0,0.0
339.82,1.0,0.6559248817142714,88.0,0.0,1.0,0.6559248817142714,1.0,0.6559248817142714,0.0,0.0
340.33,1.0,0.6559248817142714,88.0,0.0,1.0,0.6559248817142714,1.0,0.6559248817142714,0.0,0.0
340.31668,1.0,0.6559248817142714,88.0,0.0,1.0,0.6559248817142714,1.0,0.6559248817142714,0.0,0.0
339.18167,1.0,0.6559248817142714,88.0,0.0,1.0,0.6559248817142714,1.0,0.6559248817142714,0.0,0.0
339.93167,1.0,0.6559248817142714,88.0,0.0,1.0,0.6559248817142714,1.0,0.6559248817142714,0.0,0.0
339.91168,1.0,0.6559248817142714,88.0,0.0,1.0,0.6559248817142714,1.0,0.6559248817142714,0.0,0.0
340.925,1.0,0.6559248817142714,88.0,0.0,1.0,0.6559248817142714,1.0,0.6559248817142714,0.0,0.0
340.53168,1.0,0.6559248817142714,87.0,0.0,1.0,0.6559248817142714,1.0,0.6559248817142714,0.0,0.0
340.78333,1.0,0.6559248817142714,88.0,0.0,1.0,0.6559248817142714,1.0,0.6559248817142714,0.0,0.0
341.26,1.0,0.6559248817142714,88.0,0.0,1.0,0.6559248817142714,1.0,0.6559248817142714,0.0,0.0
341.695,1.0,0.6559248817142714,88.0,0.0,1.0,0.6559248817142714,1.0,0.6559248817142714,0.0,0.0
342.80667,1.0,0.6559248817142714,88.0,0.0,1.0,0.6559248817142714,1.0,0.6559248817142714,0.0,0.0
342.73666,1.0,0.6559248817142714,88.0,0.0,1.0,0.6559248817142714,1.0,0.6559248817142714,0.0,0.0
342.245,1.0,0.6559248817142714,88.0,0.0,1.0,0.6559248817142714,1.0,0.6559248817142714,0.0,0.0
343.07834,1.0,0.6559248817142714,88.0,0.0,1.0,0.6559248817142714,1.0,0.6559248817142714,0.0,0.0
343.248,1.0,0.6559248817142714,88.0,0.0,1.0,0.6559248817142714,1.0,0.6559248817142714,0.0,0.0
342.39334,1.0,0.6559248817142714,88.0,0.0,1.0,0.6559248817142714,1.0,0.6559248817142714,0.0,0.0
342.10333,1.0,0.6559248817142714,88.0,0.0,1.0,0.6559248817142714,1.0,0.6559248817142714,0.0,0.0
342.66666,1.0,0.6559248817142714,87.0,0.0,1.0,0.6559248817142714,1.0,0.6559248817142714,0.0,0.0
342.06,1.0,0.6559248817142714,87.0,0.0,1.0,0.6559248817142714,1.0,0.6559248817142714,0.0,0.0
341.85834,1.0,0.6559248817142714,87.0,0.0,1.0,0.6559248817142714,1.0,0.6559248817142714,0.0,0.0
342.645,1.0,0.6559248817142714,87.0,0.0,1.0,0.6559248817142714,1.0,0.6559248817142714,0.0,0.0
342.39334,1.0,0.6559248817142714,88.0,0.0,1.0,0.6559248817142714,1.0,0.6559248817142714,0.0,0.0
342.46832,1.0,0.6559248817142714,88.0,0.0,1.0,0.6559248817142714,1.0,0.6559248817142714,0.0,0.0
342.30667,1.0,0.6559248817142714,88.0,0.0,1.0,0.6559248817142714,1.0,0.6559248817142714,0.0,0.0
342.89,1.0,0.6559248817142714,88.0,0.0,1.0,0.6559248817142714,1.0,0.6559248817142714,0.0,0.0
339.03168,1.0,0.6559248817142714,88.0,11.150722989142615,1.0,0.6559248817142714,1.0,0.6559248817142714,0.0,0.0
323.57333,1.0,0.6559248817142714,88.0,0.0,1.0,0.6559248817142714,1.0,0.6559248817142714,0.0,0.0
323.72,1.0,0.6559248817142714,88.0,10.494798107428343,1.0,0.6559248817142714,1.0,0.6559248817142714,0.0,0.0
341.11667,1.0,0.6243769931813212,88.0,0.0,1.0,0.6243769931813212,1.0,0.6243769931813212,0.0,0.0
340.7083,1.0,0.6243769931813212,88.0,0.0,1.0,0.6243769931813212,1.0,0.6243769931813212,0.0,0.0
341.08334,1.0,0.6243769931813212,88.0,0.0,1.0,0.6243769931813212,1.0,0.6243769931813212,0.0,0.0
341.78333,1.0,0.6243769931813212,88.0,0.0,1.0,0.6243769931813212,1.0,0.6243769931813212,0.0,0.0
341.60498,1.0,0.6243769931813212,88.0,0.0,1.0,0.6243769931813212,1.0,0.6243769931813212,0.0,0.0
341.16833,1.0,0.6243769931813212,88.0,0.0,1.0,0.6243769931813212,1.0,0.6243769931813212,0.0,0.0
341.50333,1.0,0.6243769931813212,88.0,0.0,1.0,0.6243769931813212,1.0,0.6243769931813212,0.0,0.0
341.35834,1.0,0.6243769931813212,88.0,0.0,1.0,0.6243769931813212,1.0,0.6243769931813212,0.0,0.0
340.885,1.0,0.6243769931813212,88.0,0.0,1.0,0.6243769931813212,1.0,0.6243769931813212,0.0,0.0
342.04,1.0,0.6243769931813212,88.0,0.0,1.0,0.6243769931813212,1.0,0.6243769931813212,0.0,0.0
341.93832,1.0,0.6243769931813212,88.0,0.0,1.0,0.6243769931813212,1.0,0.6243769931813212,0.0,0.0
341.55334,1.0,0.6243769931813212,88.0,0.0,1.0,0.6243769931813212,1.0,0.6243769931813212,0.0,0.0
341.825,1.0,0.6243769931813212,88.0,0.0,1.0,0.6243769931813212,1.0,0.6243769931813212,0.0,0.0
341.42166,1.0,0.6243769931813212,88.0,0.0,1.0,0.6243769931813212,1.0,0.6243769931813212,0.0,0.0
341.52667,1.0,0.6243769931813212,88.0,0.0,1.0,0.6243769931813212,1.0,0.6243769931813212,0.0,0.0
341.53168,1.0,0.6243769931813212,88.0,0.0,1.0,0.6243769931813212,1.0,0.6243769931813212,0.0,0.0
341.07,1.0,0.6243769931813212,88.0,0.0,1.0,0.6243769931813212,1.0,0.6243769931813212,0.0,0.0
341.21832,1.0,0.6243769931813212,88.0,0.0,1.0,0.6243769931813212,1.0,0.6243769931813212,0.0,0.0
340.00165,1.0,0.6243769931813212,88.0,0.0,1.0,0.6243769931813212,1.0,0.6243769931813212,0.0,0.0
340.905,1.0,0.6243769931813212,88.0,0.0,1.0,0.6243769931813212,1.0,0.6243769931813212,0.0,0.0
340.98834,1.0,0.6243769931813212,88.0,0.0,1.0,0.6243769931813212,1.0,0.6243769931813212,0.0,0.0
340.09167,1.0,0.6243769931813212,87.0,0.0,1.0,0.6243769931813212,1.0,0.6243769931813212,0.0,0.0
339.80835,1.0,0.6243769931813212,88.0,0.0,1.0,0.6243769931813212,1.0,0.6243769931813212,0.0,0.0
339.47333,1.0,0.6243769931813212,88.0,0.0,1.0,0.6243769931813212,1.0,0.6243769931813212,0.0,0.0
339.70334,1.0,0.6243769931813212,88.0,0.0,1.0,0.6243769931813212,1.0,0.6243769931813212,0.0,0.0
339.58334,1.0,0.6243769931813212,88.0,0.0,1.0,0.6243769931813212,1.0,0.6243769931813212,0.0,0.0
340.035,1.0,0.6243769931813212,87.0,0.0,1.0,0.6243769931813212,1.0,0.6243769931813212,0.0,0.0
339.98334,1.0,0.6243769931813212,87.0,0.0,1.0,0.6243769931813212,1.0,0.6243769931813212,0.0,0.0
339.43668,1.0,0.6243769931813212,87.0,0.0,1.0,0.6243769931813212,1.0,0.6243769931813212,0.0,0.0
339.425,1.0,0.6243769931813212,87.0,0.0,1.0,0.6243769931813212,1.0,0.6243769931813212,0.0,0.0
339.82,1.0,0.6243769931813212,88.0,0.0,1.0,0.6243769931813212,1.0,0.6243769931813212,0.0,0.0
340.33,1.0,0.6243769931813212,88.0,0.0,1.0,0.6243769931813212,1.0,0.6243769931813212,0.0,0.0
340.31668,1.0,0.6243769931813212,88.0,0.0,1.0,0.6243769931813212,1.0,0.6243769931813212,0.0,0.0
339.18167,1.0,0.6243769931813212,88.0,0.0,1.0,0.6243769931813212,1.0,0.6243769931813212,0.0,0.0
339.93167,1.0,0.6243769931813212,88.0,0.0,1.0,0.6243769931813212,1.0,0.6243769931813212,0.0,0.0
339.91168,1.0,0.6243769931813212,88.0,0.0,1.0,0.6243769931813212,1.0,0.6243769931813212,0.0,0.0
340.925,1.0,0.6243769931813212,88.0,0.0,1.0,0.6243769931813212,1.0,0.6243769931813212,0.0,0.0
340.53168,1.0,0.6243769931813212,87.0,0.0,1.0,0.6243769931813212,1.0,0.6243769931813212,0.0,0.0
340.78333,1.0,0.6243769931813212,88.0,0.0,1.0,0.6243769931813212,1.0,0.6243769931813212,0.0,0.0
341.26,1.0,0.6243769931813212,88.0,0.0,1.0,0.6243769931813212,1.0,0.6243769931813212,0.0,0.0
341.695,1.0,0.6243769931813212,88.0,0.0,1.0,0.6243769931813212,1.0,0.6243769931813212,0.0,0.0
342.80667,1.0,0.6243769931813212,88.0,0.0,1.0,0.6243769931813212,1.0,0.6243769931813212,0.0,0.0
342.73666,1.0,0.6243769931813212,88.0,0.0,1.0,0.6243769931813212,1.0,0.6243769931813212,0.0,0.0
342.245,1.0,0.6243769931813212,88.0,0.0,1.0,0.6243769931813212,1.0,0.6243769931813212,0.0,0.0
343.07834,1.0,0.6243769931813212,88.0,0.0,1.0,0.6243769931813212,1.0,0.6243769931813212,0.0,0.0
343.248,1.0,0.6243769931813212,88.0,0.0,1.0,0.6243769931813212,1.0,0.6243769931813212,0.0,0.0
342.39334,1.0,0.6243769931813212,88.0,0.0,1.0,0.6243769931813212,1.0,0.6243769931813212,0.0,0.0
342.10333,1.0,0.6243769931813212,88.0,0.0,1.0,0.6243769931813212,1.0,0.6243769931813212,0.0,0.0
342.66666,1.0,0.6243769931813212,87.0,0.0,1.0,0.6243769931813212,1.0,0.6243769931813212,0.0,0.0
342.06,1.0,0.6243769931813212,87.0,0.0,1.0,0.6243769931813212,1.0,0.6243769931813212,0.0,0.0
341.85834,1.0,0.6243769931813212,87.0,0.0,1.0,0.6243769931813212,1.0,0.6243769931813212,0.0,0.0
342.645,1.0,0.6243769931813212,87.0,0.0,1.0,0.6243769931813212,1.0,0.6243769931813212,0.0,0.0
342.39334,1.0,0.6243769931813212,88.0,0.0,1.0,0.6243769931813212,1.0,0.6243769931813212,0.0,0.0
342.46832,1.0,0.6243769931813212,88.0,0.0,1.0,0.6243769931813212,1.0,0.6243769931813212,0.0,0.0
342.30667,1.0,0.6243769931813212,88.0,0.0,1.0,0.6243769931813212,1.0,0.6243769931813212,0.0,0.0
342.89,1.0,0.6243769931813212,88.0,0.0,1.0,0.6243769931813212,1.0,0.6243769931813212,0.0,0.0
339.03168,1.0,0.6243769931813212,88.0,10.614408884082462,1.0,0.6243769931813212,1.0,0.6243769931813212,0.0,0.0
323.57333,1.0,0.6243769931813212,88.0,0.0,1.0,0.6243769931813212,1.0,0.6243769931813212,0.0,0.0
323.72,1.0,0.6243769931813212,88.0,9.99003189090114,1.0,0.6243769931813212,1.0,0.6243769931813212,0.0,0.0
323.43332,1.0,0.6243769931813212,88.0,0.0,1.0,0.6243769931813212,1.0,0.6243769931813212,0.0,0.0
340.7083,1.0,0.5769066782695454,88.0,59.998294540032724,1.0,0.5769066782695454,1.0,0.5769066782695454,0.0,0.0
341.08334,1.0,0.5769066782695454,88.0,59.42138786176318,1.0,0.5769066782695454,1.0,0.5769066782695454,0.0,0.0
341.78333,1.0,0.5769066782695454,88.0,59.42138786176318,1.0,0.5769066782695454,1.0,0.5769066782695454,0.0,0.0
341.60498,1.0,0.5769066782695454,88.0,59.42138786176318,1.0,0.5769066782695454,1.0,0.5769066782695454,0.0,0.0
341.16833,1.0,0.5769066782695454,88.0,59.42138786176318,1.0,0.5769066782695454,1.0,0.5769066782695454,0.0,0.0
341.50333,1.0,0.5769066782695454,88.0,58.844481183493635,1.0,0.5769066782695454,1.0,0.5769066782695454,0.0,0.0
341.35834,1.0,0.5769066782695454,88.0,58.844481183493635,1.0,0.5769066782695454,1.0,0.5769066782695454,0.0,0.0
340.885,1.0,0.5769066782695454,88.0,58.844481183493635,1.0,0.5769066782695454,1.0,0.5769066782695454,0.0,0.0
342.04,1.0,0.5769066782695454,88.0,58.844481183493635,1.0,0.5769066782695454,1.0,0.5769066782695454,0.0,0.0
341.93832,1.0,0.5769066782695454,88.0,58.844481183493635,1.0,0.5769066782695454,1.0,0.5769066782695454,0.0,0.0
341.55334,1.0,0.5769066782695454,88.0,58.844481183493635,1.0,0.5769066782695454,1.0,0.5769066782695454,0.0,0.0
341.825,1.0,0.5769066782695454,88.0,58.26757450522409,1.0,0.5769066782695454,1.0,0.5769066782695454,0.0,0.0
341.42166,1.0,0.5769066782695454,88.0,58.26757450522409,1.0,0.5769066782695454,1.0,0.5769066782695454,0.0,0.0
341.52667,1.0,0.5769066782695454,88.0,58.26757450522409,1.0,0.5769066782695454,1.0,0.5769066782695454,0.0,0.0
341.53168,1.0,0.5769066782695454,88.0,58.26757450522409,1.0,0.5769066782695454,1.0,0.5769066782695454,0.0,0.0
341.07,1.0,0.5769066782695454,88.0,57.690667826954545,1.0,0.5769066782695454,1.0,0.5769066782695454,0.0,0.0
341.21832,1.0,0.5769066782695454,88.0,57.690667826954545,1.0,0.5769066782695454,1.0,0.5769066782695454,0.0,0.0
340.00165,1.0,0.5769066782695454,88.0,57.690667826954545,1.0,0.5769066782695454,1.0,0.5769066782695454,0.0,0.0
340.905,1.0,0.5769066782695454,88.0,57.113761148685,1.0,0.5769066782695454,1.0,0.5769066782695454,0.0,0.0
340.98834,1.0,0.5769066782695454,88.0,57.113761148685,1.0,0.5769066782695454,1.0,0.5769066782695454,0.0,0.0
340.09167,1.0,0.5769066782695454,87.0,56.536854470415456,1.0,0.5769066782695454,1.0,0.5769066782695454,0.0,0.0
339.80835,1.0,0.5769066782695454,88.0,56.536854470415456,1.0,0.5769066782695454,1.0,0.5769066782695454,0.0,0.0
339.47333,1.0,0.5769066782695454,88.0,56.536854470415456,1.0,0.5769066782695454,1.0,0.5769066782695454,0.0,0.0
339.70334,1.0,0.5769066782695454,88.0,56.536854470415456,1.0,0.5769066782695454,1.0,0.5769066782695454,0.0,0.0
339.58334,1.0,0.5769066782695454,88.0,56.536854470415456,1.0,0.5769066782695454,1.0,0.5769066782695454,0.0,0.0
340.035,1.0,0.5769066782695454,87.0,55.95994779214591,1.0,0.5769066782695454,1.0,0.5769066782695454,0.0,0.0
339.98334,1.0,0.5769066782695454,87.0,55.95994779214591,1.0,0.5769066782695454,1.0,0.5769066782695454,0.0,0.0
339.43668,1.0,0.5769066782695454,87.0,55.95994779214591,1.0,0.5769066782695454,1.0,0.5769066782695454,0.0,0.0
339.425,1.0,0.5769066782695454,87.0,55.38304111387636,1.0,0.5769066782695454,1.0,0.5769066782695454,0.0,0.0
339.82,1.0,0.5769066782695454,88.0,55.95994779214591,1.0,0.5769066782695454,1.0,0.5769066782695454,0.0,0.0
340.33,1.0,0.5769066782695454,88.0,54.806134435606815,1.0,0.5769066782695454,1.0,0.5769066782695454,0.0,0.0
340.31668,1.0,0.5769066782695454,88.0,55.38304111387636,1.0,0.5769066782695454,1.0,0.5769066782695454,0.0,0.0
339.18167,1.0,0.5769066782695454,88.0,54.806134435606815,1.0,0.5769066782695454,1.0,0.5769066782695454,0.0,0.0
339.93167,1.0,0.5769066782695454,88.0,54.806134435606815,1.0,0.5769066782695454,1.0,0.5769066782695454,0.0,0.0
339.91168,1.0,0.5769066782695454,88.0,54.22922775733727,1.0,0.5769066782695454,1.0,0.5769066782695454,0.0,0.0
340.925,1.0,0.5769066782695454,88.0,54.22922775733727,1.0,0.5769066782695454,1.0,0.5769066782695454,0.0,0.0
340.53168,1.0,0.5769066782695454,87.0,54.806134435606815,1.0,0.5769066782695454,1.0,0.5769066782695454,0.0,0.0
340.78333,1.0,0.5769066782695454,88.0,54.22922775733727,1.0,0.5769066782695454,1.0,0.5769066782695454,0.0,0.0
341.26,1.0,0.5769066782695454,88.0,54.22922775733727,1.0,0.5769066782695454,1.0,0.5769066782695454,0.0,0.0
341.695,1.0,0.5769066782695454,88.0,54.22922775733727,1.0,0.5769066782695454,1.0,0.5769066782695454,0.0,0.0
342.80667,1.0,0.5769066782695454,88.0,54.22922775733727,1.0,0.5769066782695454,1.0,0.5769066782695454,0.0,0.0
342.73666,1.0,0.5769066782695454,88.0,54.22922775733727,1.0,0.5769066782695454,1.0,0.5769066782695454,0.0,0.0
342.245,1.0,0.5769066782695454,88.0,53.652321079067725,1.0,0.5769066782695454,1.0,0.5769066782695454,0.0,0.0
343.07834,1.0,0.5769066782695454,88.0,53.652321079067725,1.0,0.5769066782695454,1.0,0.5769066782695454,0.0,0.0
343.248,1.0,0.5769066782695454,88.0,54.22922775733727,1.0,0.5769066782695454,1.0,0.5769066782695454,0.0,0.0
342.39334,1.0,0.5769066782695454,88.0,53.652321079067725,1.0,0.5769066782695454,1.0,0.5769066782695454,0.0,0.0
342.10333,1.0,0.5769066782695454,88.0,53.652321079067725,1.0,0.5769066782695454,1.0,0.5769066782695454,0.0,0.0
342.66666,1.0,0.5769066782695454,87.0,53.07541440079818,1.0,0.5769066782695454,1.0,0.5769066782695454,0.0,0.0
342.06,1.0,0.5769066782695454,87.0,53.652321079067725,1.0,0.5769066782695454,1.0,0.5769066782695454,0.0,0.0
341.85834,1.0,0.5769066782695454,87.0,53.652321079067725,1.0,0.5769066782695454,1.0,0.5769066782695454,0.0,0.0
342.645,1.0,0.5769066782695454,87.0,53.07541440079818,1.0,0.5769066782695454,1.0,0.5769066782695454,0.0,0.0
342.39334,1.0,0.5769066782695454,88.0,53.07541440079818,1.0,0.5769066782695454,1.0,0.5769066782695454,0.0,0.0
342.46832,1.0,0.5769066782695454,88.0,53.07541440079818,1.0,0.5769066782695454,1.0,0.5769066782695454,0.0,0.0
342.30667,1.0,0.5769066782695454,88.0,53.07541440079818,1.0,0.5769066782695454,1.0,0.5769066782695454,0.0,0.0
342.89,1.0,0.5769066782695454,88.0,53.07541440079818,1.0,0.5769066782695454,1.0,0.5769066782695454,0.0,0.0
339.03168,1.0,0.5769066782695454,88.0,52.498507722528636,1.0,0.5769066782695454,1.0,0.5769066782695454,0.0,0.0
323.57333,1.0,0.5769066782695454,88.0,62.30592125311091,1.0,0.5769066782695454,1.0,0.5769066782695454,0.0,0.0
323.72,1.0,0.5769066782695454,88.0,62.30592125311091,1.0,0.5769066782695454,1.0,0.5769066782695454,0.0,0.0
323.43332,1.0,0.5769066782695454,88.0,62.30592125311091,1.0,0.5769066782695454,1.0,0.5769066782695454,0.0,0.0
359.13333,1.0,0.5769066782695454,83.0,52.498507722528636,1.0,0.5769066782695454,1.0,0.5769066782695454,0.0,0.0
341.08334,1.0,0.5910633857143852,88.0,62.061655500010446,1.0,0.5910633857143852,1.0,0.5910633857143852,0.0,0.0
341.78333,1.0,0.5910633857143852,88.0,62.061655500010446,1.0,0.5910633857143852,1.0,0.5910633857143852,0.0,0.0
341.60498,1.0,0.5910633857143852,88.0,61.47059211429606,1.0,0.5910633857143852,1.0,0.5910633857143852,0.0,0.0
341.16833,1.0,0.5910633857143852,88.0,62.061655500010446,1.0,0.5910633857143852,1.0,0.5910633857143852,0.0,0.0
341.50333,1.0,0.5910633857143852,88.0,61.47059211429606,1.0,0.5910633857143852,1.0,0.5910633857143852,0.0,0.0
341.35834,1.0,0.5910633857143852,88.0,61.47059211429606,1.0,0.5910633857143852,1.0,0.5910633857143852,0.0,0.0
340.885,1.0,0.5910633857143852,88.0,60.879528728581676,1.0,0.5910633857143852,1.0,0.5910633857143852,0.0,0.0
342.04,1.0,0.5910633857143852,88.0,60.879528728581676,1.0,0.5910633857143852,1.0,0.5910633857143852,0.0,0.0
341.93832,1.0,0.5910633857143852,88.0,60.879528728581676,1.0,0.5910633857143852,1.0,0.5910633857143852,0.0,0.0
341.55334,1.0,0.5910633857143852,88.0,60.879528728581676,1.0,0.5910633857143852,1.0,0.5910633857143852,0.0,0.0
341.825,1.0,0.5910633857143852,88.0,60.28846534286729,1.0,0.5910633857143852,1.0,0.5910633857143852,0.0,0.0
341.42166,1.0,0.5910633857143852,88.0,60.28846534286729,1.0,0.5910633857143852,1.0,0.5910633857143852,0.0,0.0
341.52667,1.0,0.5910633857143852,88.0,60.28846534286729,1.0,0.5910633857143852,1.0,0.5910633857143852,0.0,0.0
341.53168,1.0,0.5910633857143852,88.0,60.28846534286729,1.0,0.5910633857143852,1.0,0.5910633857143852,0.0,0.0
341.07,1.0,0.5910633857143852,88.0,60.28846534286729,1.0,0.5910633857143852,1.0,0.5910633857143852,0.0,0.0
341.21832,1.0,0.5910633857143852,88.0,60.28846534286729,1.0,0.5910633857143852,1.0,0.5910633857143852,0.0,0.0
340.00165,1.0,0.5910633857143852,88.0,59.697401957152906,1.0,0.5910633857143852,1.0,0.5910633857143852,0.0,0.0
340.905,1.0,0.5910633857143852,88.0,59.697401957152906,1.0,0.5910633857143852,1.0,0.5910633857143852,0.0,0.0
340.98834,1.0,0.5910633857143852,88.0,59.697401957152906,1.0,0.5910633857143852,1.0,0.5910633857143852,0.0,0.0
340.09167,1.0,0.5910633857143852,87.0,59.697401957152906,1.0,0.5910633857143852,1.0,0.5910633857143852,0.0,0.0
339.80835,1.0,0.5910633857143852,88.0,59.10633857143852,1.0,0.5910633857143852,1.0,0.5910633857143852,0.0,0.0
339.47333,1.0,0.5910633857143852,88.0,59.10633857143852,1.0,0.5910633857143852,1.0,0.5910633857143852,0.0,0.0
339.70334,1.0,0.5910633857143852,88.0,59.10633857143852,1.0,0.5910633857143852,1.0,0.5910633857143852,0.0,0.0
339.58334,1.0,0.5910633857143852,88.0,58.515275185724136,1.0,0.5910633857143852,1.0,0.5910633857143852,0.0,0.0
340.035,1.0,0.5910633857143852,87.0,58.515275185724136,1.0,0.5910633857143852,1.0,0.5910633857143852,0.0,0.0
339.98334,1.0,0.5910633857143852,87.0,57.92421180000975,1.0,0.5910633857143852,1.0,0.5910633857143852,0.0,0.0
339.43668,1.0,0.5910633857143852,87.0,57.92421180000975,1.0,0.5910633857143852,1.0,0.5910633857143852,0.0,0.0
339.425,1.0,0.5910633857143852,87.0,57.92421180000975,1.0,0.5910633857143852,1.0,0.5910633857143852,0.0,0.0
339.82,1.0,0.5910633857143852,88.0,57.92421180000975,1.0,0.5910633857143852,1.0,0.5910633857143852,0.0,0.0
340.33,1.0,0.5910633857143852,88.0,57.92421180000975,1.0,0.5910633857143852,1.0,0.5910633857143852,0.0,0.0
340.31668,1.0,0.5910633857143852,88.0,57.333148414295366,1.0,0.5910633857143852,1.0,0.5910633857143852,0.0,0.0
339.18167,1.0,0.5910633857143852,88.0,57.333148414295366,1.0,0.5910633857143852,1.0,0.5910633857143852,0.0,0.0
339.93167,1.0,0.5910633857143852,88.0,57.333148414295366,1.0,0.5910633857143852,1.0,0.5910633857143852,0.0,0.0
339.91168,1.0,0.5910633857143852,88.0,56.74208502858098,1.0,0.5910633857143852,1.0,0.5910633857143852,0.0,0.0
340.925,1.0,0.5910633857143852,88.0,57.333148414295366,1.0,0.5910633857143852,1.0,0.5910633857143852,0.0,0.0
340.53168,1.0,0.5910633857143852,87.0,56.151021642866596,1.0,0.5910633857143852,1.0,0.5910633857143852,0.0,0.0
340.78333,1.0,0.5910633857143852,88.0,56.74208502858098,1.0,0.5910633857143852,1.0,0.5910633857143852,0.0,0.0
341.26,1.0,0.5910633857143852,88.0,56.151021642866596,1.0,0.5910633857143852,1.0,0.5910633857143852,0.0,0.0
341.695,1.0,0.5910633857143852,88.0,56.151021642866596,1.0,0.5910633857143852,1.0,0.5910633857143852,0.0,0.0
342.80667,1.0,0.5910633857143852,88.0,55.55995825715221,1.0,0.5910633857143852,1.0,0.5910633857143852,0.0,0.0
342.73666,1.0,0.5910633857143852,88.0,55.55995825715221,1.0,0.5910633857143852,1.0,0.5910633857143852,0.0,0.0
342.245,1.0,0.5910633857143852,88.0,56.151021642866596,1.0,0.5910633857143852,1.0,0.5910633857143852,0.0,0.0
343.07834,1.0,0.5910633857143852,88.0,55.55995825715221,1.0,0.5910633857143852,1.0,0.5910633857143852,0.0,0.0
343.248,1.0,0.5910633857143852,88.0,55.55995825715221,1.0,0.5910633857143852,1.0,0.5910633857143852,0.0,0.0
342.39334,1.0,0.5910633857143852,88.0,55.55995825715221,1.0,0.5910633857143852,1.0,0.5910633857143852,0.0,0.0
342.10333,1.0,0.5910633857143852,88.0,55.55995825715221,1.0,0.5910633857143852,1.0,0.5910633857143852,0.0,0.0
342.66666,1.0,0.5910633857143852,87.0,55.55995825715221,1.0,0.5910633857143852,1.0,0.5910633857143852,0.0,0.0
342.06,1.0,0.5910633857143852,87.0,54.968894871437826,1.0,0.5910633857143852,1.0,0.5910633857143852,0.0,0.0
341.85834,1.0,0.5910633857143852,87.0,54.968894871437826,1.0,0.5910633857143852,1.0,0.5910633857143852,0.0,0.0
342.645,1.0,0.5910633857143852,87.0,55.55995825715221,1.0,0.5910633857143852,1.0,0.5910633857143852,0.0,0.0
342.39334,1.0,0.5910633857143852,88.0,54.968894871437826,1.0,0.5910633857143852,1.0,0.5910633857143852,0.0,0.0
342.46832,1.0,0.5910633857143852,88.0,54.968894871437826,1.0,0.5910633857143852,1.0,0.5910633857143852,0.0,0.0
342.30667,1.0,0.5910633857143852,88.0,54.37783148572344,1.0,0.5910633857143852,1.0,0.5910633857143852,0.0,0.0
342.89,1.0,0.5910633857143852,88.0,54.968894871437826,1.0,0.5910633857143852,1.0,0.5910633857143852,0.0,0.0
339.03168,1.0,0.5910633857143852,88.0,54.968894871437826,1.0,0.5910633857143852,1.0,0.5910633857143852,0.0,0.0
323.57333,1.0,0.5910633857143852,88.0,54.37783148572344,1.0,0.5910633857143852,1.0,0.5910633857143852,0.0,0.0
323.72,1.0,0.5910633857143852,88.0,54.37783148572344,1.0,0.5910633857143852,1.0,0.5910633857143852,0.0,0.0
323.43332,1.0,0.5910633857143852,88.0,54.37783148572344,1.0,0.5910633857143852,1.0,0.5910633857143852,0.0,0.0
359.13333,1.0,0.5910633857143852,83.0,54.37783148572344,1.0,0.5910633857143852,1.0,0.5910633857143852,0.0,0.0
368.83832,1.0,0.5910633857143852,83.0,54.37783148572344,1.0,0.5910633857143852,1.0,0.5910633857143852,0.0,0.0
341.78333,1.0,0.5884920258375084,88.0,61.791662712938376,1.0,0.5884920258375084,1.0,0.5884920258375084,0.0,0.0
341.60498,1.0,0.5884920258375084,88.0,61.20317068710087,1.0,0.5884920258375084,1.0,0.5884920258375084,0.0,0.0
341.16833,1.0,0.5884920258375084,88.0,61.791662712938376,1.0,0.5884920258375084,1.0,0.5884920258375084,0.0,0.0
341.50333,1.0,0.5884920258375084,88.0,61.20317068710087,1.0,0.5884920258375084,1.0,0.5884920258375084,0.0,0.0
341.35834,1.0,0.5884920258375084,88.0,61.20317068710087,1.0,0.5884920258375084,1.0,0.5884920258375084,0.0,0.0
340.885,1.0,0.5884920258375084,88.0,60.61467866126336,1.0,0.5884920258375084,1.0,0.5884920258375084,0.0,0.0
342.04,1.0,0.5884920258375084,88.0,60.61467866126336,1.0,0.5884920258375084,1.0,0.5884920258375084,0.0,0.0
341.93832,1.0,0.5884920258375084,88.0,60.61467866126336,1.0,0.5884920258375084,1.0,0.5884920258375084,0.0,0.0
341.55334,1.0,0.5884920258375084,88.0,60.61467866126336,1.0,0.5884920258375084,1.0,0.5884920258375084,0.0,0.0
341.825,1.0,0.5884920258375084,88.0,60.02618663542585,1.0,0.5884920258375084,1.0,0.5884920258375084,0.0,0.0
341.42166,1.0,0.5884920258375084,88.0,60.02618663542585,1.0,0.5884920258375084,1.0,0.5884920258375084,0.0,0.0
341.52667,1.0,0.5884920258375084,88.0,60.02618663542585,1.0,0.5884920258375084,1.0,0.5884920258375084,0.0,0.0
341.53168,1.0,0.5884920258375084,88.0,60.02618663542585,1.0,0.5884920258375084,1.0,0.5884920258375084,0.0,0.0
341.07,1.0,0.5884920258375084,88.0,60.02618663542585,1.0,0.5884920258375084,1.0,0.5884920258375084,0.0,0.0
341.21832,1.0,0.5884920258375084,88.0,60.02618663542585,1.0,0.5884920258375084,1.0,0.5884920258375084,0.0,0.0
340.00165,1.0,0.5884920258375084,88.0,59.43769460958835,1.0,0.5884920258375084,1.0,0.5884920258375084,0.0,0.0
340.905,1.0,0.5884920258375084,88.0,59.43769460958835,1.0,0.5884920258375084,1.0,0.5884920258375084,0.0,0.0
340.98834,1.0,0.5884920258375084,88.0,59.43769460958835,1.0,0.5884920258375084,1.0,0.5884920258375084,0.0,0.0
340.09167,1.0,0.5884920258375084,87.0,59.43769460958835,1.0,0.5884920258375084,1.0,0.5884920258375084,0.0,0.0
339.80835,1.0,0.5884920258375084,88.0,58.84920258375084,1.0,0.5884920258375084,1.0,0.5884920258375084,0.0,0.0
339.47333,1.0,0.5884920258375084,88.0,58.84920258375084,1.0,0.5884920258375084,1.0,0.5884920258375084,0.0,0.0
339.70334,1.0,0.5884920258375084,88.0,58.84920258375084,1.0,0.5884920258375084,1.0,0.5884920258375084,0.0,0.0
339.58334,1.0,0.5884920258375084,88.0,58.26071055791333,1.0,0.5884920258375084,1.0,0.5884920258375084,0.0,0.0
340.035,1.0,0.5884920258375084,87.0,58.26071055791333,1.0,0.5884920258375084,1.0,0.5884920258375084,0.0,0.0
339.98334,1.0,0.5884920258375084,87.0,57.67221853207582,1.0,0.5884920258375084,1.0,0.5884920258375084,0.0,0.0
339.43668,1.0,0.5884920258375084,87.0,57.67221853207582,1.0,0.5884920258375084,1.0,0.5884920258375084,0.0,0.0
339.425,1.0,0.5884920258375084,87.0,57.67221853207582,1.0,0.5884920258375084,1.0,0.5884920258375084,0.0,0.0
339.82,1.0,0.5884920258375084,88.0,57.67221853207582,1.0,0.5884920258375084,1.0,0.5884920258375084,0.0,0.0
340.33,1.0,0.5884920258375084,88.0,57.67221853207582,1.0,0.5884920258375084,1.0,0.5884920258375084,0.0,0.0
340.31668,1.0,0.5884920258375084,88.0,57.083726506238314,1.0,0.5884920258375084,1.0,0.5884920258375084,0.0,0.0
339.18167,1.0,0.5884920258375084,88.0,57.083726506238314,1.0,0.5884920258375084,1.0,0.5884920258375084,0.0,0.0
339.93167,1.0,0.5884920258375084,88.0,57.083726506238314,1.0,0.5884920258375084,1.0,0.5884920258375084,0.0,0.0
339.91168,1.0,0.5884920258375084,88.0,56.4952344804008,1.0,0.5884920258375084,1.0,0.5884920258375084,0.0,0.0
340.925,1.0,0.5884920258375084,88.0,57.083726506238314,1.0,0.5884920258375084,1.0,0.5884920258375084,0.0,0.0
340.53168,1.0,0.5884920258375084,87.0,55.90674245456329,1.0,0.5884920258375084,1.0,0.5884920258375084,0.0,0.0
340.78333,1.0,0.5884920258375084,88.0,56.4952344804008,1.0,0.5884920258375084,1.0,0.5884920258375084,0.0,0.0
341.26,1.0,0.5884920258375084,88.0,55.90674245456329,1.0,0.5884920258375084,1.0,0.5884920258375084,0.0,0.0
341.695,1.0,0.5884920258375084,88.0,55.90674245456329,1.0,0.5884920258375084,1.0,0.5884920258375084,0.0,0.0
342.80667,1.0,0.5884920258375084,88.0,55.31825042872579,1.0,0.5884920258375084,1.0,0.5884920258375084,0.0,0.0
342.73666,1.0,0.5884920258375084,88.0,55.31825042872579,1.0,0.5884920258375084,1.0,0.5884920258375084,0.0,0.0
342.245,1.0,0.5884920258375084,88.0,55.90674245456329,1.0,0.5884920258375084,1.0,0.5884920258375084,0.0,0.0
343.07834,1.0,0.5884920258375084,88.0,55.31825042872579,1.0,0.5884920258375084,1.0,0.5884920258375084,0.0,0.0
343.248,1.0,0.5884920258375084,88.0,55.31825042872579,1.0,0.5884920258375084,1.0,0.5884920258375084,0.0,0.0
342.39334,1.0,0.5884920258375084,88.0,55.31825042872579,1.0,0.5884920258375084,1.0,0.5884920258375084,0.0,0.0
342.10333,1.0,0.5884920258375084,88.0,55.31825042872579,1.0,0.5884920258375084,1.0,0.5884920258375084,0.0,0.0
342.66666,1.0,0.5884920258375084,87.0,55.31825042872579,1.0,0.5884920258375084,1.0,0.5884920258375084,0.0,0.0
342.06,1.0,0.5884920258375084,87.0,54.72975840288828,1.0,0.5884920258375084,1.0,0.5884920258375084,0.0,0.0
341.85834,1.0,0.5884920258375084,87.0,54.72975840288828,1.0,0.5884920258375084,1.0,0.5884920258375084,0.0,0.0
342.645,1.0,0.5884920258375084,87.0,55.31825042872579,1.0,0.5884920258375084,1.0,0.5884920258375084,0.0,0.0
342.39334,1.0,0.5884920258375084,88.0,54.72975840288828,1.0,0.5884920258375084,1.0,0.5884920258375084,0.0,0.0
342.46832,1.0,0.5884920258375084,88.0,54.72975840288828,1.0,0.5884920258375084,1.0,0.5884920258375084,0.0,0.0
342.30667,1.0,0.5884920258375084,88.0,54.14126637705077,1.0,0.5884920258375084,1.0,0.5884920258375084,0.0,0.0
342.89,1.0,0.5884920258375084,88.0,54.72975840288828,1.0,0.5884920258375084,1.0,0.5884920258375084,0.0,0.0
339.03168,1.0,0.5884920258375084,88.0,54.72975840288828,1.0,0.5884920258375084,1.0,0.5884920258375084,0.0,0.0
323.57333,1.0,0.5884920258375084,88.0,54.14126637705077,1.0,0.5884920258375084,1.0,0.5884920258375084,0.0,0.0
323.72,1.0,0.5884920258375084,88.0,54.14126637705077,1.0,0.5884920258375084,1.0,0.5884920258375084,0.0,0.0
323.43332,1.0,0.5884920258375084,88.0,54.14126637705077,1.0,0.5884920258375084,1.0,0.5884920258375084,0.0,0.0
359.13333,1.0,0.5884920258375084,83.0,54.14126637705077,1.0,0.5884920258375084,1.0,0.5884920258375084,0.0,0.0
368.83832,1.0,0.5884920258375084,83.0,54.14126637705077,1.0,0.5884920258375084,1.0,0.5884920258375084,0.0,0.0
368.51334,1.0,0.5884920258375084,83.0,53.55277435121326,1.0,0.5884920258375084,1.0,0.5884920258375084,0.0,0.0
341.60498,1.0,0.585916407853999,88.0,60.9353064168159,1.0,0.585916407853999,1.0,0.585916407853999,0.0,0.0
341.16833,1.0,0.585916407853999,88.0,61.5212228246699,1.0,0.585916407853999,1.0,0.585916407853999,0.0,0.0
341.50333,1.0,0.585916407853999,88.0,60.9353064168159,1.0,0.585916407853999,1.0,0.585916407853999,0.0,0.0
341.35834,1.0,0.585916407853999,88.0,60.9353064168159,1.0,0.585916407853999,1.0,0.585916407853999,0.0,0.0
340.885,1.0,0.585916407853999,88.0,60.3493900089619,1.0,0.585916407853999,1.0,0.585916407853999,0.0,0.0
342.04,1.0,0.585916407853999,88.0,60.3493900089619,1.0,0.585916407853999,1.0,0.585916407853999,0.0,0.0
341.93832,1.0,0.585916407853999,88.0,60.3493900089619,1.0,0.585916407853999,1.0,0.585916407853999,0.0,0.0
341.55334,1.0,0.585916407853999,88.0,60.3493900089619,1.0,0.585916407853999,1.0,0.585916407853999,0.0,0.0
341.825,1.0,0.585916407853999,88.0,59.7634736011079,1.0,0.585916407853999,1.0,0.585916407853999,0.0,0.0
341.42166,1.0,0.585916407853999,88.0,59.7634736011079,1.0,0.585916407853999,1.0,0.585916407853999,0.0,0.0
341.52667,1.0,0.585916407853999,88.0,59.7634736011079,1.0,0.585916407853999,1.0,0.585916407853999,0.0,0.0
341.53168,1.0,0.585916407853999,88.0,59.7634736011079,1.0,0.585916407853999,1.0,0.585916407853999,0.0,0.0
341.07,1.0,0.585916407853999,88.0,59.7634736011079,1.0,0.585916407853999,1.0,0.585916407853999,0.0,0.0
341.21832,1.0,0.585916407853999,88.0,59.7634736011079,1.0,0.585916407853999,1.0,0.585916407853999,0.0,0.0
340.00165,1.0,0.585916407853999,88.0,59.1775571932539,1.0,0.585916407853999,1.0,0.585916407853999,0.0,0.0
340.905,1.0,0.585916407853999,88.0,59.1775571932539,1.0,0.585916407853999,1.0,0.585916407853999,0.0,0.0
340.98834,1.0,0.585916407853999,88.0,59.1775571932539,1.0,0.585916407853999,1.0,0.585916407853999,0.0,0.0
340.09167,1.0,0.585916407853999,87.0,59.1775571932539,1.0,0.585916407853999,1.0,0.585916407853999,0.0,0.0
339.80835,1.0,0.585916407853999,88.0,58.5916407853999,1.0,0.585916407853999,1.0,0.585916407853999,0.0,0.0
339.47333,1.0,0.585916407853999,88.0,58.5916407853999,1.0,0.585916407853999,1.0,0.585916407853999,0.0,0.0
339.70334,1.0,0.585916407853999,88.0,58.5916407853999,1.0,0.585916407853999,1.0,0.585916407853999,0.0,0.0
339.58334,1.0,0.585916407853999,88.0,58.0057243775459,1.0,0.585916407853999,1.0,0.585916407853999,0.0,0.0
340.035,1.0,0.585916407853999,87.0,58.0057243775459,1.0,0.585916407853999,1.0,0.585916407853999,0.0,0.0
339.98334,1.0,0.585916407853999,87.0,57.4198079696919,1.0,0.585916407853999,1.0,0.585916407853999,0.0,0.0
339.43668,1.0,0.585916407853999,87.0,57.4198079696919,1.0,0.585916407853999,1.0,0.585916407853999,0.0,0.0
339.425,1.0,0.585916407853999,87.0,57.4198079696919,1.0,0.585916407853999,1.0,0.585916407853999,0.0,0.0
339.82,1.0,0.585916407853999,88.0,57.4198079696919,1.0,0.585916407853999,1.0,0.585916407853999,0.0,0.0
340.33,1.0,0.585916407853999,88.0,57.4198079696919,1.0,0.585916407853999,1.0,0.585916407853999,0.0,0.0
340.31668,1.0,0.585916407853999,88.0,56.8338915618379,1.0,0.585916407853999,1.0,0.585916407853999,0.0,0.0
339.18167,1.0,0.585916407853999,88.0,56.8338915618379,1.0,0.585916407853999,1.0,0.585916407853999,0.0,0.0
339.93167,1.0,0.585916407853999,88.0,56.8338915618379,1.0,0.585916407853999,1.0,0.585916407853999,0.0,0.0
339.91168,1.0,0.585916407853999,88.0,56.2479751539839,1.0,0.585916407853999,1.0,0.585916407853999,0.0,0.0
340.925,1.0,0.585916407853999,88.0,56.8338915618379,1.0,0.585916407853999,1.0,0.585916407853999,0.0,0.0
340.53168,1.0,0.585916407853999,87.0,55.66205874612991,1.0,0.585916407853999,1.0,0.585916407853999,0.0,0.0
340.78333,1.0,0.585916407853999,88.0,56.2479751539839,1.0,0.585916407853999,1.0,0.585916407853999,0.0,0.0
341.26,1.0,0.585916407853999,88.0,55.66205874612991,1.0,0.585916407853999,1.0,0.585916407853999,0.0,0.0
341.695,1.0,0.585916407853999,88.0,55.66205874612991,1.0,0.585916407853999,1.0,0.585916407853999,0.0,0.0
342.80667,1.0,0.585916407853999,88.0,55.07614233827591,1.0,0.585916407853999,1.0,0.585916407853999,0.0,0.0
342.73666,1.0,0.585916407853999,88.0,55.07614233827591,1.0,0.585916407853999,1.0,0.585916407853999,0.0,0.0
342.245,1.0,0.585916407853999,88.0,55.66205874612991,1.0,0.585916407853999,1.0,0.585916407853999,0.0,0.0
343.07834,1.0,0.585916407853999,88.0,55.07614233827591,1.0,0.585916407853999,1.0,0.585916407853999,0.0,0.0
343.248,1.0,0.585916407853999,88.0,55.07614233827591,1.0,0.585916407853999,1.0,0.585916407853999,0.0,0.0
342.39334,1.0,0.585916407853999,88.0,55.07614233827591,1.0,0.585916407853999,1.0,0.585916407853999,0.0,0.0
342.10333,1.0,0.585916407853999,88.0,55.07614233827591,1.0,0.585916407853999,1.0,0.585916407853999,0.0,0.0
342.66666,1.0,0.585916407853999,87.0,55.07614233827591,1.0,0.585916407853999,1.0,0.585916407853999,0.0,0.0
342.06,1.0,0.585916407853999,87.0,54.49022593042191,1.0,0.585916407853999,1.0,0.585916407853999,0.0,0.0
341.85834,1.0,0.585916407853999,87.0,54.49022593042191,1.0,0.585916407853999,1.0,0.585916407853999,0.0,0.0
342.645,1.0,0.585916407853999,87.0,55.07614233827591,1.0,0.585916407853999,1.0,0.585916407853999,0.0,0.0
342.39334,1.0,0.585916407853999,88.0,54.49022593042191,1.0,0.585916407853999,1.0,0.585916407853999,0.0,0.0
342.46832,1.0,0.585916407853999,88.0,54.49022593042191,1.0,0.585916407853999,1.0,0.585916407853999,0.0,0.0
342.30667,1.0,0.585916407853999,88.0,53.90430952256791,1.0,0.585916407853999,1.0,0.585916407853999,0.0,0.0
342.89,1.0,0.585916407853999,88.0,54.49022593042191,1.0,0.585916407853999,1.0,0.585916407853999,0.0,0.0
339.03168,1.0,0.585916407853999,88.0,54.49022593042191,1.0,0.585916407853999,1.0,0.585916407853999,0.0,0.0
323.57333,1.0,0.585916407853999,88.0,53.90430952256791,1.0,0.585916407853999,1.0,0.585916407853999,0.0,0.0
323.72,1.0,0.585916407853999,88.0,53.90430952256791,1.0,0.585916407853999,1.0,0.585916407853999,0.0,0.0
323.43332,1.0,0.585916407853999,88.0,53.90430952256791,1.0,0.585916407853999,1.0,0.585916407853999,0.0,0.0
359.13333,1.0,0.585916407853999,83.0,53.90430952256791,1.0,0.585916407853999,1.0,0.585916407853999,0.0,0.0
368.83832,1.0,0.585916407853999,83.0,53.90430952256791,1.0,0.585916407853999,1.0,0.585916407853999,0.0,0.0
368.51334,1.0,0.585916407853999,83.0,53.31839311471391,1.0,0.585916407853999,1.0,0.585916407853999,0.0,0.0
368.015,1.0,0.585916407853999,83.0,63.27897204823189,1.0,0.585916407853999,1.0,0.585916407853999,0.0,0.0
341.16833,1.0,0.583295726474456,88.0,61.246051279817884,1.0,0.583295726474456,1.0,0.583295726474456,0.0,0.0
341.50333,1.0,0.583295726474456,88.0,60.66275555334343,1.0,0.583295726474456,1.0,0.583295726474456,0.0,0.0
341.35834,1.0,0.583295726474456,88.0,60.66275555334343,1.0,0.583295726474456,1.0,0.583295726474456,0.0,0.0
340.885,1.0,0.583295726474456,88.0,60.07945982686897,1.0,0.583295726474456,1.0,0.583295726474456,0.0,0.0
342.04,1.0,0.583295726474456,88.0,60.07945982686897,1.0,0.583295726474456,1.0,0.583295726474456,0.0,0.0
341.93832,1.0,0.583295726474456,88.0,60.07945982686897,1.0,0.583295726474456,1.0,0.583295726474456,0.0,0.0
341.55334,1.0,0.583295726474456,88.0,60.07945982686897,1.0,0.583295726474456,1.0,0.583295726474456,0.0,0.0
341.825,1.0,0.583295726474456,88.0,59.496164100394516,1.0,0.583295726474456,1.0,0.583295726474456,0.0,0.0
341.42166,1.0,0.583295726474456,88.0,59.496164100394516,1.0,0.583295726474456,1.0,0.583295726474456,0.0,0.0
341.52667,1.0,0.583295726474456,88.0,59.496164100394516,1.0,0.583295726474456,1.0,0.583295726474456,0.0,0.0
341.53168,1.0,0.583295726474456,88.0,59.496164100394516,1.0,0.583295726474456,1.0,0.583295726474456,0.0,0.0
341.07,1.0,0.583295726474456,88.0,59.496164100394516,1.0,0.583295726474456,1.0,0.583295726474456,0.0,0.0
341.21832,1.0,0.583295726474456,88.0,59.496164100394516,1.0,0.583295726474456,1.0,0.583295726474456,0.0,0.0
340.00165,1.0,0.583295726474456,88.0,58.91286837392006,1.0,0.583295726474456,1.0,0.583295726474456,0.0,0.0
340.905,1.0,0.583295726474456,88.0,58.91286837392006,1.0,0.583295726474456,1.0,0.583295726474456,0.0,0.0
340.98834,1.0,0.583295726474456,88.0,58.91286837392006,1.0,0.583295726474456,1.0,0.583295726474456,0.0,0.0
340.09167,1.0,0.583295726474456,87.0,58.91286837392006,1.0,0.583295726474456,1.0,0.583295726474456,0.0,0.0
339.80835,1.0,0.583295726474456,88.0,58.3295726474456,1.0,0.583295726474456,1.0,0.583295726474456,0.0,0.0
339.47333,1.0,0.583295726474456,88.0,58.3295726474456,1.0,0.583295726474456,1.0,0.583295726474456,0.0,0.0
339.70334,1.0,0.583295726474456,88.0,58.3295726474456,1.0,0.583295726474456,1.0,0.583295726474456,0.0,0.0
339.58334,1.0,0.583295726474456,88.0,57.74627692097115,1.0,0.583295726474456,1.0,0.583295726474456,0.0,0.0
340.035,1.0,0.583295726474456,87.0,57.74627692097115,1.0,0.583295726474456,1.0,0.583295726474456,0.0,0.0
339.98334,1.0,0.583295726474456,87.0,57.162981194496695,1.0,0.583295726474456,1.0,0.583295726474456,0.0,0.0
339.43668,1.0,0.583295726474456,87.0,57.162981194496695,1.0,0.583295726474456,1.0,0.583295726474456,0.0,0.0
339.425,1.0,0.583295726474456,87.0,57.162981194496695,1.0,0.583295726474456,1.0,0.583295726474456,0.0,0.0
339.82,1.0,0.583295726474456,88.0,57.162981194496695,1.0,0.583295726474456,1.0,0.583295726474456,0.0,0.0
340.33,1.0,0.583295726474456,88.0,57.162981194496695,1.0,0.583295726474456,1.0,0.583295726474456,0.0,0.0
340.31668,1.0,0.583295726474456,88.0,56.579685468022234,1.0,0.583295726474456,1.0,0.583295726474456,0.0,0.0
339.18167,1.0,0.583295726474456,88.0,56.579685468022234,1.0,0.583295726474456,1.0,0.583295726474456,0.0,0.0
339.93167,1.0,0.583295726474456,88.0,56.579685468022234,1.0,0.583295726474456,1.0,0.583295726474456,0.0,0.0
339.91168,1.0,0.583295726474456,88.0,55.99638974154778,1.0,0.583295726474456,1.0,0.583295726474456,0.0,0.0
340.925,1.0,0.583295726474456,88.0,56.579685468022234,1.0,0.583295726474456,1.0,0.583295726474456,0.0,0.0
340.53168,1.0,0.583295726474456,87.0,55.41309401507333,1.0,0.583295726474456,1.0,0.583295726474456,0.0,0.0
340.78333,1.0,0.583295726474456,88.0,55.99638974154778,1.0,0.583295726474456,1.0,0.583295726474456,0.0,0.0
341.26,1.0,0.583295726474456,88.0,55.41309401507333,1.0,0.583295726474456,1.0,0.583295726474456,0.0,0.0
341.695,1.0,0.583295726474456,88.0,55.41309401507333,1.0,0.583295726474456,1.0,0.583295726474456,0.0,0.0
342.80667,1.0,0.583295726474456,88.0,54.829798288598866,1.0,0.583295726474456,1.0,0.583295726474456,0.0,0.0
342.73666,1.0,0.583295726474456,88.0,54.829798288598866,1.0,0.583295726474456,1.0,0.583295726474456,0.0,0.0
342.245,1.0,0.583295726474456,88.0,55.41309401507333,1.0,0.583295726474456,1.0,0.583295726474456,0.0,0.0
343.07834,1.0,0.583295726474456,88.0,54.829798288598866,1.0,0.583295726474456,1.0,0.583295726474456,0.0,0.0
343.248,1.0,0.583295726474456,88.0,54.829798288598866,1.0,0.583295726474456,1.0,0.583295726474456,0.0,0.0
342.39334,1.0,0.583295726474456,88.0,54.829798288598866,1.0,0.583295726474456,1.0,0.583295726474456,0.0,0.0
342.10333,1.0,0.583295726474456,88.0,54.829798288598866,1.0,0.583295726474456,1.0,0.583295726474456,0.0,0.0
342.66666,1.0,0.583295726474456,87.0,54.829798288598866,1.0,0.583295726474456,1.0,0.583295726474456,0.0,0.0
342.06,1.0,0.583295726474456,87.0,54.24650256212441,1.0,0.583295726474456,1.0,0.583295726474456,0.0,0.0
341.85834,1.0,0.583295726474456,87.0,54.24650256212441,1.0,0.583295726474456,1.0,0.583295726474456,0.0,0.0
342.645,1.0,0.583295726474456,87.0,54.829798288598866,1.0,0.583295726474456,1.0,0.583295726474456,0.0,0.0
342.39334,1.0,0.583295726474456,88.0,54.24650256212441,1.0,0.583295726474456,1.0,0.583295726474456,0.0,0.0
342.46832,1.0,0.583295726474456,88.0,54.24650256212441,1.0,0.583295726474456,1.0,0.583295726474456,0.0,0.0
342.30667,1.0,0.583295726474456,88.0,53.66320683564996,1.0,0.583295726474456,1.0,0.583295726474456,0.0,0.0
342.89,1.0,0.583295726474456,88.0,54.24650256212441,1.0,0.583295726474456,1.0,0.583295726474456,0.0,0.0
339.03168,1.0,0.583295726474456,88.0,54.24650256212441,1.0,0.583295726474456,1.0,0.583295726474456,0.0,0.0
323.57333,1.0,0.583295726474456,88.0,53.66320683564996,1.0,0.583295726474456,1.0,0.583295726474456,0.0,0.0
323.72,1.0,0.583295726474456,88.0,53.66320683564996,1.0,0.583295726474456,1.0,0.583295726474456,0.0,0.0
323.43332,1.0,0.583295726474456,88.0,53.66320683564996,1.0,0.583295726474456,1.0,0.583295726474456,0.0,0.0
359.13333,1.0,0.583295726474456,83.0,53.66320683564996,1.0,0.583295726474456,1.0,0.583295726474456,0.0,0.0
368.83832,1.0,0.583295726474456,83.0,53.66320683564996,1.0,0.583295726474456,1.0,0.583295726474456,0.0,0.0
368.51334,1.0,0.583295726474456,83.0,53.0799111091755,1.0,0.583295726474456,1.0,0.583295726474456,0.0,0.0
368.015,1.0,0.583295726474456,83.0,62.99593845924125,1.0,0.583295726474456,1.0,0.583295726474456,0.0,0.0
367.49,1.0,0.583295726474456,83.0,62.99593845924125,1.0,0.583295726474456,1.0,0.583295726474456,0.0,0.0
341.50333,1.0,0.5809865767506079,88.0,60.42260398206322,1.0,0.5809865767506079,1.0,0.5809865767506079,0.0,0.0
341.35834,1.0,0.5809865767506079,88.0,60.42260398206322,1.0,0.5809865767506079,1.0,0.5809865767506079,0.0,0.0
340.885,1.0,0.5809865767506079,88.0,59.84161740531262,1.0,0.5809865767506079,1.0,0.5809865767506079,0.0,0.0
342.04,1.0,0.5809865767506079,88.0,59.84161740531262,1.0,0.5809865767506079,1.0,0.5809865767506079,0.0,0.0
341.93832,1.0,0.5809865767506079,88.0,59.84161740531262,1.0,0.5809865767506079,1.0,0.5809865767506079,0.0,0.0
341.55334,1.0,0.5809865767506079,88.0,59.84161740531262,1.0,0.5809865767506079,1.0,0.5809865767506079,0.0,0.0
341.825,1.0,0.5809865767506079,88.0,59.26063082856201,1.0,0.5809865767506079,1.0,0.5809865767506079,0.0,0.0
341.42166,1.0,0.5809865767506079,88.0,59.26063082856201,1.0,0.5809865767506079,1.0,0.5809865767506079,0.0,0.0
341.52667,1.0,0.5809865767506079,88.0,59.26063082856201,1.0,0.5809865767506079,1.0,0.5809865767506079,0.0,0.0
341.53168,1.0,0.5809865767506079,88.0,59.26063082856201,1.0,0.5809865767506079,1.0,0.5809865767506079,0.0,0.0
341.07,1.0,0.5809865767506079,88.0,59.26063082856201,1.0,0.5809865767506079,1.0,0.5809865767506079,0.0,0.0
341.21832,1.0,0.5809865767506079,88.0,59.26063082856201,1.0,0.5809865767506079,1.0,0.5809865767506079,0.0,0.0
340.00165,1.0,0.5809865767506079,88.0,58.6796442518114,1.0,0.5809865767506079,1.0,0.5809865767506079,0.0,0.0
340.905,1.0,0.5809865767506079,88.0,58.6796442518114,1.0,0.5809865767506079,1.0,0.5809865767506079,0.0,0.0
340.98834,1.0,0.5809865767506079,88.0,58.6796442518114,1.0,0.5809865767506079,1.0,0.5809865767506079,0.0,0.0
340.09167,1.0,0.5809865767506079,87.0,58.6796442518114,1.0,0.5809865767506079,1.0,0.5809865767506079,0.0,0.0
339.80835,1.0,0.5809865767506079,88.0,58.09865767506079,1.0,0.5809865767506079,1.0,0.5809865767506079,0.0,0.0
339.47333,1.0,0.5809865767506079,88.0,58.09865767506079,1.0,0.5809865767506079,1.0,0.5809865767506079,0.0,0.0
339.70334,1.0,0.5809865767506079,88.0,58.09865767506079,1.0,0.5809865767506079,1.0,0.5809865767506079,0.0,0.0
339.58334,1.0,0.5809865767506079,88.0,57.51767109831019,1.0,0.5809865767506079,1.0,0.5809865767506079,0.0,0.0
340.035,1.0,0.5809865767506079,87.0,57.51767109831019,1.0,0.5809865767506079,1.0,0.5809865767506079,0.0,0.0
339.98334,1.0,0.5809865767506079,87.0,56.93668452155958,1.0,0.5809865767506079,1.0,0.5809865767506079,0.0,0.0
339.43668,1.0,0.5809865767506079,87.0,56.93668452155958,1.0,0.5809865767506079,1.0,0.5809865767506079,0.0,0.0
339.425,1.0,0.5809865767506079,87.0,56.93668452155958,1.0,0.5809865767506079,1.0,0.5809865767506079,0.0,0.0
339.82,1.0,0.5809865767506079,88.0,56.93668452155958,1.0,0.5809865767506079,1.0,0.5809865767506079,0.0,0.0
340.33,1.0,0.5809865767506079,88.0,56.93668452155958,1.0,0.5809865767506079,1.0,0.5809865767506079,0.0,0.0
340.31668,1.0,0.5809865767506079,88.0,56.35569794480897,1.0,0.5809865767506079,1.0,0.5809865767506079,0.0,0.0
339.18167,1.0,0.5809865767506079,88.0,56.35569794480897,1.0,0.5809865767506079,1.0,0.5809865767506079,0.0,0.0
339.93167,1.0,0.5809865767506079,88.0,56.35569794480897,1.0,0.5809865767506079,1.0,0.5809865767506079,0.0,0.0
339.91168,1.0,0.5809865767506079,88.0,55.77471136805836,1.0,0.5809865767506079,1.0,0.5809865767506079,0.0,0.0
340.925,1.0,0.5809865767506079,88.0,56.35569794480897,1.0,0.5809865767506079,1.0,0.5809865767506079,0.0,0.0
340.53168,1.0,0.5809865767506079,87.0,55.19372479130775,1.0,0.5809865767506079,1.0,0.5809865767506079,0.0,0.0
340.78333,1.0,0.5809865767506079,88.0,55.77471136805836,1.0,0.5809865767506079,1.0,0.5809865767506079,0.0,0.0
341.26,1.0,0.5809865767506079,88.0,55.19372479130775,1.0,0.5809865767506079,1.0,0.5809865767506079,0.0,0.0
341.695,1.0,0.5809865767506079,88.0,55.19372479130775,1.0,0.5809865767506079,1.0,0.5809865767506079,0.0,0.0
342.80667,1.0,0.5809865767506079,88.0,54.61273821455715,1.0,0.5809865767506079,1.0,0.5809865767506079,0.0,0.0
342.73666,1.0,0.5809865767506079,88.0,54.61273821455715,1.0,0.5809865767506079,1.0,0.5809865767506079,0.0,0.0
342.245,1.0,0.5809865767506079,88.0,55.19372479130775,1.0,0.5809865767506079,1.0,0.5809865767506079,0.0,0.0
343.07834,1.0,0.5809865767506079,88.0,54.61273821455715,1.0,0.5809865767506079,1.0,0.5809865767506079,0.0,0.0
343.248,1.0,0.5809865767506079,88.0,54.61273821455715,1.0,0.5809865767506079,1.0,0.5809865767506079,0.0,0.0
342.39334,1.0,0.5809865767506079,88.0,54.61273821455715,1.0,0.5809865767506079,1.0,0.5809865767506079,0.0,0.0
342.10333,1.0,0.5809865767506079,88.0,54.61273821455715,1.0,0.5809865767506079,1.0,0.5809865767506079,0.0,0.0
342.66666,1.0,0.5809865767506079,87.0,54.61273821455715,1.0,0.5809865767506079,1.0,0.5809865767506079,0.0,0.0
342.06,1.0,0.5809865767506079,87.0,54.031751637806536,1.0,0.5809865767506079,1.0,0.5809865767506079,0.0,0.0
341.85834,1.0,0.5809865767506079,87.0,54.031751637806536,1.0,0.5809865767506079,1.0,0.5809865767506079,0.0,0.0
342.645,1.0,0.5809865767506079,87.0,54.61273821455715,1.0,0.5809865767506079,1.0,0.5809865767506079,0.0,0.0
342.39334,1.0,0.5809865767506079,88.0,54.031751637806536,1.0,0.5809865767506079,1.0,0.5809865767506079,0.0,0.0
342.46832,1.0,0.5809865767506079,88.0,54.031751637806536,1.0,0.5809865767506079,1.0,0.5809865767506079,0.0,0.0
342.30667,1.0,0.5809865767506079,88.0,53.45076506105593,1.0,0.5809865767506079,1.0,0.5809865767506079,0.0,0.0
342.89,1.0,0.5809865767506079,88.0,54.031751637806536,1.0,0.5809865767506079,1.0,0.5809865767506079,0.0,0.0
339.03168,1.0,0.5809865767506079,88.0,54.031751637806536,1.0,0.5809865767506079,1.0,0.5809865767506079,0.0,0.0
323.57333,1.0,0.5809865767506079,88.0,53.45076506105593,1.0,0.5809865767506079,1.0,0.5809865767506079,0.0,0.0
323.72,1.0,0.5809865767506079,88.0,53.45076506105593,1.0,0.5809865767506079,1.0,0.5809865767506079,0.0,0.0
323.43332,1.0,0.5809865767506079,88.0,53.45076506105593,1.0,0.5809865767506079,1.0,0.5809865767506079,0.0,0.0
359.13333,1.0,0.5809865767506079,83.0,53.45076506105593,1.0,0.5809865767506079,1.0,0.5809865767506079,0.0,0.0
368.83832,1.0,0.5809865767506079,83.0,53.45076506105593,1.0,0.5809865767506079,1.0,0.5809865767506079,0.0,0.0
368.51334,1.0,0.5809865767506079,83.0,52.86977848430532,1.0,0.5809865767506079,1.0,0.5809865767506079,0.0,0.0
368.015,1.0,0.5809865767506079,83.0,62.74655028906566,1.0,0.5809865767506079,1.0,0.5809865767506079,0.0,0.0
367.49,1.0,0.5809865767506079,83.0,62.74655028906566,1.0,0.5809865767506079,1.0,0.5809865767506079,0.0,0.0
372.99335,1.0,0.5809865767506079,82.0,62.74655028906566,1.0,0.5809865767506079,1.0,0.5809865767506079,0.0,0.0
341.35834,1.0,0.7315169916922508,88.0,0.0,1.0,0.7315169916922508,1.0,0.7315169916922508,0.0,0.0
340.885,1.0,0.7315169916922508,88.0,0.0,1.0,0.7315169916922508,1.0,0.7315169916922508,0.0,0.0
342.04,1.0,0.7315169916922508,88.0,0.0,1.0,0.7315169916922508,1.0,0.7315169916922508,0.0,0.0
341.93832,1.0,0.7315169916922508,88.0,0.0,1.0,0.7315169916922508,1.0,0.7315169916922508,0.0,0.0
341.55334,1.0,0.7315169916922508,88.0,0.0,1.0,0.7315169916922508,1.0,0.7315169916922508,0.0,0.0
341.825,1.0,0.7315169916922508,88.0,0.0,1.0,0.7315169916922508,1.0,0.7315169916922508,0.0,0.0
341.42166,1.0,0.7315169916922508,88.0,0.0,1.0,0.7315169916922508,1.0,0.7315169916922508,0.0,0.0
341.52667,1.0,0.7315169916922508,88.0,0.0,1.0,0.7315169916922508,1.0,0.7315169916922508,0.0,0.0
341.53168,1.0,0.7315169916922508,88.0,0.0,1.0,0.7315169916922508,1.0,0.7315169916922508,0.0,0.0
341.07,1.0,0.7315169916922508,88.0,0.0,1.0,0.7315169916922508,1.0,0.7315169916922508,0.0,0.0
341.21832,1.0,0.7315169916922508,88.0,0.0,1.0,0.7315169916922508,1.0,0.7315169916922508,0.0,0.0
340.00165,1.0,0.7315169916922508,88.0,0.0,1.0,0.7315169916922508,1.0,0.7315169916922508,0.0,0.0
340.905,1.0,0.7315169916922508,88.0,0.0,1.0,0.7315169916922508,1.0,0.7315169916922508,0.0,0.0
340.98834,1.0,0.7315169916922508,88.0,0.0,1.0,0.7315169916922508,1.0,0.7315169916922508,0.0,0.0
340.09167,1.0,0.7315169916922508,87.0,0.0,1.0,0.7315169916922508,1.0,0.7315169916922508,0.0,0.0
339.80835,1.0,0.7315169916922508,88.0,0.0,1.0,0.7315169916922508,1.0,0.7315169916922508,0.0,0.0
339.47333,1.0,0.7315169916922508,88.0,0.0,1.0,0.7315169916922508,1.0,0.7315169916922508,0.0,0.0
339.70334,1.0,0.7315169916922508,88.0,0.0,1.0,0.7315169916922508,1.0,0.7315169916922508,0.0,0.0
339.58334,1.0,0.7315169916922508,88.0,0.0,1.0,0.7315169916922508,1.0,0.7315169916922508,0.0,0.0
340.035,1.0,0.7315169916922508,87.0,0.0,1.0,0.7315169916922508,1.0,0.7315169916922508,0.0,0.0
339.98334,1.0,0.7315169916922508,87.0,0.0,1.0,0.7315169916922508,1.0,0.7315169916922508,0.0,0.0
339.43668,1.0,0.7315169916922508,87.0,0.0,1.0,0.7315169916922508,1.0,0.7315169916922508,0.0,0.0
339.425,1.0,0.7315169916922508,87.0,0.0,1.0,0.7315169916922508,1.0,0.7315169916922508,0.0,0.0
339.82,1.0,0.7315169916922508,88.0,0.0,1.0,0.7315169916922508,1.0,0.7315169916922508,0.0,0.0
340.33,1.0,0.7315169916922508,88.0,0.0,1.0,0.7315169916922508,1.0,0.7315169916922508,0.0,0.0
340.31668,1.0,0.7315169916922508,88.0,0.0,1.0,0.7315169916922508,1.0,0.7315169916922508,0.0,0.0
339.18167,1.0,0.7315169916922508,88.0,0.0,1.0,0.7315169916922508,1.0,0.7315169916922508,0.0,0.0
339.93167,1.0,0.7315169916922508,88.0,0.0,1.0,0.7315169916922508,1.0,0.7315169916922508,0.0,0.0
339.91168,1.0,0.7315169916922508,88.0,0.0,1.0,0.7315169916922508,1.0,0.7315169916922508,0.0,0.0
340.925,1.0,0.7315169916922508,88.0,0.0,1.0,0.7315169916922508,1.0,0.7315169916922508,0.0,0.0
340.53168,1.0,0.7315169916922508,87.0,0.0,1.0,0.7315169916922508,1.0,0.7315169916922508,0.0,0.0
340.78333,1.0,0.7315169916922508,88.0,0.0,1.0,0.7315169916922508,1.0,0.7315169916922508,0.0,0.0
341.26,1.0,0.7315169916922508,88.0,0.0,1.0,0.7315169916922508,1.0,0.7315169916922508,0.0,0.0
341.695,1.0,0.7315169916922508,88.0,0.0,1.0,0.7315169916922508,1.0,0.7315169916922508,0.0,0.0
342.80667,1.0,0.7315169916922508,88.0,0.0,1.0,0.7315169916922508,1.0,0.7315169916922508,0.0,0.0
342.73666,1.0,0.7315169916922508,88.0,0.0,1.0,0.7315169916922508,1.0,0.7315169916922508,0.0,0.0
342.245,1.0,0.7315169916922508,88.0,0.0,1.0,0.7315169916922508,1.0,0.7315169916922508,0.0,0.0
343.07834,1.0,0.7315169916922508,88.0,0.0,1.0,0.7315169916922508,1.0,0.7315169916922508,0.0,0.0
343.248,1.0,0.7315169916922508,88.0,0.0,1.0,0.7315169916922508,1.0,0.7315169916922508,0.0,0.0
342.39334,1.0,0.7315169916922508,88.0,0.0,1.0,0.7315169916922508,1.0,0.7315169916922508,0.0,0.0
342.10333,1.0,0.7315169916922508,88.0,0.0,1.0,0.7315169916922508,1.0,0.7315169916922508,0.0,0.0
342.66666,1.0,0.7315169916922508,87.0,0.0,1.0,0.7315169916922508,1.0,0.7315169916922508,0.0,0.0
342.06,1.0,0.7315169916922508,87.0,0.0,1.0,0.7315169916922508,1.0,0.7315169916922508,0.0,0.0
341.85834,1.0,0.7315169916922508,87.0,0.0,1.0,0.7315169916922508,1.0,0.7315169916922508,0.0,0.0
342.645,1.0,0.7315169916922508,87.0,0.0,1.0,0.7315169916922508,1.0,0.7315169916922508,0.0,0.0
342.39334,1.0,0.7315169916922508,88.0,0.0,1.0,0.7315169916922508,1.0,0.7315169916922508,0.0,0.0
342.46832,1.0,0.7315169916922508,88.0,0.0,1.0,0.7315169916922508,1.0,0.7315169916922508,0.0,0.0
342.30667,1.0,0.7315169916922508,88.0,0.0,1.0,0.7315169916922508,1.0,0.7315169916922508,0.0,0.0
342.89,1.0,0.7315169916922508,88.0,0.0,1.0,0.7315169916922508,1.0,0.7315169916922508,0.0,0.0
339.03168,1.0,0.7315169916922508,88.0,0.0,1.0,0.7315169916922508,1.0,0.7315169916922508,0.0,0.0
323.57333,1.0,0.7315169916922508,88.0,0.0,1.0,0.7315169916922508,1.0,0.7315169916922508,0.0,0.0
323.72,1.0,0.7315169916922508,88.0,0.0,1.0,0.7315169916922508,1.0,0.7315169916922508,0.0,0.0
323.43332,1.0,0.7315169916922508,88.0,0.0,1.0,0.7315169916922508,1.0,0.7315169916922508,0.0,0.0
359.13333,1.0,0.7315169916922508,83.0,0.0,1.0,0.7315169916922508,1.0,0.7315169916922508,0.0,0.0
368.83832,1.0,0.7315169916922508,83.0,0.0,1.0,0.7315169916922508,1.0,0.7315169916922508,0.0,0.0
368.51334,1.0,0.7315169916922508,83.0,0.0,1.0,0.7315169916922508,1.0,0.7315169916922508,0.0,0.0
368.015,1.0,0.7315169916922508,83.0,0.0,1.0,0.7315169916922508,1.0,0.7315169916922508,0.0,0.0
367.49,1.0,0.7315169916922508,83.0,0.0,1.0,0.7315169916922508,1.0,0.7315169916922508,0.0,0.0
372.99335,1.0,0.7315169916922508,82.0,0.0,1.0,0.7315169916922508,1.0,0.7315169916922508,0.0,0.0
366.72168,1.0,0.7315169916922508,82.0,0.0,1.0,0.7315169916922508,1.0,0.7315169916922508,0.0,0.0
340.885,1.0,0.581164114316606,88.0,59.859903774610416,1.0,0.581164114316606,1.0,0.581164114316606,0.0,0.0
342.04,1.0,0.581164114316606,88.0,59.859903774610416,1.0,0.581164114316606,1.0,0.581164114316606,0.0,0.0
341.93832,1.0,0.581164114316606,88.0,59.859903774610416,1.0,0.581164114316606,1.0,0.581164114316606,0.0,0.0
341.55334,1.0,0.581164114316606,88.0,59.859903774610416,1.0,0.581164114316606,1.0,0.581164114316606,0.0,0.0
341.825,1.0,0.581164114316606,88.0,59.27873966029381,1.0,0.581164114316606,1.0,0.581164114316606,0.0,0.0
341.42166,1.0,0.581164114316606,88.0,59.27873966029381,1.0,0.581164114316606,1.0,0.581164114316606,0.0,0.0
341.52667,1.0,0.581164114316606,88.0,59.27873966029381,1.0,0.581164114316606,1.0,0.581164114316606,0.0,0.0
341.53168,1.0,0.581164114316606,88.0,59.27873966029381,1.0,0.581164114316606,1.0,0.581164114316606,0.0,0.0
341.07,1.0,0.581164114316606,88.0,59.27873966029381,1.0,0.581164114316606,1.0,0.581164114316606,0.0,0.0
341.21832,1.0,0.581164114316606,88.0,59.27873966029381,1.0,0.581164114316606,1.0,0.581164114316606,0.0,0.0
340.00165,1.0,0.581164114316606,88.0,58.6975755459772,1.0,0.581164114316606,1.0,0.581164114316606,0.0,0.0
340.905,1.0,0.581164114316606,88.0,58.6975755459772,1.0,0.581164114316606,1.0,0.581164114316606,0.0,0.0
340.98834,1.0,0.581164114316606,88.0,58.6975755459772,1.0,0.581164114316606,1.0,0.581164114316606,0.0,0.0
340.09167,1.0,0.581164114316606,87.0,58.6975755459772,1.0,0.581164114316606,1.0,0.581164114316606,0.0,0.0
339.80835,1.0,0.581164114316606,88.0,58.116411431660595,1.0,0.581164114316606,1.0,0.581164114316606,0.0,0.0
339.47333,1.0,0.581164114316606,88.0,58.116411431660595,1.0,0.581164114316606,1.0,0.581164114316606,0.0,0.0
339.70334,1.0,0.581164114316606,88.0,58.116411431660595,1.0,0.581164114316606,1.0,0.581164114316606,0.0,0.0
339.58334,1.0,0.581164114316606,88.0,57.535247317343995,1.0,0.581164114316606,1.0,0.581164114316606,0.0,0.0
340.035,1.0,0.581164114316606,87.0,57.535247317343995,1.0,0.581164114316606,1.0,0.581164114316606,0.0,0.0
339.98334,1.0,0.581164114316606,87.0,56.95408320302739,1.0,0.581164114316606,1.0,0.581164114316606,0.0,0.0
339.43668,1.0,0.581164114316606,87.0,56.95408320302739,1.0,0.581164114316606,1.0,0.581164114316606,0.0,0.0
339.425,1.0,0.581164114316606,87.0,56.95408320302739,1.0,0.581164114316606,1.0,0.581164114316606,0.0,0.0
339.82,1.0,0.581164114316606,88.0,56.95408320302739,1.0,0.581164114316606,1.0,0.581164114316606,0.0,0.0
340.33,1.0,0.581164114316606,88.0,56.95408320302739,1.0,0.581164114316606,1.0,0.581164114316606,0.0,0.0
340.31668,1.0,0.581164114316606,88.0,56.37291908871078,1.0,0.581164114316606,1.0,0.581164114316606,0.0,0.0
339.18167,1.0,0.581164114316606,88.0,56.37291908871078,1.0,0.581164114316606,1.0,0.581164114316606,0.0,0.0
339.93167,1.0,0.581164114316606,88.0,56.37291908871078,1.0,0.581164114316606,1.0,0.581164114316606,0.0,0.0
339.91168,1.0,0.581164114316606,88.0,55.79175497439417,1.0,0.581164114316606,1.0,0.581164114316606,0.0,0.0
340.925,1.0,0.581164114316606,88.0,56.37291908871078,1.0,0.581164114316606,1.0,0.581164114316606,0.0,0.0
340.53168,1.0,0.581164114316606,87.0,55.210590860077566,1.0,0.581164114316606,1.0,0.581164114316606,0.0,0.0
340.78333,1.0,0.581164114316606,88.0,55.79175497439417,1.0,0.581164114316606,1.0,0.581164114316606,0.0,0.0
341.26,1.0,0.581164114316606,88.0,55.210590860077566,1.0,0.581164114316606,1.0,0.581164114316606,0.0,0.0
341.695,1.0,0.581164114316606,88.0,55.210590860077566,1.0,0.581164114316606,1.0,0.581164114316606,0.0,0.0
342.80667,1.0,0.581164114316606,88.0,54.62942674576096,1.0,0.581164114316606,1.0,0.581164114316606,0.0,0.0
342.73666,1.0,0.581164114316606,88.0,54.62942674576096,1.0,0.581164114316606,1.0,0.581164114316606,0.0,0.0
342.245,1.0,0.581164114316606,88.0,55.210590860077566,1.0,0.581164114316606,1.0,0.581164114316606,0.0,0.0
343.07834,1.0,0.581164114316606,88.0,54.62942674576096,1.0,0.581164114316606,1.0,0.581164114316606,0.0,0.0
343.248,1.0,0.581164114316606,88.0,54.62942674576096,1.0,0.581164114316606,1.0,0.581164114316606,0.0,0.0
342.39334,1.0,0.581164114316606,88.0,54.62942674576096,1.0,0.581164114316606,1.0,0.581164114316606,0.0,0.0
342.10333,1.0,0.581164114316606,88.0,54.62942674576096,1.0,0.581164114316606,1.0,0.581164114316606,0.0,0.0
342.66666,1.0,0.581164114316606,87.0,54.62942674576096,1.0,0.581164114316606,1.0,0.581164114316606,0.0,0.0
342.06,1.0,0.581164114316606,87.0,54.04826263144435,1.0,0.581164114316606,1.0,0.581164114316606,0.0,0.0
341.85834,1.0,0.581164114316606,87.0,54.04826263144435,1.0,0.581164114316606,1.0,0.581164114316606,0.0,0.0
342.645,1.0,0.581164114316606,87.0,54.62942674576096,1.0,0.581164114316606,1.0,0.581164114316606,0.0,0.0
342.39334,1.0,0.581164114316606,88.0,54.04826263144435,1.0,0.581164114316606,1.0,0.581164114316606,0.0,0.0
342.46832,1.0,0.581164114316606,88.0,54.04826263144435,1.0,0.581164114316606,1.0,0.581164114316606,0.0,0.0
342.30667,1.0,0.581164114316606,88.0,53.46709851712775,1.0,0.581164114316606,1.0,0.581164114316606,0.0,0.0
342.89,1.0,0.581164114316606,88.0,54.04826263144435,1.0,0.581164114316606,1.0,0.581164114316606,0.0,0.0
339.03168,1.0,0.581164114316606,88.0,54.04826263144435,1.0,0.581164114316606,1.0,0.581164114316606,0.0,0.0
323.57333,1.0,0.581164114316606,88.0,53.46709851712775,1.0,0.581164114316606,1.0,0.581164114316606,0.0,0.0
323.72,1.0,0.581164114316606,88.0,53.46709851712775,1.0,0.581164114316606,1.0,0.581164114316606,0.0,0.0
323.43332,1.0,0.581164114316606,88.0,53.46709851712775,1.0,0.581164114316606,1.0,0.581164114316606,0.0,0.0
359.13333,1.0,0.581164114316606,83.0,53.46709851712775,1.0,0.581164114316606,1.0,0.581164114316606,0.0,0.0
368.83832,1.0,0.581164114316606,83.0,53.46709851712775,1.0,0.581164114316606,1.0,0.581164114316606,0.0,0.0
368.51334,1.0,0.581164114316606,83.0,52.885934402811145,1.0,0.581164114316606,1.0,0.581164114316606,0.0,0.0
368.015,1.0,0.581164114316606,83.0,62.765724346193444,1.0,0.581164114316606,1.0,0.581164114316606,0.0,0.0
367.49,1.0,0.581164114316606,83.0,62.765724346193444,1.0,0.581164114316606,1.0,0.581164114316606,0.0,0.0
372.99335,1.0,0.581164114316606,82.0,62.765724346193444,1.0,0.581164114316606,1.0,0.581164114316606,0.0,0.0
366.72168,1.0,0.581164114316606,82.0,52.885934402811145,1.0,0.581164114316606,1.0,0.581164114316606,0.0,0.0
325.525,1.0,0.581164114316606,82.0,52.885934402811145,1.0,0.581164114316606,1.0,0.581164114316606,0.0,0.0
342.04,1.0,0.5811046385234357,88.0,59.85377776791388,1.0,0.5811046385234357,1.0,0.5811046385234357,0.0,0.0
341.93832,1.0,0.5811046385234357,88.0,59.85377776791388,1.0,0.5811046385234357,1.0,0.5811046385234357,0.0,0.0
341.55334,1.0,0.5811046385234357,88.0,59.85377776791388,1.0,0.5811046385234357,1.0,0.5811046385234357,0.0,0.0
341.825,1.0,0.5811046385234357,88.0,59.27267312939045,1.0,0.5811046385234357,1.0,0.5811046385234357,0.0,0.0
341.42166,1.0,0.5811046385234357,88.0,59.27267312939045,1.0,0.5811046385234357,1.0,0.5811046385234357,0.0,0.0
341.52667,1.0,0.5811046385234357,88.0,59.27267312939045,1.0,0.5811046385234357,1.0,0.5811046385234357,0.0,0.0
341.53168,1.0,0.5811046385234357,88.0,59.27267312939045,1.0,0.5811046385234357,1.0,0.5811046385234357,0.0,0.0
341.07,1.0,0.5811046385234357,88.0,59.27267312939045,1.0,0.5811046385234357,1.0,0.5811046385234357,0.0,0.0
341.21832,1.0,0.5811046385234357,88.0,59.27267312939045,1.0,0.5811046385234357,1.0,0.5811046385234357,0.0,0.0
340.00165,1.0,0.5811046385234357,88.0,58.69156849086701,1.0,0.5811046385234357,1.0,0.5811046385234357,0.0,0.0
340.905,1.0,0.5811046385234357,88.0,58.69156849086701,1.0,0.5811046385234357,1.0,0.5811046385234357,0.0,0.0
340.98834,1.0,0.5811046385234357,88.0,58.69156849086701,1.0,0.5811046385234357,1.0,0.5811046385234357,0.0,0.0
340.09167,1.0,0.5811046385234357,87.0,58.69156849086701,1.0,0.5811046385234357,1.0,0.5811046385234357,0.0,0.0
339.80835,1.0,0.5811046385234357,88.0,58.11046385234357,1.0,0.5811046385234357,1.0,0.5811046385234357,0.0,0.0
339.47333,1.0,0.5811046385234357,88.0,58.11046385234357,1.0,0.5811046385234357,1.0,0.5811046385234357,0.0,0.0
339.70334,1.0,0.5811046385234357,88.0,58.11046385234357,1.0,0.5811046385234357,1.0,0.5811046385234357,0.0,0.0
339.58334,1.0,0.5811046385234357,88.0,57.529359213820136,1.0,0.5811046385234357,1.0,0.5811046385234357,0.0,0.0
340.035,1.0,0.5811046385234357,87.0,57.529359213820136,1.0,0.5811046385234357,1.0,0.5811046385234357,0.0,0.0
339.98334,1.0,0.5811046385234357,87.0,56.9482545752967,1.0,0.5811046385234357,1.0,0.5811046385234357,0.0,0.0
339.43668,1.0,0.5811046385234357,87.0,56.9482545752967,1.0,0.5811046385234357,1.0,0.5811046385234357,0.0,0.0
339.425,1.0,0.5811046385234357,87.0,56.9482545752967,1.0,0.5811046385234357,1.0,0.5811046385234357,0.0,0.0
339.82,1.0,0.5811046385234357,88.0,56.9482545752967,1.0,0.5811046385234357,1.0,0.5811046385234357,0.0,0.0
340.33,1.0,0.5811046385234357,88.0,56.9482545752967,1.0,0.5811046385234357,1.0,0.5811046385234357,0.0,0.0
340.31668,1.0,0.5811046385234357,88.0,56.36714993677327,1.0,0.5811046385234357,1.0,0.5811046385234357,0.0,0.0
339.18167,1.0,0.5811046385234357,88.0,56.36714993677327,1.0,0.5811046385234357,1.0,0.5811046385234357,0.0,0.0
339.93167,1.0,0.5811046385234357,88.0,56.36714993677327,1.0,0.5811046385234357,1.0,0.5811046385234357,0.0,0.0
339.91168,1.0,0.5811046385234357,88.0,55.78604529824983,1.0,0.5811046385234357,1.0,0.5811046385234357,0.0,0.0
340.925,1.0,0.5811046385234357,88.0,56.36714993677327,1.0,0.5811046385234357,1.0,0.5811046385234357,0.0,0.0
340.53168,1.0,0.5811046385234357,87.0,55.2049406597264,1.0,0.5811046385234357,1.0,0.5811046385234357,0.0,0.0
340.78333,1.0,0.5811046385234357,88.0,55.78604529824983,1.0,0.5811046385234357,1.0,0.5811046385234357,0.0,0.0
341.26,1.0,0.5811046385234357,88.0,55.2049406597264,1.0,0.5811046385234357,1.0,0.5811046385234357,0.0,0.0
341.695,1.0,0.5811046385234357,88.0,55.2049406597264,1.0,0.5811046385234357,1.0,0.5811046385234357,0.0,0.0
342.80667,1.0,0.5811046385234357,88.0,54.62383602120296,1.0,0.5811046385234357,1.0,0.5811046385234357,0.0,0.0
342.73666,1.0,0.5811046385234357,88.0,54.62383602120296,1.0,0.5811046385234357,1.0,0.5811046385234357,0.0,0.0
342.245,1.0,0.5811046385234357,88.0,55.2049406597264,1.0,0.5811046385234357,1.0,0.5811046385234357,0.0,0.0
343.07834,1.0,0.5811046385234357,88.0,54.62383602120296,1.0,0.5811046385234357,1.0,0.5811046385234357,0.0,0.0
343.248,1.0,0.5811046385234357,88.0,54.62383602120296,1.0,0.5811046385234357,1.0,0.5811046385234357,0.0,0.0
342.39334,1.0,0.5811046385234357,88.0,54.62383602120296,1.0,0.5811046385234357,1.0,0.5811046385234357,0.0,0.0
342.10333,1.0,0.5811046385234357,88.0,54.62383602120296,1.0,0.5811046385234357,1.0,0.5811046385234357,0.0,0.0
342.66666,1.0,0.5811046385234357,87.0,54.62383602120296,1.0,0.5811046385234357,1.0,0.5811046385234357,0.0,0.0
342.06,1.0,0.5811046385234357,87.0,54.04273138267953,1.0,0.5811046385234357,1.0,0.5811046385234357,0.0,0.0
341.85834,1.0,0.5811046385234357,87.0,54.04273138267953,1.0,0.5811046385234357,1.0,0.5811046385234357,0.0,0.0
342.645,1.0,0.5811046385234357,87.0,54.62383602120296,1.0,0.5811046385234357,1.0,0.5811046385234357,0.0,0.0
342.39334,1.0,0.5811046385234357,88.0,54.04273138267953,1.0,0.5811046385234357,1.0,0.5811046385234357,0.0,0.0
342.46832,1.0,0.5811046385234357,88.0,54.04273138267953,1.0,0.5811046385234357,1.0,0.5811046385234357,0.0,0.0
342.30667,1.0,0.5811046385234357,88.0,53.46162674415609,1.0,0.5811046385234357,1.0,0.5811046385234357,0.0,0.0
342.89,1.0,0.5811046385234357,88.0,54.04273138267953,1.0,0.5811046385234357,1.0,0.5811046385234357,0.0,0.0
339.03168,1.0,0.5811046385234357,88.0,54.04273138267953,1.0,0.5811046385234357,1.0,0.5811046385234357,0.0,0.0
323.57333,1.0,0.5811046385234357,88.0,53.46162674415609,1.0,0.5811046385234357,1.0,0.5811046385234357,0.0,0.0
323.72,1.0,0.5811046385234357,88.0,53.46162674415609,1.0,0.5811046385234357,1.0,0.5811046385234357,0.0,0.0
323.43332,1.0,0.5811046385234357,88.0,53.46162674415609,1.0,0.5811046385234357,1.0,0.5811046385234357,0.0,0.0
359.13333,1.0,0.5811046385234357,83.0,53.46162674415609,1.0,0.5811046385234357,1.0,0.5811046385234357,0.0,0.0
368.83832,1.0,0.5811046385234357,83.0,53.46162674415609,1.0,0.5811046385234357,1.0,0.5811046385234357,0.0,0.0
368.51334,1.0,0.5811046385234357,83.0,52.88052210563265,1.0,0.5811046385234357,1.0,0.5811046385234357,0.0,0.0
368.015,1.0,0.5811046385234357,83.0,62.759300960531064,1.0,0.5811046385234357,1.0,0.5811046385234357,0.0,0.0
367.49,1.0,0.5811046385234357,83.0,62.759300960531064,1.0,0.5811046385234357,1.0,0.5811046385234357,0.0,0.0
372.99335,1.0,0.5811046385234357,82.0,62.759300960531064,1.0,0.5811046385234357,1.0,0.5811046385234357,0.0,0.0
366.72168,1.0,0.5811046385234357,82.0,52.88052210563265,1.0,0.5811046385234357,1.0,0.5811046385234357,0.0,0.0
325.525,1.0,0.5811046385234357,82.0,52.88052210563265,1.0,0.5811046385234357,1.0,0.5811046385234357,0.0,0.0
338.76666,1.0,0.5811046385234357,82.0,52.88052210563265,1.0,0.5811046385234357,1.0,0.5811046385234357,0.0,0.0
341.93832,1.0,0.5810161852302179,88.0,59.84466707871245,1.0,0.5810161852302179,1.0,0.5810161852302179,0.0,0.0
341.55334,1.0,0.5810161852302179,88.0,59.84466707871245,1.0,0.5810161852302179,1.0,0.5810161852302179,0.0,0.0
341.825,1.0,0.5810161852302179,88.0,59.26365089348223,1.0,0.5810161852302179,1.0,0.5810161852302179,0.0,0.0
341.42166,1.0,0.5810161852302179,88.0,59.26365089348223,1.0,0.5810161852302179,1.0,0.5810161852302179,0.0,0.0
341.52667,1.0,0.5810161852302179,88.0,59.26365089348223,1.0,0.5810161852302179,1.0,0.5810161852302179,0.0,0.0
341.53168,1.0,0.5810161852302179,88.0,59.26365089348223,1.0,0.5810161852302179,1.0,0.5810161852302179,0.0,0.0
341.07,1.0,0.5810161852302179,88.0,59.26365089348223,1.0,0.5810161852302179,1.0,0.5810161852302179,0.0,0.0
341.21832,1.0,0.5810161852302179,88.0,59.26365089348223,1.0,0.5810161852302179,1.0,0.5810161852302179,0.0,0.0
340.00165,1.0,0.5810161852302179,88.0,58.68263470825201,1.0,0.5810161852302179,1.0,0.5810161852302179,0.0,0.0
340.905,1.0,0.5810161852302179,88.0,58.68263470825201,1.0,0.5810161852302179,1.0,0.5810161852302179,0.0,0.0
340.98834,1.0,0.5810161852302179,88.0,58.68263470825201,1.0,0.5810161852302179,1.0,0.5810161852302179,0.0,0.0
340.09167,1.0,0.5810161852302179,87.0,58.68263470825201,1.0,0.5810161852302179,1.0,0.5810161852302179,0.0,0.0
339.80835,1.0,0.5810161852302179,88.0,58.10161852302179,1.0,0.5810161852302179,1.0,0.5810161852302179,0.0,0.0
339.47333,1.0,0.5810161852302179,88.0,58.10161852302179,1.0,0.5810161852302179,1.0,0.5810161852302179,0.0,0.0
339.70334,1.0,0.5810161852302179,88.0,58.10161852302179,1.0,0.5810161852302179,1.0,0.5810161852302179,0.0,0.0
339.58334,1.0,0.5810161852302179,88.0,57.52060233779157,1.0,0.5810161852302179,1.0,0.5810161852302179,0.0,0.0
340.035,1.0,0.5810161852302179,87.0,57.52060233779157,1.0,0.5810161852302179,1.0,0.5810161852302179,0.0,0.0
339.98334,1.0,0.5810161852302179,87.0,56.939586152561354,1.0,0.5810161852302179,1.0,0.5810161852302179,0.0,0.0
339.43668,1.0,0.5810161852302179,87.0,56.939586152561354,1.0,0.5810161852302179,1.0,0.5810161852302179,0.0,0.0
339.425,1.0,0.5810161852302179,87.0,56.939586152561354,1.0,0.5810161852302179,1.0,0.5810161852302179,0.0,0.0
339.82,1.0,0.5810161852302179,88.0,56.939586152561354,1.0,0.5810161852302179,1.0,0.5810161852302179,0.0,0.0
340.33,1.0,0.5810161852302179,88.0,56.939586152561354,1.0,0.5810161852302179,1.0,0.5810161852302179,0.0,0.0
340.31668,1.0,0.5810161852302179,88.0,56.358569967331135,1.0,0.5810161852302179,1.0,0.5810161852302179,0.0,0.0
339.18167,1.0,0.5810161852302179,88.0,56.358569967331135,1.0,0.5810161852302179,1.0,0.5810161852302179,0.0,0.0
339.93167,1.0,0.5810161852302179,88.0,56.358569967331135,1.0,0.5810161852302179,1.0,0.5810161852302179,0.0,0.0
339.91168,1.0,0.5810161852302179,88.0,55.777553782100924,1.0,0.5810161852302179,1.0,0.5810161852302179,0.0,0.0
340.925,1.0,0.5810161852302179,88.0,56.358569967331135,1.0,0.5810161852302179,1.0,0.5810161852302179,0.0,0.0
340.53168,1.0,0.5810161852302179,87.0,55.196537596870705,1.0,0.5810161852302179,1.0,0.5810161852302179,0.0,0.0
340.78333,1.0,0.5810161852302179,88.0,55.777553782100924,1.0,0.5810161852302179,1.0,0.5810161852302179,0.0,0.0
341.26,1.0,0.5810161852302179,88.0,55.196537596870705,1.0,0.5810161852302179,1.0,0.5810161852302179,0.0,0.0
341.695,1.0,0.5810161852302179,88.0,55.196537596870705,1.0,0.5810161852302179,1.0,0.5810161852302179,0.0,0.0
342.80667,1.0,0.5810161852302179,88.0,54.615521411640486,1.0,0.5810161852302179,1.0,0.5810161852302179,0.0,0.0
342.73666,1.0,0.5810161852302179,88.0,54.615521411640486,1.0,0.5810161852302179,1.0,0.5810161852302179,0.0,0.0
342.245,1.0,0.5810161852302179,88.0,55.196537596870705,1.0,0.5810161852302179,1.0,0.5810161852302179,0.0,0.0
343.07834,1.0,0.5810161852302179,88.0,54.615521411640486,1.0,0.5810161852302179,1.0,0.5810161852302179,0.0,0.0
343.248,1.0,0.5810161852302179,88.0,54.615521411640486,1.0,0.5810161852302179,1.0,0.5810161852302179,0.0,0.0
342.39334,1.0,0.5810161852302179,88.0,54.615521411640486,1.0,0.5810161852302179,1.0,0.5810161852302179,0.0,0.0
342.10333,1.0,0.5810161852302179,88.0,54.615521411640486,1.0,0.5810161852302179,1.0,0.5810161852302179,0.0,0.0
342.66666,1.0,0.5810161852302179,87.0,54.615521411640486,1.0,0.5810161852302179,1.0,0.5810161852302179,0.0,0.0
342.06,1.0,0.5810161852302179,87.0,54.03450522641027,1.0,0.5810161852302179,1.0,0.5810161852302179,0.0,0.0
341.85834,1.0,0.5810161852302179,87.0,54.03450522641027,1.0,0.5810161852302179,1.0,0.5810161852302179,0.0,0.0
342.645,1.0,0.5810161852302179,87.0,54.615521411640486,1.0,0.5810161852302179,1.0,0.5810161852302179,0.0,0.0
342.39334,1.0,0.5810161852302179,88.0,54.03450522641027,1.0,0.5810161852302179,1.0,0.5810161852302179,0.0,0.0
342.46832,1.0,0.5810161852302179,88.0,54.03450522641027,1.0,0.5810161852302179,1.0,0.5810161852302179,0.0,0.0
342.30667,1.0,0.5810161852302179,88.0,53.45348904118005,1.0,0.5810161852302179,1.0,0.5810161852302179,0.0,0.0
342.89,1.0,0.5810161852302179,88.0,54.03450522641027,1.0,0.5810161852302179,1.0,0.5810161852302179,0.0,0.0
339.03168,1.0,0.5810161852302179,88.0,54.03450522641027,1.0,0.5810161852302179,1.0,0.5810161852302179,0.0,0.0
323.57333,1.0,0.5810161852302179,88.0,53.45348904118005,1.0,0.5810161852302179,1.0,0.5810161852302179,0.0,0.0
323.72,1.0,0.5810161852302179,88.0,53.45348904118005,1.0,0.5810161852302179,1.0,0.5810161852302179,0.0,0.0
323.43332,1.0,0.5810161852302179,88.0,53.45348904118005,1.0,0.5810161852302179,1.0,0.5810161852302179,0.0,0.0
359.13333,1.0,0.5810161852302179,83.0,53.45348904118005,1.0,0.5810161852302179,1.0,0.5810161852302179,0.0,0.0
368.83832,1.0,0.5810161852302179,83.0,53.45348904118005,1.0,0.5810161852302179,1.0,0.5810161852302179,0.0,0.0
368.51334,1.0,0.5810161852302179,83.0,52.87247285594983,1.0,0.5810161852302179,1.0,0.5810161852302179,0.0,0.0
368.015,1.0,0.5810161852302179,83.0,62.749748004863534,1.0,0.5810161852302179,1.0,0.5810161852302179,0.0,0.0
367.49,1.0,0.5810161852302179,83.0,62.749748004863534,1.0,0.5810161852302179,1.0,0.5810161852302179,0.0,0.0
372.99335,1.0,0.5810161852302179,82.0,62.749748004863534,1.0,0.5810161852302179,1.0,0.5810161852302179,0.0,0.0
366.72168,1.0,0.5810161852302179,82.0,52.87247285594983,1.0,0.5810161852302179,1.0,0.5810161852302179,0.0,0.0
325.525,1.0,0.5810161852302179,82.0,52.87247285594983,1.0,0.5810161852302179,1.0,0.5810161852302179,0.0,0.0
338.76666,1.0,0.5810161852302179,82.0,52.87247285594983,1.0,0.5810161852302179,1.0,0.5810161852302179,0.0,0.0
340.625,1.0,0.5810161852302179,81.0,52.29145667071961,1.0,0.5810161852302179,1.0,0.5810161852302179,0.0,0.0
341.55334,1.0,0.5810399402588396,88.0,59.847113846660484,1.0,0.5810399402588396,1.0,0.5810399402588396,0.0,0.0
341.825,1.0,0.5810399402588396,88.0,59.266073906401644,1.0,0.5810399402588396,1.0,0.5810399402588396,0.0,0.0
341.42166,1.0,0.5810399402588396,88.0,59.266073906401644,1.0,0.5810399402588396,1.0,0.5810399402588396,0.0,0.0
341.52667,1.0,0.5810399402588396,88.0,59.266073906401644,1.0,0.5810399402588396,1.0,0.5810399402588396,0.0,0.0
341.53168,1.0,0.5810399402588396,88.0,59.266073906401644,1.0,0.5810399402588396,1.0,0.5810399402588396,0.0,0.0
341.07,1.0,0.5810399402588396,88.0,59.266073906401644,1.0,0.5810399402588396,1.0,0.5810399402588396,0.0,0.0
341.21832,1.0,0.5810399402588396,88.0,59.266073906401644,1.0,0.5810399402588396,1.0,0.5810399402588396,0.0,0.0
340.00165,1.0,0.5810399402588396,88.0,58.685033966142804,1.0,0.5810399402588396,1.0,0.5810399402588396,0.0,0.0
340.905,1.0,0.5810399402588396,88.0,58.685033966142804,1.0,0.5810399402588396,1.0,0.5810399402588396,0.0,0.0
340.98834,1.0,0.5810399402588396,88.0,58.685033966142804,1.0,0.5810399402588396,1.0,0.5810399402588396,0.0,0.0
340.09167,1.0,0.5810399402588396,87.0,58.685033966142804,1.0,0.5810399402588396,1.0,0.5810399402588396,0.0,0.0
339.80835,1.0,0.5810399402588396,88.0,58.103994025883964,1.0,0.5810399402588396,1.0,0.5810399402588396,0.0,0.0
339.47333,1.0,0.5810399402588396,88.0,58.103994025883964,1.0,0.5810399402588396,1.0,0.5810399402588396,0.0,0.0
339.70334,1.0,0.5810399402588396,88.0,58.103994025883964,1.0,0.5810399402588396,1.0,0.5810399402588396,0.0,0.0
339.58334,1.0,0.5810399402588396,88.0,57.52295408562512,1.0,0.5810399402588396,1.0,0.5810399402588396,0.0,0.0
340.035,1.0,0.5810399402588396,87.0,57.52295408562512,1.0,0.5810399402588396,1.0,0.5810399402588396,0.0,0.0
339.98334,1.0,0.5810399402588396,87.0,56.94191414536628,1.0,0.5810399402588396,1.0,0.5810399402588396,0.0,0.0
339.43668,1.0,0.5810399402588396,87.0,56.94191414536628,1.0,0.5810399402588396,1.0,0.5810399402588396,0.0,0.0
339.425,1.0,0.5810399402588396,87.0,56.94191414536628,1.0,0.5810399402588396,1.0,0.5810399402588396,0.0,0.0
339.82,1.0,0.5810399402588396,88.0,56.94191414536628,1.0,0.5810399402588396,1.0,0.5810399402588396,0.0,0.0
340.33,1.0,0.5810399402588396,88.0,56.94191414536628,1.0,0.5810399402588396,1.0,0.5810399402588396,0.0,0.0
340.31668,1.0,0.5810399402588396,88.0,56.36087420510744,1.0,0.5810399402588396,1.0,0.5810399402588396,0.0,0.0
339.18167,1.0,0.5810399402588396,88.0,56.36087420510744,1.0,0.5810399402588396,1.0,0.5810399402588396,0.0,0.0
339.93167,1.0,0.5810399402588396,88.0,56.36087420510744,1.0,0.5810399402588396,1.0,0.5810399402588396,0.0,0.0
339.91168,1.0,0.5810399402588396,88.0,55.7798342648486,1.0,0.5810399402588396,1.0,0.5810399402588396,0.0,0.0
340.925,1.0,0.5810399402588396,88.0,56.36087420510744,1.0,0.5810399402588396,1.0,0.5810399402588396,0.0,0.0
340.53168,1.0,0.5810399402588396,87.0,55.19879432458977,1.0,0.5810399402588396,1.0,0.5810399402588396,0.0,0.0
340.78333,1.0,0.5810399402588396,88.0,55.7798342648486,1.0,0.5810399402588396,1.0,0.5810399402588396,0.0,0.0
341.26,1.0,0.5810399402588396,88.0,55.19879432458977,1.0,0.5810399402588396,1.0,0.5810399402588396,0.0,0.0
341.695,1.0,0.5810399402588396,88.0,55.19879432458977,1.0,0.5810399402588396,1.0,0.5810399402588396,0.0,0.0
342.80667,1.0,0.5810399402588396,88.0,54.61775438433093,1.0,0.5810399402588396,1.0,0.5810399402588396,0.0,0.0
342.73666,1.0,0.5810399402588396,88.0,54.61775438433093,1.0,0.5810399402588396,1.0,0.5810399402588396,0.0,0.0
342.245,1.0,0.5810399402588396,88.0,55.19879432458977,1.0,0.5810399402588396,1.0,0.5810399402588396,0.0,0.0
343.07834,1.0,0.5810399402588396,88.0,54.61775438433093,1.0,0.5810399402588396,1.0,0.5810399402588396,0.0,0.0
343.248,1.0,0.5810399402588396,88.0,54.61775438433093,1.0,0.5810399402588396,1.0,0.5810399402588396,0.0,0.0
342.39334,1.0,0.5810399402588396,88.0,54.61775438433093,1.0,0.5810399402588396,1.0,0.5810399402588396,0.0,0.0
342.10333,1.0,0.5810399402588396,88.0,54.61775438433093,1.0,0.5810399402588396,1.0,0.5810399402588396,0.0,0.0
342.66666,1.0,0.5810399402588396,87.0,54.61775438433093,1.0,0.5810399402588396,1.0,0.5810399402588396,0.0,0.0
342.06,1.0,0.5810399402588396,87.0,54.03671444407209,1.0,0.5810399402588396,1.0,0.5810399402588396,0.0,0.0
341.85834,1.0,0.5810399402588396,87.0,54.03671444407209,1.0,0.5810399402588396,1.0,0.5810399402588396,0.0,0.0
342.645,1.0,0.5810399402588396,87.0,54.61775438433093,1.0,0.5810399402588396,1.0,0.5810399402588396,0.0,0.0
342.39334,1.0,0.5810399402588396,88.0,54.03671444407209,1.0,0.5810399402588396,1.0,0.5810399402588396,0.0,0.0
342.46832,1.0,0.5810399402588396,88.0,54.03671444407209,1.0,0.5810399402588396,1.0,0.5810399402588396,0.0,0.0
342.30667,1.0,0.5810399402588396,88.0,53.45567450381325,1.0,0.5810399402588396,1.0,0.5810399402588396,0.0,0.0
342.89,1.0,0.5810399402588396,88.0,54.03671444407209,1.0,0.5810399402588396,1.0,0.5810399402588396,0.0,0.0
339.03168,1.0,0.5810399402588396,88.0,54.03671444407209,1.0,0.5810399402588396,1.0,0.5810399402588396,0.0,0.0
323.57333,1.0,0.5810399402588396,88.0,53.45567450381325,1.0,0.5810399402588396,1.0,0.5810399402588396,0.0,0.0
323.72,1.0,0.5810399402588396,88.0,53.45567450381325,1.0,0.5810399402588396,1.0,0.5810399402588396,0.0,0.0
323.43332,1.0,0.5810399402588396,88.0,53.45567450381325,1.0,0.5810399402588396,1.0,0.5810399402588396,0.0,0.0
359.13333,1.0,0.5810399402588396,83.0,53.45567450381325,1.0,0.5810399402588396,1.0,0.5810399402588396,0.0,0.0
368.83832,1.0,0.5810399402588396,83.0,53.45567450381325,1.0,0.5810399402588396,1.0,0.5810399402588396,0.0,0.0
368.51334,1.0,0.5810399402588396,83.0,52.87463456355441,1.0,0.5810399402588396,1.0,0.5810399402588396,0.0,0.0
368.015,1.0,0.5810399402588396,83.0,62.752313547954685,1.0,0.5810399402588396,1.0,0.5810399402588396,0.0,0.0
367.49,1.0,0.5810399402588396,83.0,62.752313547954685,1.0,0.5810399402588396,1.0,0.5810399402588396,0.0,0.0
372.99335,1.0,0.5810399402588396,82.0,62.752313547954685,1.0,0.5810399402588396,1.0,0.5810399402588396,0.0,0.0
366.72168,1.0,0.5810399402588396,82.0,52.87463456355441,1.0,0.5810399402588396,1.0,0.5810399402588396,0.0,0.0
325.525,1.0,0.5810399402588396,82.0,52.87463456355441,1.0,0.5810399402588396,1.0,0.5810399402588396,0.0,0.0
338.76666,1.0,0.5810399402588396,82.0,52.87463456355441,1.0,0.5810399402588396,1.0,0.5810399402588396,0.0,0.0
340.625,1.0,0.5810399402588396,81.0,52.29359462329557,1.0,0.5810399402588396,1.0,0.5810399402588396,0.0,0.0
341.34833,1.0,0.5810399402588396,81.0,52.29359462329557,1.0,0.5810399402588396,1.0,0.5810399402588396,0.0,0.0
341.825,1.0,0.581123917340807,88.0,59.27463956876232,1.0,0.581123917340807,1.0,0.581123917340807,0.0,0.0
341.42166,1.0,0.581123917340807,88.0,59.27463956876232,1.0,0.581123917340807,1.0,0.581123917340807,0.0,0.0
341.52667,1.0,0.581123917340807,88.0,59.27463956876232,1.0,0.581123917340807,1.0,0.581123917340807,0.0,0.0
341.53168,1.0,0.581123917340807,88.0,59.27463956876232,1.0,0.581123917340807,1.0,0.581123917340807,0.0,0.0
341.07,1.0,0.581123917340807,88.0,59.27463956876232,1.0,0.581123917340807,1.0,0.581123917340807,0.0,0.0
341.21832,1.0,0.581123917340807,88.0,59.27463956876232,1.0,0.581123917340807,1.0,0.581123917340807,0.0,0.0
340.00165,1.0,0.581123917340807,88.0,58.693515651421514,1.0,0.581123917340807,1.0,0.581123917340807,0.0,0.0
340.905,1.0,0.581123917340807,88.0,58.693515651421514,1.0,0.581123917340807,1.0,0.581123917340807,0.0,0.0
340.98834,1.0,0.581123917340807,88.0,58.693515651421514,1.0,0.581123917340807,1.0,0.581123917340807,0.0,0.0
340.09167,1.0,0.581123917340807,87.0,58.693515651421514,1.0,0.581123917340807,1.0,0.581123917340807,0.0,0.0
339.80835,1.0,0.581123917340807,88.0,58.1123917340807,1.0,0.581123917340807,1.0,0.581123917340807,0.0,0.0
339.47333,1.0,0.581123917340807,88.0,58.1123917340807,1.0,0.581123917340807,1.0,0.581123917340807,0.0,0.0
339.70334,1.0,0.581123917340807,88.0,58.1123917340807,1.0,0.581123917340807,1.0,0.581123917340807,0.0,0.0
339.58334,1.0,0.581123917340807,88.0,57.5312678167399,1.0,0.581123917340807,1.0,0.581123917340807,0.0,0.0
340.035,1.0,0.581123917340807,87.0,57.5312678167399,1.0,0.581123917340807,1.0,0.581123917340807,0.0,0.0
339.98334,1.0,0.581123917340807,87.0,56.95014389939909,1.0,0.581123917340807,1.0,0.581123917340807,0.0,0.0
339.43668,1.0,0.581123917340807,87.0,56.95014389939909,1.0,0.581123917340807,1.0,0.581123917340807,0.0,0.0
339.425,1.0,0.581123917340807,87.0,56.95014389939909,1.0,0.581123917340807,1.0,0.581123917340807,0.0,0.0
339.82,1.0,0.581123917340807,88.0,56.95014389939909,1.0,0.581123917340807,1.0,0.581123917340807,0.0,0.0
340.33,1.0,0.581123917340807,88.0,56.95014389939909,1.0,0.581123917340807,1.0,0.581123917340807,0.0,0.0
340.31668,1.0,0.581123917340807,88.0,56.36901998205828,1.0,0.581123917340807,1.0,0.581123917340807,0.0,0.0
339.18167,1.0,0.581123917340807,88.0,56.36901998205828,1.0,0.581123917340807,1.0,0.581123917340807,0.0,0.0
339.93167,1.0,0.581123917340807,88.0,56.36901998205828,1.0,0.581123917340807,1.0,0.581123917340807,0.0,0.0
339.91168,1.0,0.581123917340807,88.0,55.78789606471747,1.0,0.581123917340807,1.0,0.581123917340807,0.0,0.0
340.925,1.0,0.581123917340807,88.0,56.36901998205828,1.0,0.581123917340807,1.0,0.581123917340807,0.0,0.0
340.53168,1.0,0.581123917340807,87.0,55.20677214737667,1.0,0.581123917340807,1.0,0.581123917340807,0.0,0.0
340.78333,1.0,0.581123917340807,88.0,55.78789606471747,1.0,0.581123917340807,1.0,0.581123917340807,0.0,0.0
341.26,1.0,0.581123917340807,88.0,55.20677214737667,1.0,0.581123917340807,1.0,0.581123917340807,0.0,0.0
341.695,1.0,0.581123917340807,88.0,55.20677214737667,1.0,0.581123917340807,1.0,0.581123917340807,0.0,0.0
342.80667,1.0,0.581123917340807,88.0,54.625648230035864,1.0,0.581123917340807,1.0,0.581123917340807,0.0,0.0
342.73666,1.0,0.581123917340807,88.0,54.625648230035864,1.0,0.581123917340807,1.0,0.581123917340807,0.0,0.0
342.245,1.0,0.581123917340807,88.0,55.20677214737667,1.0,0.581123917340807,1.0,0.581123917340807,0.0,0.0
343.07834,1.0,0.581123917340807,88.0,54.625648230035864,1.0,0.581123917340807,1.0,0.581123917340807,0.0,0.0
343.248,1.0,0.581123917340807,88.0,54.625648230035864,1.0,0.581123917340807,1.0,0.581123917340807,0.0,0.0
342.39334,1.0,0.581123917340807,88.0,54.625648230035864,1.0,0.581123917340807,1.0,0.581123917340807,0.0,0.0
342.10333,1.0,0.581123917340807,88.0,54.625648230035864,1.0,0.581123917340807,1.0,0.581123917340807,0.0,0.0
342.66666,1.0,0.581123917340807,87.0,54.625648230035864,1.0,0.581123917340807,1.0,0.581123917340807,0.0,0.0
342.06,1.0,0.581123917340807,87.0,54.04452431269505,1.0,0.581123917340807,1.0,0.581123917340807,0.0,0.0
341.85834,1.0,0.581123917340807,87.0,54.04452431269505,1.0,0.581123917340807,1.0,0.581123917340807,0.0,0.0
342.645,1.0,0.581123917340807,87.0,54.625648230035864,1.0,0.581123917340807,1.0,0.581123917340807,0.0,0.0
342.39334,1.0,0.581123917340807,88.0,54.04452431269505,1.0,0.581123917340807,1.0,0.581123917340807,0.0,0.0
342.46832,1.0,0.581123917340807,88.0,54.04452431269505,1.0,0.581123917340807,1.0,0.581123917340807,0.0,0.0
342.30667,1.0,0.581123917340807,88.0,53.46340039535425,1.0,0.581123917340807,1.0,0.581123917340807,0.0,0.0
342.89,1.0,0.581123917340807,88.0,54.04452431269505,1.0,0.581123917340807,1.0,0.581123917340807,0.0,0.0
339.03168,1.0,0.581123917340807,88.0,54.04452431269505,1.0,0.581123917340807,1.0,0.581123917340807,0.0,0.0
323.57333,1.0,0.581123917340807,88.0,53.46340039535425,1.0,0.581123917340807,1.0,0.581123917340807,0.0,0.0
323.72,1.0,0.581123917340807,88.0,53.46340039535425,1.0,0.581123917340807,1.0,0.581123917340807,0.0,0.0
323.43332,1.0,0.581123917340807,88.0,53.46340039535425,1.0,0.581123917340807,1.0,0.581123917340807,0.0,0.0
359.13333,1.0,0.581123917340807,83.0,53.46340039535425,1.0,0.581123917340807,1.0,0.581123917340807,0.0,0.0
368.83832,1.0,0.581123917340807,83.0,53.46340039535425,1.0,0.581123917340807,1.0,0.581123917340807,0.0,0.0
368.51334,1.0,0.581123917340807,83.0,52.88227647801344,1.0,0.581123917340807,1.0,0.581123917340807,0.0,0.0
368.015,1.0,0.581123917340807,83.0,62.76138307280716,1.0,0.581123917340807,1.0,0.581123917340807,0.0,0.0
367.49,1.0,0.581123917340807,83.0,62.76138307280716,1.0,0.581123917340807,1.0,0.581123917340807,0.0,0.0
372.99335,1.0,0.581123917340807,82.0,62.76138307280716,1.0,0.581123917340807,1.0,0.581123917340807,0.0,0.0
366.72168,1.0,0.581123917340807,82.0,52.88227647801344,1.0,0.581123917340807,1.0,0.581123917340807,0.0,0.0
325.525,1.0,0.581123917340807,82.0,52.88227647801344,1.0,0.581123917340807,1.0,0.581123917340807,0.0,0.0
338.76666,1.0,0.581123917340807,82.0,52.88227647801344,1.0,0.581123917340807,1.0,0.581123917340807,0.0,0.0
340.625,1.0,0.581123917340807,81.0,52.301152560672634,1.0,0.581123917340807,1.0,0.581123917340807,0.0,0.0
341.34833,1.0,0.581123917340807,81.0,52.301152560672634,1.0,0.581123917340807,1.0,0.581123917340807,0.0,0.0
342.02667,1.0,0.581123917340807,82.0,52.88227647801344,1.0,0.581123917340807,1.0,0.581123917340807,0.0,0.0
341.42166,1.0,0.5824239046156003,88.0,59.40723827079123,1.0,0.5824239046156003,1.0,0.5824239046156003,0.0,0.0
341.52667,1.0,0.5824239046156003,88.0,59.40723827079123,1.0,0.5824239046156003,1.0,0.5824239046156003,0.0,0.0
341.53168,1.0,0.5824239046156003,88.0,59.40723827079123,1.0,0.5824239046156003,1.0,0.5824239046156003,0.0,0.0
341.07,1.0,0.5824239046156003,88.0,59.40723827079123,1.0,0.5824239046156003,1.0,0.5824239046156003,0.0,0.0
341.21832,1.0,0.5824239046156003,88.0,59.40723827079123,1.0,0.5824239046156003,1.0,0.5824239046156003,0.0,0.0
340.00165,1.0,0.5824239046156003,88.0,58.82481436617564,1.0,0.5824239046156003,1.0,0.5824239046156003,0.0,0.0
340.905,1.0,0.5824239046156003,88.0,58.82481436617564,1.0,0.5824239046156003,1.0,0.5824239046156003,0.0,0.0
340.98834,1.0,0.5824239046156003,88.0,58.82481436617564,1.0,0.5824239046156003,1.0,0.5824239046156003,0.0,0.0
340.09167,1.0,0.5824239046156003,87.0,58.82481436617564,1.0,0.5824239046156003,1.0,0.5824239046156003,0.0,0.0
339.80835,1.0,0.5824239046156003,88.0,58.242390461560035,1.0,0.5824239046156003,1.0,0.5824239046156003,0.0,0.0
339.47333,1.0,0.5824239046156003,88.0,58.242390461560035,1.0,0.5824239046156003,1.0,0.5824239046156003,0.0,0.0
339.70334,1.0,0.5824239046156003,88.0,58.242390461560035,1.0,0.5824239046156003,1.0,0.5824239046156003,0.0,0.0
339.58334,1.0,0.5824239046156003,88.0,57.65996655694443,1.0,0.5824239046156003,1.0,0.5824239046156003,0.0,0.0
340.035,1.0,0.5824239046156003,87.0,57.65996655694443,1.0,0.5824239046156003,1.0,0.5824239046156003,0.0,0.0
339.98334,1.0,0.5824239046156003,87.0,57.07754265232883,1.0,0.5824239046156003,1.0,0.5824239046156003,0.0,0.0
339.43668,1.0,0.5824239046156003,87.0,57.07754265232883,1.0,0.5824239046156003,1.0,0.5824239046156003,0.0,0.0
339.425,1.0,0.5824239046156003,87.0,57.07754265232883,1.0,0.5824239046156003,1.0,0.5824239046156003,0.0,0.0
339.82,1.0,0.5824239046156003,88.0,57.07754265232883,1.0,0.5824239046156003,1.0,0.5824239046156003,0.0,0.0
340.33,1.0,0.5824239046156003,88.0,57.07754265232883,1.0,0.5824239046156003,1.0,0.5824239046156003,0.0,0.0
340.31668,1.0,0.5824239046156003,88.0,56.495118747713235,1.0,0.5824239046156003,1.0,0.5824239046156003,0.0,0.0
339.18167,1.0,0.5824239046156003,88.0,56.495118747713235,1.0,0.5824239046156003,1.0,0.5824239046156003,0.0,0.0
339.93167,1.0,0.5824239046156003,88.0,56.495118747713235,1.0,0.5824239046156003,1.0,0.5824239046156003,0.0,0.0
339.91168,1.0,0.5824239046156003,88.0,55.91269484309763,1.0,0.5824239046156003,1.0,0.5824239046156003,0.0,0.0
340.925,1.0,0.5824239046156003,88.0,56.495118747713235,1.0,0.5824239046156003,1.0,0.5824239046156003,0.0,0.0
340.53168,1.0,0.5824239046156003,87.0,55.33027093848203,1.0,0.5824239046156003,1.0,0.5824239046156003,0.0,0.0
340.78333,1.0,0.5824239046156003,88.0,55.91269484309763,1.0,0.5824239046156003,1.0,0.5824239046156003,0.0,0.0
341.26,1.0,0.5824239046156003,88.0,55.33027093848203,1.0,0.5824239046156003,1.0,0.5824239046156003,0.0,0.0
341.695,1.0,0.5824239046156003,88.0,55.33027093848203,1.0,0.5824239046156003,1.0,0.5824239046156003,0.0,0.0
342.80667,1.0,0.5824239046156003,88.0,54.747847033866435,1.0,0.5824239046156003,1.0,0.5824239046156003,0.0,0.0
342.73666,1.0,0.5824239046156003,88.0,54.747847033866435,1.0,0.5824239046156003,1.0,0.5824239046156003,0.0,0.0
342.245,1.0,0.5824239046156003,88.0,55.33027093848203,1.0,0.5824239046156003,1.0,0.5824239046156003,0.0,0.0
343.07834,1.0,0.5824239046156003,88.0,54.747847033866435,1.0,0.5824239046156003,1.0,0.5824239046156003,0.0,0.0
343.248,1.0,0.5824239046156003,88.0,54.747847033866435,1.0,0.5824239046156003,1.0,0.5824239046156003,0.0,0.0
342.39334,1.0,0.5824239046156003,88.0,54.747847033866435,1.0,0.5824239046156003,1.0,0.5824239046156003,0.0,0.0
342.10333,1.0,0.5824239046156003,88.0,54.747847033866435,1.0,0.5824239046156003,1.0,0.5824239046156003,0.0,0.0
342.66666,1.0,0.5824239046156003,87.0,54.747847033866435,1.0,0.5824239046156003,1.0,0.5824239046156003,0.0,0.0
342.06,1.0,0.5824239046156003,87.0,54.16542312925083,1.0,0.5824239046156003,1.0,0.5824239046156003,0.0,0.0
341.85834,1.0,0.5824239046156003,87.0,54.16542312925083,1.0,0.5824239046156003,1.0,0.5824239046156003,0.0,0.0
342.645,1.0,0.5824239046156003,87.0,54.747847033866435,1.0,0.5824239046156003,1.0,0.5824239046156003,0.0,0.0
342.39334,1.0,0.5824239046156003,88.0,54.16542312925083,1.0,0.5824239046156003,1.0,0.5824239046156003,0.0,0.0
342.46832,1.0,0.5824239046156003,88.0,54.16542312925083,1.0,0.5824239046156003,1.0,0.5824239046156003,0.0,0.0
342.30667,1.0,0.5824239046156003,88.0,53.58299922463523,1.0,0.5824239046156003,1.0,0.5824239046156003,0.0,0.0
342.89,1.0,0.5824239046156003,88.0,54.16542312925083,1.0,0.5824239046156003,1.0,0.5824239046156003,0.0,0.0
339.03168,1.0,0.5824239046156003,88.0,54.16542312925083,1.0,0.5824239046156003,1.0,0.5824239046156003,0.0,0.0
323.57333,1.0,0.5824239046156003,88.0,53.58299922463523,1.0,0.5824239046156003,1.0,0.5824239046156003,0.0,0.0
323.72,1.0,0.5824239046156003,88.0,53.58299922463523,1.0,0.5824239046156003,1.0,0.5824239046156003,0.0,0.0
323.43332,1.0,0.5824239046156003,88.0,53.58299922463523,1.0,0.5824239046156003,1.0,0.5824239046156003,0.0,0.0
359.13333,1.0,0.5824239046156003,83.0,53.58299922463523,1.0,0.5824239046156003,1.0,0.5824239046156003,0.0,0.0
368.83832,1.0,0.5824239046156003,83.0,53.58299922463523,1.0,0.5824239046156003,1.0,0.5824239046156003,0.0,0.0
368.51334,1.0,0.5824239046156003,83.0,53.00057532001963,1.0,0.5824239046156003,1.0,0.5824239046156003,0.0,0.0
368.015,1.0,0.5824239046156003,83.0,62.90178169848484,1.0,0.5824239046156003,1.0,0.5824239046156003,0.0,0.0
367.49,1.0,0.5824239046156003,83.0,62.90178169848484,1.0,0.5824239046156003,1.0,0.5824239046156003,0.0,0.0
372.99335,1.0,0.5824239046156003,82.0,62.90178169848484,1.0,0.5824239046156003,1.0,0.5824239046156003,0.0,0.0
366.72168,1.0,0.5824239046156003,82.0,53.00057532001963,1.0,0.5824239046156003,1.0,0.5824239046156003,0.0,0.0
325.525,1.0,0.5824239046156003,82.0,53.00057532001963,1.0,0.5824239046156003,1.0,0.5824239046156003,0.0,0.0
338.76666,1.0,0.5824239046156003,82.0,53.00057532001963,1.0,0.5824239046156003,1.0,0.5824239046156003,0.0,0.0
340.625,1.0,0.5824239046156003,81.0,52.41815141540403,1.0,0.5824239046156003,1.0,0.5824239046156003,0.0,0.0
341.34833,1.0,0.5824239046156003,81.0,52.41815141540403,1.0,0.5824239046156003,1.0,0.5824239046156003,0.0,0.0
342.02667,1.0,0.5824239046156003,82.0,53.00057532001963,1.0,0.5824239046156003,1.0,0.5824239046156003,0.0,0.0
381.98666,1.0,0.5824239046156003,82.0,52.41815141540403,1.0,0.5824239046156003,1.0,0.5824239046156003,0.0,0.0
341.52667,1.0,1.3679041922326225,88.0,0.0,1.0,1.3679041922326225,1.0,1.3679041922326225,0.0,0.0
341.53168,1.0,1.3679041922326225,88.0,0.0,1.0,1.3679041922326225,1.0,1.3679041922326225,0.0,0.0
341.07,1.0,1.3679041922326225,88.0,0.0,1.0,1.3679041922326225,1.0,1.3679041922326225,0.0,0.0
341.21832,1.0,1.3679041922326225,88.0,0.0,1.0,1.3679041922326225,1.0,1.3679041922326225,0.0,0.0
340.00165,1.0,1.3679041922326225,88.0,0.0,1.0,1.3679041922326225,1.0,1.3679041922326225,0.0,0.0
340.905,1.0,1.3679041922326225,88.0,0.0,1.0,1.3679041922326225,1.0,1.3679041922326225,0.0,0.0
340.98834,1.0,1.3679041922326225,88.0,0.0,1.0,1.3679041922326225,1.0,1.3679041922326225,0.0,0.0
340.09167,1.0,1.3679041922326225,87.0,0.0,1.0,1.3679041922326225,1.0,1.3679041922326225,0.0,0.0
339.80835,1.0,1.3679041922326225,88.0,0.0,1.0,1.3679041922326225,1.0,1.3679041922326225,0.0,0.0
339.47333,1.0,1.3679041922326225,88.0,0.0,1.0,1.3679041922326225,1.0,1.3679041922326225,0.0,0.0
339.70334,1.0,1.3679041922326225,88.0,0.0,1.0,1.3679041922326225,1.0,1.3679041922326225,0.0,0.0
339.58334,1.0,1.3679041922326225,88.0,0.0,1.0,1.3679041922326225,1.0,1.3679041922326225,0.0,0.0
340.035,1.0,1.3679041922326225,87.0,0.0,1.0,1.3679041922326225,1.0,1.3679041922326225,0.0,0.0
339.98334,1.0,1.3679041922326225,87.0,0.0,1.0,1.3679041922326225,1.0,1.3679041922326225,0.0,0.0
339.43668,1.0,1.3679041922326225,87.0,0.0,1.0,1.3679041922326225,1.0,1.3679041922326225,0.0,0.0
339.425,1.0,1.3679041922326225,87.0,0.0,1.0,1.3679041922326225,1.0,1.3679041922326225,0.0,0.0
339.82,1.0,1.3679041922326225,88.0,0.0,1.0,1.3679041922326225,1.0,1.3679041922326225,0.0,0.0
340.33,1.0,1.3679041922326225,88.0,0.0,1.0,1.3679041922326225,1.0,1.3679041922326225,0.0,0.0
340.31668,1.0,1.3679041922326225,88.0,0.0,1.0,1.3679041922326225,1.0,1.3679041922326225,0.0,0.0
339.18167,1.0,1.3679041922326225,88.0,0.0,1.0,1.3679041922326225,1.0,1.3679041922326225,0.0,0.0
339.93167,1.0,1.3679041922326225,88.0,0.0,1.0,1.3679041922326225,1.0,1.3679041922326225,0.0,0.0
339.91168,1.0,1.3679041922326225,88.0,0.0,1.0,1.3679041922326225,1.0,1.3679041922326225,0.0,0.0
340.925,1.0,1.3679041922326225,88.0,0.0,1.0,1.3679041922326225,1.0,1.3679041922326225,0.0,0.0
340.53168,1.0,1.3679041922326225,87.0,0.0,1.0,1.3679041922326225,1.0,1.3679041922326225,0.0,0.0
340.78333,1.0,1.3679041922326225,88.0,0.0,1.0,1.3679041922326225,1.0,1.3679041922326225,0.0,0.0
341.26,1.0,1.3679041922326225,88.0,0.0,1.0,1.3679041922326225,1.0,1.3679041922326225,0.0,0.0
341.695,1.0,1.3679041922326225,88.0,0.0,1.0,1.3679041922326225,1.0,1.3679041922326225,0.0,0.0
342.80667,1.0,1.3679041922326225,88.0,0.0,1.0,1.3679041922326225,1.0,1.3679041922326225,0.0,0.0
342.73666,1.0,1.3679041922326225,88.0,0.0,1.0,1.3679041922326225,1.0,1.3679041922326225,0.0,0.0
342.245,1.0,1.3679041922326225,88.0,0.0,1.0,1.3679041922326225,1.0,1.3679041922326225,0.0,0.0
343.07834,1.0,1.3679041922326225,88.0,0.0,1.0,1.3679041922326225,1.0,1.3679041922326225,0.0,0.0
343.248,1.0,1.3679041922326225,88.0,0.0,1.0,1.3679041922326225,1.0,1.3679041922326225,0.0,0.0
342.39334,1.0,1.3679041922326225,88.0,0.0,1.0,1.3679041922326225,1.0,1.3679041922326225,0.0,0.0
342.10333,1.0,1.3679041922326225,88.0,0.0,1.0,1.3679041922326225,1.0,1.3679041922326225,0.0,0.0
342.66666,1.0,1.3679041922326225,87.0,0.0,1.0,1.3679041922326225,1.0,1.3679041922326225,0.0,0.0
342.06,1.0,1.3679041922326225,87.0,0.0,1.0,1.3679041922326225,1.0,1.3679041922326225,0.0,0.0
341.85834,1.0,1.3679041922326225,87.0,0.0,1.0,1.3679041922326225,1.0,1.3679041922326225,0.0,0.0
342.645,1.0,1.3679041922326225,87.0,0.0,1.0,1.3679041922326225,1.0,1.3679041922326225,0.0,0.0
342.39334,1.0,1.3679041922326225,88.0,0.0,1.0,1.3679041922326225,1.0,1.3679041922326225,0.0,0.0
342.46832,1.0,1.3679041922326225,88.0,0.0,1.0,1.3679041922326225,1.0,1.3679041922326225,0.0,0.0
342.30667,1.0,1.3679041922326225,88.0,0.0,1.0,1.3679041922326225,1.0,1.3679041922326225,0.0,0.0
342.89,1.0,1.3679041922326225,88.0,0.0,1.0,1.3679041922326225,1.0,1.3679041922326225,0.0,0.0
339.03168,1.0,1.3679041922326225,88.0,0.0,1.0,1.3679041922326225,1.0,1.3679041922326225,0.0,0.0
323.57333,1.0,1.3679041922326225,88.0,0.0,1.0,1.3679041922326225,1.0,1.3679041922326225,0.0,0.0
323.72,1.0,1.3679041922326225,88.0,0.0,1.0,1.3679041922326225,1.0,1.3679041922326225,0.0,0.0
323.43332,1.0,1.3679041922326225,88.0,0.0,1.0,1.3679041922326225,1.0,1.3679041922326225,0.0,0.0
359.13333,1.0,1.3679041922326225,83.0,0.0,1.0,1.3679041922326225,1.0,1.3679041922326225,0.0,0.0
368.83832,1.0,1.3679041922326225,83.0,0.0,1.0,1.3679041922326225,1.0,1.3679041922326225,0.0,0.0
368.51334,1.0,1.3679041922326225,83.0,0.0,1.0,1.3679041922326225,1.0,1.3679041922326225,0.0,0.0
368.015,1.0,1.3679041922326225,83.0,0.0,1.0,1.3679041922326225,1.0,1.3679041922326225,0.0,0.0
367.49,1.0,1.3679041922326225,83.0,0.0,1.0,1.3679041922326225,1.0,1.3679041922326225,0.0,0.0
372.99335,1.0,1.3679041922326225,82.0,0.0,1.0,1.3679041922326225,1.0,1.3679041922326225,0.0,0.0
366.72168,1.0,1.3679041922326225,82.0,0.0,1.0,1.3679041922326225,1.0,1.3679041922326225,0.0,0.0
325.525,1.0,1.3679041922326225,82.0,0.0,1.0,1.3679041922326225,1.0,1.3679041922326225,0.0,0.0
338.76666,1.0,1.3679041922326225,82.0,0.0,1.0,1.3679041922326225,1.0,1.3679041922326225,0.0,0.0
340.625,1.0,1.3679041922326225,81.0,0.0,1.0,1.3679041922326225,1.0,1.3679041922326225,0.0,0.0
341.34833,1.0,1.3679041922326225,81.0,0.0,1.0,1.3679041922326225,1.0,1.3679041922326225,0.0,0.0
342.02667,1.0,1.3679041922326225,82.0,0.0,1.0,1.3679041922326225,1.0,1.3679041922326225,0.0,0.0
381.98666,1.0,1.3679041922326225,82.0,0.0,1.0,1.3679041922326225,1.0,1.3679041922326225,0.0,0.0
559.365,1.0,1.3679041922326225,99.0,0.0,1.0,1.3679041922326225,1.0,1.3679041922326225,0.0,0.0
341.53168,1.0,0.604209756695677,88.0,63.44202445304609,1.0,0.604209756695677,1.0,0.604209756695677,0.0,0.0
341.07,1.0,0.604209756695677,88.0,62.83781469635041,1.0,0.604209756695677,1.0,0.604209756695677,0.0,0.0
341.21832,1.0,0.604209756695677,88.0,63.44202445304609,1.0,0.604209756695677,1.0,0.604209756695677,0.0,0.0
340.00165,1.0,0.604209756695677,88.0,62.83781469635041,1.0,0.604209756695677,1.0,0.604209756695677,0.0,0.0
340.905,1.0,0.604209756695677,88.0,62.83781469635041,1.0,0.604209756695677,1.0,0.604209756695677,0.0,0.0
340.98834,1.0,0.604209756695677,88.0,62.23360493965473,1.0,0.604209756695677,1.0,0.604209756695677,0.0,0.0
340.09167,1.0,0.604209756695677,87.0,62.23360493965473,1.0,0.604209756695677,1.0,0.604209756695677,0.0,0.0
339.80835,1.0,0.604209756695677,88.0,62.23360493965473,1.0,0.604209756695677,1.0,0.604209756695677,0.0,0.0
339.47333,1.0,0.604209756695677,88.0,62.23360493965473,1.0,0.604209756695677,1.0,0.604209756695677,0.0,0.0
339.70334,1.0,0.604209756695677,88.0,61.62939518295905,1.0,0.604209756695677,1.0,0.604209756695677,0.0,0.0
339.58334,1.0,0.604209756695677,88.0,61.62939518295905,1.0,0.604209756695677,1.0,0.604209756695677,0.0,0.0
340.035,1.0,0.604209756695677,87.0,61.62939518295905,1.0,0.604209756695677,1.0,0.604209756695677,0.0,0.0
339.98334,1.0,0.604209756695677,87.0,61.62939518295905,1.0,0.604209756695677,1.0,0.604209756695677,0.0,0.0
339.43668,1.0,0.604209756695677,87.0,61.62939518295905,1.0,0.604209756695677,1.0,0.604209756695677,0.0,0.0
339.425,1.0,0.604209756695677,87.0,61.62939518295905,1.0,0.604209756695677,1.0,0.604209756695677,0.0,0.0
339.82,1.0,0.604209756695677,88.0,61.02518542626338,1.0,0.604209756695677,1.0,0.604209756695677,0.0,0.0
340.33,1.0,0.604209756695677,88.0,61.02518542626338,1.0,0.604209756695677,1.0,0.604209756695677,0.0,0.0
340.31668,1.0,0.604209756695677,88.0,61.02518542626338,1.0,0.604209756695677,1.0,0.604209756695677,0.0,0.0
339.18167,1.0,0.604209756695677,88.0,61.02518542626338,1.0,0.604209756695677,1.0,0.604209756695677,0.0,0.0
339.93167,1.0,0.604209756695677,88.0,60.4209756695677,1.0,0.604209756695677,1.0,0.604209756695677,0.0,0.0
339.91168,1.0,0.604209756695677,88.0,60.4209756695677,1.0,0.604209756695677,1.0,0.604209756695677,0.0,0.0
340.925,1.0,0.604209756695677,88.0,60.4209756695677,1.0,0.604209756695677,1.0,0.604209756695677,0.0,0.0
340.53168,1.0,0.604209756695677,87.0,59.81676591287202,1.0,0.604209756695677,1.0,0.604209756695677,0.0,0.0
340.78333,1.0,0.604209756695677,88.0,59.81676591287202,1.0,0.604209756695677,1.0,0.604209756695677,0.0,0.0
341.26,1.0,0.604209756695677,88.0,59.21255615617635,1.0,0.604209756695677,1.0,0.604209756695677,0.0,0.0
341.695,1.0,0.604209756695677,88.0,59.21255615617635,1.0,0.604209756695677,1.0,0.604209756695677,0.0,0.0
342.80667,1.0,0.604209756695677,88.0,59.21255615617635,1.0,0.604209756695677,1.0,0.604209756695677,0.0,0.0
342.73666,1.0,0.604209756695677,88.0,59.21255615617635,1.0,0.604209756695677,1.0,0.604209756695677,0.0,0.0
342.245,1.0,0.604209756695677,88.0,59.21255615617635,1.0,0.604209756695677,1.0,0.604209756695677,0.0,0.0
343.07834,1.0,0.604209756695677,88.0,58.608346399480666,1.0,0.604209756695677,1.0,0.604209756695677,0.0,0.0
343.248,1.0,0.604209756695677,88.0,58.608346399480666,1.0,0.604209756695677,1.0,0.604209756695677,0.0,0.0
342.39334,1.0,0.604209756695677,88.0,58.608346399480666,1.0,0.604209756695677,1.0,0.604209756695677,0.0,0.0
342.10333,1.0,0.604209756695677,88.0,58.00413664278499,1.0,0.604209756695677,1.0,0.604209756695677,0.0,0.0
342.66666,1.0,0.604209756695677,87.0,58.608346399480666,1.0,0.604209756695677,1.0,0.604209756695677,0.0,0.0
342.06,1.0,0.604209756695677,87.0,57.39992688608932,1.0,0.604209756695677,1.0,0.604209756695677,0.0,0.0
341.85834,1.0,0.604209756695677,87.0,58.00413664278499,1.0,0.604209756695677,1.0,0.604209756695677,0.0,0.0
342.645,1.0,0.604209756695677,87.0,57.39992688608932,1.0,0.604209756695677,1.0,0.604209756695677,0.0,0.0
342.39334,1.0,0.604209756695677,88.0,57.39992688608932,1.0,0.604209756695677,1.0,0.604209756695677,0.0,0.0
342.46832,1.0,0.604209756695677,88.0,56.79571712939364,1.0,0.604209756695677,1.0,0.604209756695677,0.0,0.0
342.30667,1.0,0.604209756695677,88.0,56.79571712939364,1.0,0.604209756695677,1.0,0.604209756695677,0.0,0.0
342.89,1.0,0.604209756695677,88.0,57.39992688608932,1.0,0.604209756695677,1.0,0.604209756695677,0.0,0.0
339.03168,1.0,0.604209756695677,88.0,56.79571712939364,1.0,0.604209756695677,1.0,0.604209756695677,0.0,0.0
323.57333,1.0,0.604209756695677,88.0,56.79571712939364,1.0,0.604209756695677,1.0,0.604209756695677,0.0,0.0
323.72,1.0,0.604209756695677,88.0,56.79571712939364,1.0,0.604209756695677,1.0,0.604209756695677,0.0,0.0
323.43332,1.0,0.604209756695677,88.0,56.79571712939364,1.0,0.604209756695677,1.0,0.604209756695677,0.0,0.0
359.13333,1.0,0.604209756695677,83.0,56.79571712939364,1.0,0.604209756695677,1.0,0.604209756695677,0.0,0.0
368.83832,1.0,0.604209756695677,83.0,56.19150737269796,1.0,0.604209756695677,1.0,0.604209756695677,0.0,0.0
368.51334,1.0,0.604209756695677,83.0,56.19150737269796,1.0,0.604209756695677,1.0,0.604209756695677,0.0,0.0
368.015,1.0,0.604209756695677,83.0,56.79571712939364,1.0,0.604209756695677,1.0,0.604209756695677,0.0,0.0
367.49,1.0,0.604209756695677,83.0,56.19150737269796,1.0,0.604209756695677,1.0,0.604209756695677,0.0,0.0
372.99335,1.0,0.604209756695677,82.0,56.19150737269796,1.0,0.604209756695677,1.0,0.604209756695677,0.0,0.0
366.72168,1.0,0.604209756695677,82.0,55.58729761600228,1.0,0.604209756695677,1.0,0.604209756695677,0.0,0.0
325.525,1.0,0.604209756695677,82.0,56.19150737269796,1.0,0.604209756695677,1.0,0.604209756695677,0.0,0.0
338.76666,1.0,0.604209756695677,82.0,56.19150737269796,1.0,0.604209756695677,1.0,0.604209756695677,0.0,0.0
340.625,1.0,0.604209756695677,81.0,55.58729761600228,1.0,0.604209756695677,1.0,0.604209756695677,0.0,0.0
341.34833,1.0,0.604209756695677,81.0,55.58729761600228,1.0,0.604209756695677,1.0,0.604209756695677,0.0,0.0
342.02667,1.0,0.604209756695677,82.0,55.58729761600228,1.0,0.604209756695677,1.0,0.604209756695677,0.0,0.0
381.98666,1.0,0.604209756695677,82.0,55.58729761600228,1.0,0.604209756695677,1.0,0.604209756695677,0.0,0.0
559.365,1.0,0.604209756695677,99.0,55.58729761600228,1.0,0.604209756695677,1.0,0.604209756695677,0.0,0.0
541.02,1.0,0.604209756695677,99.0,54.98308785930661,1.0,0.604209756695677,1.0,0.604209756695677,0.0,0.0
341.07,1.0,0.6049908383332827,88.0,62.9190471866614,1.0,0.6049908383332827,1.0,0.6049908383332827,0.0,0.0
341.21832,1.0,0.6049908383332827,88.0,63.52403802499468,1.0,0.6049908383332827,1.0,0.6049908383332827,0.0,0.0
340.00165,1.0,0.6049908383332827,88.0,62.9190471866614,1.0,0.6049908383332827,1.0,0.6049908383332827,0.0,0.0
340.905,1.0,0.6049908383332827,88.0,62.9190471866614,1.0,0.6049908383332827,1.0,0.6049908383332827,0.0,0.0
340.98834,1.0,0.6049908383332827,88.0,62.31405634832812,1.0,0.6049908383332827,1.0,0.6049908383332827,0.0,0.0
340.09167,1.0,0.6049908383332827,87.0,62.31405634832812,1.0,0.6049908383332827,1.0,0.6049908383332827,0.0,0.0
339.80835,1.0,0.6049908383332827,88.0,62.31405634832812,1.0,0.6049908383332827,1.0,0.6049908383332827,0.0,0.0
339.47333,1.0,0.6049908383332827,88.0,62.31405634832812,1.0,0.6049908383332827,1.0,0.6049908383332827,0.0,0.0
339.70334,1.0,0.6049908383332827,88.0,61.709065509994836,1.0,0.6049908383332827,1.0,0.6049908383332827,0.0,0.0
339.58334,1.0,0.6049908383332827,88.0,61.709065509994836,1.0,0.6049908383332827,1.0,0.6049908383332827,0.0,0.0
340.035,1.0,0.6049908383332827,87.0,61.709065509994836,1.0,0.6049908383332827,1.0,0.6049908383332827,0.0,0.0
339.98334,1.0,0.6049908383332827,87.0,61.709065509994836,1.0,0.6049908383332827,1.0,0.6049908383332827,0.0,0.0
339.43668,1.0,0.6049908383332827,87.0,61.709065509994836,1.0,0.6049908383332827,1.0,0.6049908383332827,0.0,0.0
339.425,1.0,0.6049908383332827,87.0,61.709065509994836,1.0,0.6049908383332827,1.0,0.6049908383332827,0.0,0.0
339.82,1.0,0.6049908383332827,88.0,61.10407467166155,1.0,0.6049908383332827,1.0,0.6049908383332827,0.0,0.0
340.33,1.0,0.6049908383332827,88.0,61.10407467166155,1.0,0.6049908383332827,1.0,0.6049908383332827,0.0,0.0
340.31668,1.0,0.6049908383332827,88.0,61.10407467166155,1.0,0.6049908383332827,1.0,0.6049908383332827,0.0,0.0
339.18167,1.0,0.6049908383332827,88.0,61.10407467166155,1.0,0.6049908383332827,1.0,0.6049908383332827,0.0,0.0
339.93167,1.0,0.6049908383332827,88.0,60.49908383332827,1.0,0.6049908383332827,1.0,0.6049908383332827,0.0,0.0
339.91168,1.0,0.6049908383332827,88.0,60.49908383332827,1.0,0.6049908383332827,1.0,0.6049908383332827,0.0,0.0
340.925,1.0,0.6049908383332827,88.0,60.49908383332827,1.0,0.6049908383332827,1.0,0.6049908383332827,0.0,0.0
340.53168,1.0,0.6049908383332827,87.0,59.89409299499499,1.0,0.6049908383332827,1.0,0.6049908383332827,0.0,0.0
340.78333,1.0,0.6049908383332827,88.0,59.89409299499499,1.0,0.6049908383332827,1.0,0.6049908383332827,0.0,0.0
341.26,1.0,0.6049908383332827,88.0,59.289102156661706,1.0,0.6049908383332827,1.0,0.6049908383332827,0.0,0.0
341.695,1.0,0.6049908383332827,88.0,59.289102156661706,1.0,0.6049908383332827,1.0,0.6049908383332827,0.0,0.0
342.80667,1.0,0.6049908383332827,88.0,59.289102156661706,1.0,0.6049908383332827,1.0,0.6049908383332827,0.0,0.0
342.73666,1.0,0.6049908383332827,88.0,59.289102156661706,1.0,0.6049908383332827,1.0,0.6049908383332827,0.0,0.0
342.245,1.0,0.6049908383332827,88.0,59.289102156661706,1.0,0.6049908383332827,1.0,0.6049908383332827,0.0,0.0
343.07834,1.0,0.6049908383332827,88.0,58.68411131832842,1.0,0.6049908383332827,1.0,0.6049908383332827,0.0,0.0
343.248,1.0,0.6049908383332827,88.0,58.68411131832842,1.0,0.6049908383332827,1.0,0.6049908383332827,0.0,0.0
342.39334,1.0,0.6049908383332827,88.0,58.68411131832842,1.0,0.6049908383332827,1.0,0.6049908383332827,0.0,0.0
342.10333,1.0,0.6049908383332827,88.0,58.07912047999514,1.0,0.6049908383332827,1.0,0.6049908383332827,0.0,0.0
342.66666,1.0,0.6049908383332827,87.0,58.68411131832842,1.0,0.6049908383332827,1.0,0.6049908383332827,0.0,0.0
342.06,1.0,0.6049908383332827,87.0,57.47412964166186,1.0,0.6049908383332827,1.0,0.6049908383332827,0.0,0.0
341.85834,1.0,0.6049908383332827,87.0,58.07912047999514,1.0,0.6049908383332827,1.0,0.6049908383332827,0.0,0.0
342.645,1.0,0.6049908383332827,87.0,57.47412964166186,1.0,0.6049908383332827,1.0,0.6049908383332827,0.0,0.0
342.39334,1.0,0.6049908383332827,88.0,57.47412964166186,1.0,0.6049908383332827,1.0,0.6049908383332827,0.0,0.0
342.46832,1.0,0.6049908383332827,88.0,56.869138803328575,1.0,0.6049908383332827,1.0,0.6049908383332827,0.0,0.0
342.30667,1.0,0.6049908383332827,88.0,56.869138803328575,1.0,0.6049908383332827,1.0,0.6049908383332827,0.0,0.0
342.89,1.0,0.6049908383332827,88.0,57.47412964166186,1.0,0.6049908383332827,1.0,0.6049908383332827,0.0,0.0
339.03168,1.0,0.6049908383332827,88.0,56.869138803328575,1.0,0.6049908383332827,1.0,0.6049908383332827,0.0,0.0
323.57333,1.0,0.6049908383332827,88.0,56.869138803328575,1.0,0.6049908383332827,1.0,0.6049908383332827,0.0,0.0
323.72,1.0,0.6049908383332827,88.0,56.869138803328575,1.0,0.6049908383332827,1.0,0.6049908383332827,0.0,0.0
323.43332,1.0,0.6049908383332827,88.0,56.869138803328575,1.0,0.6049908383332827,1.0,0.6049908383332827,0.0,0.0
359.13333,1.0,0.6049908383332827,83.0,56.869138803328575,1.0,0.6049908383332827,1.0,0.6049908383332827,0.0,0.0
368.83832,1.0,0.6049908383332827,83.0,56.26414796499529,1.0,0.6049908383332827,1.0,0.6049908383332827,0.0,0.0
368.51334,1.0,0.6049908383332827,83.0,56.26414796499529,1.0,0.6049908383332827,1.0,0.6049908383332827,0.0,0.0
368.015,1.0,0.6049908383332827,83.0,56.869138803328575,1.0,0.6049908383332827,1.0,0.6049908383332827,0.0,0.0
367.49,1.0,0.6049908383332827,83.0,56.26414796499529,1.0,0.6049908383332827,1.0,0.6049908383332827,0.0,0.0
372.99335,1.0,0.6049908383332827,82.0,56.26414796499529,1.0,0.6049908383332827,1.0,0.6049908383332827,0.0,0.0
366.72168,1.0,0.6049908383332827,82.0,55.65915712666201,1.0,0.6049908383332827,1.0,0.6049908383332827,0.0,0.0
325.525,1.0,0.6049908383332827,82.0,56.26414796499529,1.0,0.6049908383332827,1.0,0.6049908383332827,0.0,0.0
338.76666,1.0,0.6049908383332827,82.0,56.26414796499529,1.0,0.6049908383332827,1.0,0.6049908383332827,0.0,0.0
340.625,1.0,0.6049908383332827,81.0,55.65915712666201,1.0,0.6049908383332827,1.0,0.6049908383332827,0.0,0.0
341.34833,1.0,0.6049908383332827,81.0,55.65915712666201,1.0,0.6049908383332827,1.0,0.6049908383332827,0.0,0.0
342.02667,1.0,0.6049908383332827,82.0,55.65915712666201,1.0,0.6049908383332827,1.0,0.6049908383332827,0.0,0.0
381.98666,1.0,0.6049908383332827,82.0,55.65915712666201,1.0,0.6049908383332827,1.0,0.6049908383332827,0.0,0.0
559.365,1.0,0.6049908383332827,99.0,55.65915712666201,1.0,0.6049908383332827,1.0,0.6049908383332827,0.0,0.0
541.02,1.0,0.6049908383332827,99.0,55.05416628832873,1.0,0.6049908383332827,1.0,0.6049908383332827,0.0,0.0
488.41666,1.0,0.6049908383332827,81.0,65.33901053999453,1.0,0.6049908383332827,1.0,0.6049908383332827,0.0,0.0
341.21832,1.0,1.3525509591509677,88.0,0.0,1.0,1.3525509591509677,1.0,1.3525509591509677,0.0,0.0
340.00165,1.0,1.3525509591509677,88.0,0.0,1.0,1.3525509591509677,1.0,1.3525509591509677,0.0,0.0
340.905,1.0,1.3525509591509677,88.0,0.0,1.0,1.3525509591509677,1.0,1.3525509591509677,0.0,0.0
340.98834,1.0,1.3525509591509677,88.0,0.0,1.0,1.3525509591509677,1.0,1.3525509591509677,0.0,0.0
340.09167,1.0,1.3525509591509677,87.0,0.0,1.0,1.3525509591509677,1.0,1.3525509591509677,0.0,0.0
339.80835,1.0,1.3525509591509677,88.0,0.0,1.0,1.3525509591509677,1.0,1.3525509591509677,0.0,0.0
339.47333,1.0,1.3525509591509677,88.0,0.0,1.0,1.3525509591509677,1.0,1.3525509591509677,0.0,0.0
339.70334,1.0,1.3525509591509677,88.0,0.0,1.0,1.3525509591509677,1.0,1.3525509591509677,0.0,0.0
339.58334,1.0,1.3525509591509677,88.0,0.0,1.0,1.3525509591509677,1.0,1.3525509591509677,0.0,0.0
340.035,1.0,1.3525509591509677,87.0,0.0,1.0,1.3525509591509677,1.0,1.3525509591509677,0.0,0.0
339.98334,1.0,1.3525509591509677,87.0,0.0,1.0,1.3525509591509677,1.0,1.3525509591509677,0.0,0.0
339.43668,1.0,1.3525509591509677,87.0,0.0,1.0,1.3525509591509677,1.0,1.3525509591509677,0.0,0.0
339.425,1.0,1.3525509591509677,87.0,0.0,1.0,1.3525509591509677,1.0,1.3525509591509677,0.0,0.0
339.82,1.0,1.3525509591509677,88.0,0.0,1.0,1.3525509591509677,1.0,1.3525509591509677,0.0,0.0
340.33,1.0,1.3525509591509677,88.0,0.0,1.0,1.3525509591509677,1.0,1.3525509591509677,0.0,0.0
340.31668,1.0,1.3525509591509677,88.0,0.0,1.0,1.3525509591509677,1.0,1.3525509591509677,0.0,0.0
339.18167,1.0,1.3525509591509677,88.0,0.0,1.0,1.3525509591509677,1.0,1.3525509591509677,0.0,0.0
339.93167,1.0,1.3525509591509677,88.0,0.0,1.0,1.3525509591509677,1.0,1.3525509591509677,0.0,0.0
339.91168,1.0,1.3525509591509677,88.0,0.0,1.0,1.3525509591509677,1.0,1.3525509591509677,0.0,0.0
340.925,1.0,1.3525509591509677,88.0,0.0,1.0,1.3525509591509677,1.0,1.3525509591509677,0.0,0.0
340.53168,1.0,1.3525509591509677,87.0,0.0,1.0,1.3525509591509677,1.0,1.3525509591509677,0.0,0.0
340.78333,1.0,1.3525509591509677,88.0,0.0,1.0,1.3525509591509677,1.0,1.3525509591509677,0.0,0.0
341.26,1.0,1.3525509591509677,88.0,0.0,1.0,1.3525509591509677,1.0,1.3525509591509677,0.0,0.0
341.695,1.0,1.3525509591509677,88.0,0.0,1.0,1.3525509591509677,1.0,1.3525509591509677,0.0,0.0
342.80667,1.0,1.3525509591509677,88.0,0.0,1.0,1.3525509591509677,1.0,1.3525509591509677,0.0,0.0
342.73666,1.0,1.3525509591509677,88.0,0.0,1.0,1.3525509591509677,1.0,1.3525509591509677,0.0,0.0
342.245,1.0,1.3525509591509677,88.0,0.0,1.0,1.3525509591509677,1.0,1.3525509591509677,0.0,0.0
343.07834,1.0,1.3525509591509677,88.0,0.0,1.0,1.3525509591509677,1.0,1.3525509591509677,0.0,0.0
343.248,1.0,1.3525509591509677,88.0,0.0,1.0,1.3525509591509677,1.0,1.3525509591509677,0.0,0.0
342.39334,1.0,1.3525509591509677,88.0,0.0,1.0,1.3525509591509677,1.0,1.3525509591509677,0.0,0.0
342.10333,1.0,1.3525509591509677,88.0,0.0,1.0,1.3525509591509677,1.0,1.3525509591509677,0.0,0.0
342.66666,1.0,1.3525509591509677,87.0,0.0,1.0,1.3525509591509677,1.0,1.3525509591509677,0.0,0.0
342.06,1.0,1.3525509591509677,87.0,0.0,1.0,1.3525509591509677,1.0,1.3525509591509677,0.0,0.0
341.85834,1.0,1.3525509591509677,87.0,0.0,1.0,1.3525509591509677,1.0,1.3525509591509677,0.0,0.0
342.645,1.0,1.3525509591509677,87.0,0.0,1.0,1.3525509591509677,1.0,1.3525509591509677,0.0,0.0
342.39334,1.0,1.3525509591509677,88.0,0.0,1.0,1.3525509591509677,1.0,1.3525509591509677,0.0,0.0
342.46832,1.0,1.3525509591509677,88.0,0.0,1.0,1.3525509591509677,1.0,1.3525509591509677,0.0,0.0
342.30667,1.0,1.3525509591509677,88.0,0.0,1.0,1.3525509591509677,1.0,1.3525509591509677,0.0,0.0
342.89,1.0,1.3525509591509677,88.0,0.0,1.0,1.3525509591509677,1.0,1.3525509591509677,0.0,0.0
339.03168,1.0,1.3525509591509677,88.0,0.0,1.0,1.3525509591509677,1.0,1.3525509591509677,0.0,0.0
323.57333,1.0,1.3525509591509677,88.0,0.0,1.0,1.3525509591509677,1.0,1.3525509591509677,0.0,0.0
323.72,1.0,1.3525509591509677,88.0,0.0,1.0,1.3525509591509677,1.0,1.3525509591509677,0.0,0.0
323.43332,1.0,1.3525509591509677,88.0,0.0,1.0,1.3525509591509677,1.0,1.3525509591509677,0.0,0.0
359.13333,1.0,1.3525509591509677,83.0,0.0,1.0,1.3525509591509677,1.0,1.3525509591509677,0.0,0.0
368.83832,1.0,1.3525509591509677,83.0,0.0,1.0,1.3525509591509677,1.0,1.3525509591509677,0.0,0.0
368.51334,1.0,1.3525509591509677,83.0,0.0,1.0,1.3525509591509677,1.0,1.3525509591509677,0.0,0.0
368.015,1.0,1.3525509591509677,83.0,0.0,1.0,1.3525509591509677,1.0,1.3525509591509677,0.0,0.0
367.49,1.0,1.3525509591509677,83.0,0.0,1.0,1.3525509591509677,1.0,1.3525509591509677,0.0,0.0
372.99335,1.0,1.3525509591509677,82.0,0.0,1.0,1.3525509591509677,1.0,1.3525509591509677,0.0,0.0
366.72168,1.0,1.3525509591509677,82.0,0.0,1.0,1.3525509591509677,1.0,1.3525509591509677,0.0,0.0
325.525,1.0,1.3525509591509677,82.0,0.0,1.0,1.3525509591509677,1.0,1.3525509591509677,0.0,0.0
338.76666,1.0,1.3525509591509677,82.0,0.0,1.0,1.3525509591509677,1.0,1.3525509591509677,0.0,0.0
340.625,1.0,1.3525509591509677,81.0,0.0,1.0,1.3525509591509677,1.0,1.3525509591509677,0.0,0.0
341.34833,1.0,1.3525509591509677,81.0,0.0,1.0,1.3525509591509677,1.0,1.3525509591509677,0.0,0.0
342.02667,1.0,1.3525509591509677,82.0,0.0,1.0,1.3525509591509677,1.0,1.3525509591509677,0.0,0.0
381.98666,1.0,1.3525509591509677,82.0,0.0,1.0,1.3525509591509677,1.0,1.3525509591509677,0.0,0.0
559.365,1.0,1.3525509591509677,99.0,0.0,1.0,1.3525509591509677,1.0,1.3525509591509677,0.0,0.0
541.02,1.0,1.3525509591509677,99.0,0.0,1.0,1.3525509591509677,1.0,1.3525509591509677,0.0,0.0
488.41666,1.0,1.3525509591509677,81.0,0.0,1.0,1.3525509591509677,1.0,1.3525509591509677,0.0,0.0
339.91,1.0,1.3525509591509677,81.0,0.0,1.0,1.3525509591509677,1.0,1.3525509591509677,0.0,0.0
340.00165,1.0,0.5980184257869501,88.0,62.19391628184281,1.0,0.5980184257869501,1.0,0.5980184257869501,0.0,0.0
340.905,1.0,0.5980184257869501,88.0,61.595897856055856,1.0,0.5980184257869501,1.0,0.5980184257869501,0.0,0.0
340.98834,1.0,0.5980184257869501,88.0,61.595897856055856,1.0,0.5980184257869501,1.0,0.5980184257869501,0.0,0.0
340.09167,1.0,0.5980184257869501,87.0,61.595897856055856,1.0,0.5980184257869501,1.0,0.5980184257869501,0.0,0.0
339.80835,1.0,0.5980184257869501,88.0,61.595897856055856,1.0,0.5980184257869501,1.0,0.5980184257869501,0.0,0.0
339.47333,1.0,0.5980184257869501,88.0,60.99787943026891,1.0,0.5980184257869501,1.0,0.5980184257869501,0.0,0.0
339.70334,1.0,0.5980184257869501,88.0,60.99787943026891,1.0,0.5980184257869501,1.0,0.5980184257869501,0.0,0.0
339.58334,1.0,0.5980184257869501,88.0,60.99787943026891,1.0,0.5980184257869501,1.0,0.5980184257869501,0.0,0.0
340.035,1.0,0.5980184257869501,87.0,60.99787943026891,1.0,0.5980184257869501,1.0,0.5980184257869501,0.0,0.0
339.98334,1.0,0.5980184257869501,87.0,60.99787943026891,1.0,0.5980184257869501,1.0,0.5980184257869501,0.0,0.0
339.43668,1.0,0.5980184257869501,87.0,60.99787943026891,1.0,0.5980184257869501,1.0,0.5980184257869501,0.0,0.0
339.425,1.0,0.5980184257869501,87.0,60.399861004481956,1.0,0.5980184257869501,1.0,0.5980184257869501,0.0,0.0
339.82,1.0,0.5980184257869501,88.0,60.399861004481956,1.0,0.5980184257869501,1.0,0.5980184257869501,0.0,0.0
340.33,1.0,0.5980184257869501,88.0,60.399861004481956,1.0,0.5980184257869501,1.0,0.5980184257869501,0.0,0.0
340.31668,1.0,0.5980184257869501,88.0,60.399861004481956,1.0,0.5980184257869501,1.0,0.5980184257869501,0.0,0.0
339.18167,1.0,0.5980184257869501,88.0,59.80184257869501,1.0,0.5980184257869501,1.0,0.5980184257869501,0.0,0.0
339.93167,1.0,0.5980184257869501,88.0,59.80184257869501,1.0,0.5980184257869501,1.0,0.5980184257869501,0.0,0.0
339.91168,1.0,0.5980184257869501,88.0,59.80184257869501,1.0,0.5980184257869501,1.0,0.5980184257869501,0.0,0.0
340.925,1.0,0.5980184257869501,88.0,59.203824152908055,1.0,0.5980184257869501,1.0,0.5980184257869501,0.0,0.0
340.53168,1.0,0.5980184257869501,87.0,59.203824152908055,1.0,0.5980184257869501,1.0,0.5980184257869501,0.0,0.0
340.78333,1.0,0.5980184257869501,88.0,58.60580572712111,1.0,0.5980184257869501,1.0,0.5980184257869501,0.0,0.0
341.26,1.0,0.5980184257869501,88.0,58.60580572712111,1.0,0.5980184257869501,1.0,0.5980184257869501,0.0,0.0
341.695,1.0,0.5980184257869501,88.0,58.60580572712111,1.0,0.5980184257869501,1.0,0.5980184257869501,0.0,0.0
342.80667,1.0,0.5980184257869501,88.0,58.60580572712111,1.0,0.5980184257869501,1.0,0.5980184257869501,0.0,0.0
342.73666,1.0,0.5980184257869501,88.0,58.60580572712111,1.0,0.5980184257869501,1.0,0.5980184257869501,0.0,0.0
342.245,1.0,0.5980184257869501,88.0,58.007787301334155,1.0,0.5980184257869501,1.0,0.5980184257869501,0.0,0.0
343.07834,1.0,0.5980184257869501,88.0,58.007787301334155,1.0,0.5980184257869501,1.0,0.5980184257869501,0.0,0.0
343.248,1.0,0.5980184257869501,88.0,58.007787301334155,1.0,0.5980184257869501,1.0,0.5980184257869501,0.0,0.0
342.39334,1.0,0.5980184257869501,88.0,57.40976887554721,1.0,0.5980184257869501,1.0,0.5980184257869501,0.0,0.0
342.10333,1.0,0.5980184257869501,88.0,58.007787301334155,1.0,0.5980184257869501,1.0,0.5980184257869501,0.0,0.0
342.66666,1.0,0.5980184257869501,87.0,56.81175044976026,1.0,0.5980184257869501,1.0,0.5980184257869501,0.0,0.0
342.06,1.0,0.5980184257869501,87.0,57.40976887554721,1.0,0.5980184257869501,1.0,0.5980184257869501,0.0,0.0
341.85834,1.0,0.5980184257869501,87.0,56.81175044976026,1.0,0.5980184257869501,1.0,0.5980184257869501,0.0,0.0
342.645,1.0,0.5980184257869501,87.0,56.81175044976026,1.0,0.5980184257869501,1.0,0.5980184257869501,0.0,0.0
342.39334,1.0,0.5980184257869501,88.0,56.21373202397331,1.0,0.5980184257869501,1.0,0.5980184257869501,0.0,0.0
342.46832,1.0,0.5980184257869501,88.0,56.21373202397331,1.0,0.5980184257869501,1.0,0.5980184257869501,0.0,0.0
342.30667,1.0,0.5980184257869501,88.0,56.81175044976026,1.0,0.5980184257869501,1.0,0.5980184257869501,0.0,0.0
342.89,1.0,0.5980184257869501,88.0,56.21373202397331,1.0,0.5980184257869501,1.0,0.5980184257869501,0.0,0.0
339.03168,1.0,0.5980184257869501,88.0,56.21373202397331,1.0,0.5980184257869501,1.0,0.5980184257869501,0.0,0.0
323.57333,1.0,0.5980184257869501,88.0,56.21373202397331,1.0,0.5980184257869501,1.0,0.5980184257869501,0.0,0.0
323.72,1.0,0.5980184257869501,88.0,56.21373202397331,1.0,0.5980184257869501,1.0,0.5980184257869501,0.0,0.0
323.43332,1.0,0.5980184257869501,88.0,56.21373202397331,1.0,0.5980184257869501,1.0,0.5980184257869501,0.0,0.0
359.13333,1.0,0.5980184257869501,83.0,55.61571359818636,1.0,0.5980184257869501,1.0,0.5980184257869501,0.0,0.0
368.83832,1.0,0.5980184257869501,83.0,55.61571359818636,1.0,0.5980184257869501,1.0,0.5980184257869501,0.0,0.0
368.51334,1.0,0.5980184257869501,83.0,56.21373202397331,1.0,0.5980184257869501,1.0,0.5980184257869501,0.0,0.0
368.015,1.0,0.5980184257869501,83.0,55.61571359818636,1.0,0.5980184257869501,1.0,0.5980184257869501,0.0,0.0
367.49,1.0,0.5980184257869501,83.0,55.61571359818636,1.0,0.5980184257869501,1.0,0.5980184257869501,0.0,0.0
372.99335,1.0,0.5980184257869501,82.0,55.01769517239941,1.0,0.5980184257869501,1.0,0.5980184257869501,0.0,0.0
366.72168,1.0,0.5980184257869501,82.0,55.61571359818636,1.0,0.5980184257869501,1.0,0.5980184257869501,0.0,0.0
325.525,1.0,0.5980184257869501,82.0,55.61571359818636,1.0,0.5980184257869501,1.0,0.5980184257869501,0.0,0.0
338.76666,1.0,0.5980184257869501,82.0,55.01769517239941,1.0,0.5980184257869501,1.0,0.5980184257869501,0.0,0.0
340.625,1.0,0.5980184257869501,81.0,55.01769517239941,1.0,0.5980184257869501,1.0,0.5980184257869501,0.0,0.0
341.34833,1.0,0.5980184257869501,81.0,55.01769517239941,1.0,0.5980184257869501,1.0,0.5980184257869501,0.0,0.0
342.02667,1.0,0.5980184257869501,82.0,55.01769517239941,1.0,0.5980184257869501,1.0,0.5980184257869501,0.0,0.0
381.98666,1.0,0.5980184257869501,82.0,55.01769517239941,1.0,0.5980184257869501,1.0,0.5980184257869501,0.0,0.0
559.365,1.0,0.5980184257869501,99.0,54.41967674661246,1.0,0.5980184257869501,1.0,0.5980184257869501,0.0,0.0
541.02,1.0,0.5980184257869501,99.0,64.5859899849906,1.0,0.5980184257869501,1.0,0.5980184257869501,0.0,0.0
488.41666,1.0,0.5980184257869501,81.0,64.5859899849906,1.0,0.5980184257869501,1.0,0.5980184257869501,0.0,0.0
339.91,1.0,0.5980184257869501,81.0,64.5859899849906,1.0,0.5980184257869501,1.0,0.5980184257869501,0.0,0.0
340.47833,1.0,0.5980184257869501,81.0,54.41967674661246,1.0,0.5980184257869501,1.0,0.5980184257869501,0.0,0.0
340.905,1.0,0.5980966440845148,88.0,61.60395434070502,1.0,0.5980966440845148,1.0,0.5980966440845148,0.0,0.0
340.98834,1.0,0.5980966440845148,88.0,61.60395434070502,1.0,0.5980966440845148,1.0,0.5980966440845148,0.0,0.0
340.09167,1.0,0.5980966440845148,87.0,61.60395434070502,1.0,0.5980966440845148,1.0,0.5980966440845148,0.0,0.0
339.80835,1.0,0.5980966440845148,88.0,61.60395434070502,1.0,0.5980966440845148,1.0,0.5980966440845148,0.0,0.0
339.47333,1.0,0.5980966440845148,88.0,61.00585769662051,1.0,0.5980966440845148,1.0,0.5980966440845148,0.0,0.0
339.70334,1.0,0.5980966440845148,88.0,61.00585769662051,1.0,0.5980966440845148,1.0,0.5980966440845148,0.0,0.0
339.58334,1.0,0.5980966440845148,88.0,61.00585769662051,1.0,0.5980966440845148,1.0,0.5980966440845148,0.0,0.0
340.035,1.0,0.5980966440845148,87.0,61.00585769662051,1.0,0.5980966440845148,1.0,0.5980966440845148,0.0,0.0
339.98334,1.0,0.5980966440845148,87.0,61.00585769662051,1.0,0.5980966440845148,1.0,0.5980966440845148,0.0,0.0
339.43668,1.0,0.5980966440845148,87.0,61.00585769662051,1.0,0.5980966440845148,1.0,0.5980966440845148,0.0,0.0
339.425,1.0,0.5980966440845148,87.0,60.407761052535996,1.0,0.5980966440845148,1.0,0.5980966440845148,0.0,0.0
339.82,1.0,0.5980966440845148,88.0,60.407761052535996,1.0,0.5980966440845148,1.0,0.5980966440845148,0.0,0.0
340.33,1.0,0.5980966440845148,88.0,60.407761052535996,1.0,0.5980966440845148,1.0,0.5980966440845148,0.0,0.0
340.31668,1.0,0.5980966440845148,88.0,60.407761052535996,1.0,0.5980966440845148,1.0,0.5980966440845148,0.0,0.0
339.18167,1.0,0.5980966440845148,88.0,59.80966440845148,1.0,0.5980966440845148,1.0,0.5980966440845148,0.0,0.0
339.93167,1.0,0.5980966440845148,88.0,59.80966440845148,1.0,0.5980966440845148,1.0,0.5980966440845148,0.0,0.0
339.91168,1.0,0.5980966440845148,88.0,59.80966440845148,1.0,0.5980966440845148,1.0,0.5980966440845148,0.0,0.0
340.925,1.0,0.5980966440845148,88.0,59.21156776436696,1.0,0.5980966440845148,1.0,0.5980966440845148,0.0,0.0
340.53168,1.0,0.5980966440845148,87.0,59.21156776436696,1.0,0.5980966440845148,1.0,0.5980966440845148,0.0,0.0
340.78333,1.0,0.5980966440845148,88.0,58.61347112028245,1.0,0.5980966440845148,1.0,0.5980966440845148,0.0,0.0
341.26,1.0,0.5980966440845148,88.0,58.61347112028245,1.0,0.5980966440845148,1.0,0.5980966440845148,0.0,0.0
341.695,1.0,0.5980966440845148,88.0,58.61347112028245,1.0,0.5980966440845148,1.0,0.5980966440845148,0.0,0.0
342.80667,1.0,0.5980966440845148,88.0,58.61347112028245,1.0,0.5980966440845148,1.0,0.5980966440845148,0.0,0.0
342.73666,1.0,0.5980966440845148,88.0,58.61347112028245,1.0,0.5980966440845148,1.0,0.5980966440845148,0.0,0.0
342.245,1.0,0.5980966440845148,88.0,58.015374476197934,1.0,0.5980966440845148,1.0,0.5980966440845148,0.0,0.0
343.07834,1.0,0.5980966440845148,88.0,58.015374476197934,1.0,0.5980966440845148,1.0,0.5980966440845148,0.0,0.0
343.248,1.0,0.5980966440845148,88.0,58.015374476197934,1.0,0.5980966440845148,1.0,0.5980966440845148,0.0,0.0
342.39334,1.0,0.5980966440845148,88.0,57.41727783211342,1.0,0.5980966440845148,1.0,0.5980966440845148,0.0,0.0
342.10333,1.0,0.5980966440845148,88.0,58.015374476197934,1.0,0.5980966440845148,1.0,0.5980966440845148,0.0,0.0
342.66666,1.0,0.5980966440845148,87.0,56.81918118802891,1.0,0.5980966440845148,1.0,0.5980966440845148,0.0,0.0
342.06,1.0,0.5980966440845148,87.0,57.41727783211342,1.0,0.5980966440845148,1.0,0.5980966440845148,0.0,0.0
341.85834,1.0,0.5980966440845148,87.0,56.81918118802891,1.0,0.5980966440845148,1.0,0.5980966440845148,0.0,0.0
342.645,1.0,0.5980966440845148,87.0,56.81918118802891,1.0,0.5980966440845148,1.0,0.5980966440845148,0.0,0.0
342.39334,1.0,0.5980966440845148,88.0,56.22108454394439,1.0,0.5980966440845148,1.0,0.5980966440845148,0.0,0.0
342.46832,1.0,0.5980966440845148,88.0,56.22108454394439,1.0,0.5980966440845148,1.0,0.5980966440845148,0.0,0.0
342.30667,1.0,0.5980966440845148,88.0,56.81918118802891,1.0,0.5980966440845148,1.0,0.5980966440845148,0.0,0.0
342.89,1.0,0.5980966440845148,88.0,56.22108454394439,1.0,0.5980966440845148,1.0,0.5980966440845148,0.0,0.0
339.03168,1.0,0.5980966440845148,88.0,56.22108454394439,1.0,0.5980966440845148,1.0,0.5980966440845148,0.0,0.0
323.57333,1.0,0.5980966440845148,88.0,56.22108454394439,1.0,0.5980966440845148,1.0,0.5980966440845148,0.0,0.0
323.72,1.0,0.5980966440845148,88.0,56.22108454394439,1.0,0.5980966440845148,1.0,0.5980966440845148,0.0,0.0
323.43332,1.0,0.5980966440845148,88.0,56.22108454394439,1.0,0.5980966440845148,1.0,0.5980966440845148,0.0,0.0
359.13333,1.0,0.5980966440845148,83.0,55.62298789985988,1.0,0.5980966440845148,1.0,0.5980966440845148,0.0,0.0
368.83832,1.0,0.5980966440845148,83.0,55.62298789985988,1.0,0.5980966440845148,1.0,0.5980966440845148,0.0,0.0
368.51334,1.0,0.5980966440845148,83.0,56.22108454394439,1.0,0.5980966440845148,1.0,0.5980966440845148,0.0,0.0
368.015,1.0,0.5980966440845148,83.0,55.62298789985988,1.0,0.5980966440845148,1.0,0.5980966440845148,0.0,0.0
367.49,1.0,0.5980966440845148,83.0,55.62298789985988,1.0,0.5980966440845148,1.0,0.5980966440845148,0.0,0.0
372.99335,1.0,0.5980966440845148,82.0,55.02489125577536,1.0,0.5980966440845148,1.0,0.5980966440845148,0.0,0.0
366.72168,1.0,0.5980966440845148,82.0,55.62298789985988,1.0,0.5980966440845148,1.0,0.5980966440845148,0.0,0.0
325.525,1.0,0.5980966440845148,82.0,55.62298789985988,1.0,0.5980966440845148,1.0,0.5980966440845148,0.0,0.0
338.76666,1.0,0.5980966440845148,82.0,55.02489125577536,1.0,0.5980966440845148,1.0,0.5980966440845148,0.0,0.0
340.625,1.0,0.5980966440845148,81.0,55.02489125577536,1.0,0.5980966440845148,1.0,0.5980966440845148,0.0,0.0
341.34833,1.0,0.5980966440845148,81.0,55.02489125577536,1.0,0.5980966440845148,1.0,0.5980966440845148,0.0,0.0
342.02667,1.0,0.5980966440845148,82.0,55.02489125577536,1.0,0.5980966440845148,1.0,0.5980966440845148,0.0,0.0
381.98666,1.0,0.5980966440845148,82.0,55.02489125577536,1.0,0.5980966440845148,1.0,0.5980966440845148,0.0,0.0
559.365,1.0,0.5980966440845148,99.0,54.426794611690845,1.0,0.5980966440845148,1.0,0.5980966440845148,0.0,0.0
541.02,1.0,0.5980966440845148,99.0,64.59443756112759,1.0,0.5980966440845148,1.0,0.5980966440845148,0.0,0.0
488.41666,1.0,0.5980966440845148,81.0,64.59443756112759,1.0,0.5980966440845148,1.0,0.5980966440845148,0.0,0.0
339.91,1.0,0.5980966440845148,81.0,64.59443756112759,1.0,0.5980966440845148,1.0,0.5980966440845148,0.0,0.0
340.47833,1.0,0.5980966440845148,81.0,54.426794611690845,1.0,0.5980966440845148,1.0,0.5980966440845148,0.0,0.0
340.79666,1.0,0.5980966440845148,81.0,54.426794611690845,1.0,0.5980966440845148,1.0,0.5980966440845148,0.0,0.0
340.98834,1.0,0.5981101342630915,88.0,61.605343829098416,1.0,0.5981101342630915,1.0,0.5981101342630915,0.0,0.0
340.09167,1.0,0.5981101342630915,87.0,61.605343829098416,1.0,0.5981101342630915,1.0,0.5981101342630915,0.0,0.0
339.80835,1.0,0.5981101342630915,88.0,61.605343829098416,1.0,0.5981101342630915,1.0,0.5981101342630915,0.0,0.0
339.47333,1.0,0.5981101342630915,88.0,61.00723369483533,1.0,0.5981101342630915,1.0,0.5981101342630915,0.0,0.0
339.70334,1.0,0.5981101342630915,88.0,61.00723369483533,1.0,0.5981101342630915,1.0,0.5981101342630915,0.0,0.0
339.58334,1.0,0.5981101342630915,88.0,61.00723369483533,1.0,0.5981101342630915,1.0,0.5981101342630915,0.0,0.0
340.035,1.0,0.5981101342630915,87.0,61.00723369483533,1.0,0.5981101342630915,1.0,0.5981101342630915,0.0,0.0
339.98334,1.0,0.5981101342630915,87.0,61.00723369483533,1.0,0.5981101342630915,1.0,0.5981101342630915,0.0,0.0
339.43668,1.0,0.5981101342630915,87.0,61.00723369483533,1.0,0.5981101342630915,1.0,0.5981101342630915,0.0,0.0
339.425,1.0,0.5981101342630915,87.0,60.40912356057224,1.0,0.5981101342630915,1.0,0.5981101342630915,0.0,0.0
339.82,1.0,0.5981101342630915,88.0,60.40912356057224,1.0,0.5981101342630915,1.0,0.5981101342630915,0.0,0.0
340.33,1.0,0.5981101342630915,88.0,60.40912356057224,1.0,0.5981101342630915,1.0,0.5981101342630915,0.0,0.0
340.31668,1.0,0.5981101342630915,88.0,60.40912356057224,1.0,0.5981101342630915,1.0,0.5981101342630915,0.0,0.0
339.18167,1.0,0.5981101342630915,88.0,59.811013426309145,1.0,0.5981101342630915,1.0,0.5981101342630915,0.0,0.0
339.93167,1.0,0.5981101342630915,88.0,59.811013426309145,1.0,0.5981101342630915,1.0,0.5981101342630915,0.0,0.0
339.91168,1.0,0.5981101342630915,88.0,59.811013426309145,1.0,0.5981101342630915,1.0,0.5981101342630915,0.0,0.0
340.925,1.0,0.5981101342630915,88.0,59.21290329204605,1.0,0.5981101342630915,1.0,0.5981101342630915,0.0,0.0
340.53168,1.0,0.5981101342630915,87.0,59.21290329204605,1.0,0.5981101342630915,1.0,0.5981101342630915,0.0,0.0
340.78333,1.0,0.5981101342630915,88.0,58.61479315778296,1.0,0.5981101342630915,1.0,0.5981101342630915,0.0,0.0
341.26,1.0,0.5981101342630915,88.0,58.61479315778296,1.0,0.5981101342630915,1.0,0.5981101342630915,0.0,0.0
341.695,1.0,0.5981101342630915,88.0,58.61479315778296,1.0,0.5981101342630915,1.0,0.5981101342630915,0.0,0.0
342.80667,1.0,0.5981101342630915,88.0,58.61479315778296,1.0,0.5981101342630915,1.0,0.5981101342630915,0.0,0.0
342.73666,1.0,0.5981101342630915,88.0,58.61479315778296,1.0,0.5981101342630915,1.0,0.5981101342630915,0.0,0.0
342.245,1.0,0.5981101342630915,88.0,58.016683023519874,1.0,0.5981101342630915,1.0,0.5981101342630915,0.0,0.0
343.07834,1.0,0.5981101342630915,88.0,58.016683023519874,1.0,0.5981101342630915,1.0,0.5981101342630915,0.0,0.0
343.248,1.0,0.5981101342630915,88.0,58.016683023519874,1.0,0.5981101342630915,1.0,0.5981101342630915,0.0,0.0
342.39334,1.0,0.5981101342630915,88.0,57.41857288925678,1.0,0.5981101342630915,1.0,0.5981101342630915,0.0,0.0
342.10333,1.0,0.5981101342630915,88.0,58.016683023519874,1.0,0.5981101342630915,1.0,0.5981101342630915,0.0,0.0
342.66666,1.0,0.5981101342630915,87.0,56.820462754993684,1.0,0.5981101342630915,1.0,0.5981101342630915,0.0,0.0
342.06,1.0,0.5981101342630915,87.0,57.41857288925678,1.0,0.5981101342630915,1.0,0.5981101342630915,0.0,0.0
341.85834,1.0,0.5981101342630915,87.0,56.820462754993684,1.0,0.5981101342630915,1.0,0.5981101342630915,0.0,0.0
342.645,1.0,0.5981101342630915,87.0,56.820462754993684,1.0,0.5981101342630915,1.0,0.5981101342630915,0.0,0.0
342.39334,1.0,0.5981101342630915,88.0,56.2223526207306,1.0,0.5981101342630915,1.0,0.5981101342630915,0.0,0.0
342.46832,1.0,0.5981101342630915,88.0,56.2223526207306,1.0,0.5981101342630915,1.0,0.5981101342630915,0.0,0.0
342.30667,1.0,0.5981101342630915,88.0,56.820462754993684,1.0,0.5981101342630915,1.0,0.5981101342630915,0.0,0.0
342.89,1.0,0.5981101342630915,88.0,56.2223526207306,1.0,0.5981101342630915,1.0,0.5981101342630915,0.0,0.0
339.03168,1.0,0.5981101342630915,88.0,56.2223526207306,1.0,0.5981101342630915,1.0,0.5981101342630915,0.0,0.0
323.57333,1.0,0.5981101342630915,88.0,56.2223526207306,1.0,0.5981101342630915,1.0,0.5981101342630915,0.0,0.0
323.72,1.0,0.5981101342630915,88.0,56.2223526207306,1.0,0.5981101342630915,1.0,0.5981101342630915,0.0,0.0
323.43332,1.0,0.5981101342630915,88.0,56.2223526207306,1.0,0.5981101342630915,1.0,0.5981101342630915,0.0,0.0
359.13333,1.0,0.5981101342630915,83.0,55.62424248646751,1.0,0.5981101342630915,1.0,0.5981101342630915,0.0,0.0
368.83832,1.0,0.5981101342630915,83.0,55.62424248646751,1.0,0.5981101342630915,1.0,0.5981101342630915,0.0,0.0
368.51334,1.0,0.5981101342630915,83.0,56.2223526207306,1.0,0.5981101342630915,1.0,0.5981101342630915,0.0,0.0
368.015,1.0,0.5981101342630915,83.0,55.62424248646751,1.0,0.5981101342630915,1.0,0.5981101342630915,0.0,0.0
367.49,1.0,0.5981101342630915,83.0,55.62424248646751,1.0,0.5981101342630915,1.0,0.5981101342630915,0.0,0.0
372.99335,1.0,0.5981101342630915,82.0,55.026132352204414,1.0,0.5981101342630915,1.0,0.5981101342630915,0.0,0.0
366.72168,1.0,0.5981101342630915,82.0,55.62424248646751,1.0,0.5981101342630915,1.0,0.5981101342630915,0.0,0.0
325.525,1.0,0.5981101342630915,82.0,55.62424248646751,1.0,0.5981101342630915,1.0,0.5981101342630915,0.0,0.0
338.76666,1.0,0.5981101342630915,82.0,55.026132352204414,1.0,0.5981101342630915,1.0,0.5981101342630915,0.0,0.0
340.625,1.0,0.5981101342630915,81.0,55.026132352204414,1.0,0.5981101342630915,1.0,0.5981101342630915,0.0,0.0
341.34833,1.0,0.5981101342630915,81.0,55.026132352204414,1.0,0.5981101342630915,1.0,0.5981101342630915,0.0,0.0
342.02667,1.0,0.5981101342630915,82.0,55.026132352204414,1.0,0.5981101342630915,1.0,0.5981101342630915,0.0,0.0
381.98666,1.0,0.5981101342630915,82.0,55.026132352204414,1.0,0.5981101342630915,1.0,0.5981101342630915,0.0,0.0
559.365,1.0,0.5981101342630915,99.0,54.42802221794132,1.0,0.5981101342630915,1.0,0.5981101342630915,0.0,0.0
541.02,1.0,0.5981101342630915,99.0,64.59589450041388,1.0,0.5981101342630915,1.0,0.5981101342630915,0.0,0.0
488.41666,1.0,0.5981101342630915,81.0,64.59589450041388,1.0,0.5981101342630915,1.0,0.5981101342630915,0.0,0.0
339.91,1.0,0.5981101342630915,81.0,64.59589450041388,1.0,0.5981101342630915,1.0,0.5981101342630915,0.0,0.0
340.47833,1.0,0.5981101342630915,81.0,54.42802221794132,1.0,0.5981101342630915,1.0,0.5981101342630915,0.0,0.0
340.79666,1.0,0.5981101342630915,81.0,54.42802221794132,1.0,0.5981101342630915,1.0,0.5981101342630915,0.0,0.0
341.37,1.0,0.5981101342630915,81.0,54.42802221794132,1.0,0.5981101342630915,1.0,0.5981101342630915,0.0,0.0
340.09167,1.0,0.5980724226555969,87.0,61.60145953352648,1.0,0.5980724226555969,1.0,0.5980724226555969,0.0,0.0
339.80835,1.0,0.5980724226555969,88.0,61.60145953352648,1.0,0.5980724226555969,1.0,0.5980724226555969,0.0,0.0
339.47333,1.0,0.5980724226555969,88.0,61.00338711087088,1.0,0.5980724226555969,1.0,0.5980724226555969,0.0,0.0
339.70334,1.0,0.5980724226555969,88.0,61.00338711087088,1.0,0.5980724226555969,1.0,0.5980724226555969,0.0,0.0
339.58334,1.0,0.5980724226555969,88.0,61.00338711087088,1.0,0.5980724226555969,1.0,0.5980724226555969,0.0,0.0
340.035,1.0,0.5980724226555969,87.0,61.00338711087088,1.0,0.5980724226555969,1.0,0.5980724226555969,0.0,0.0
339.98334,1.0,0.5980724226555969,87.0,61.00338711087088,1.0,0.5980724226555969,1.0,0.5980724226555969,0.0,0.0
339.43668,1.0,0.5980724226555969,87.0,61.00338711087088,1.0,0.5980724226555969,1.0,0.5980724226555969,0.0,0.0
339.425,1.0,0.5980724226555969,87.0,60.405314688215284,1.0,0.5980724226555969,1.0,0.5980724226555969,0.0,0.0
339.82,1.0,0.5980724226555969,88.0,60.405314688215284,1.0,0.5980724226555969,1.0,0.5980724226555969,0.0,0.0
340.33,1.0,0.5980724226555969,88.0,60.405314688215284,1.0,0.5980724226555969,1.0,0.5980724226555969,0.0,0.0
340.31668,1.0,0.5980724226555969,88.0,60.405314688215284,1.0,0.5980724226555969,1.0,0.5980724226555969,0.0,0.0
339.18167,1.0,0.5980724226555969,88.0,59.807242265559694,1.0,0.5980724226555969,1.0,0.5980724226555969,0.0,0.0
339.93167,1.0,0.5980724226555969,88.0,59.807242265559694,1.0,0.5980724226555969,1.0,0.5980724226555969,0.0,0.0
339.91168,1.0,0.5980724226555969,88.0,59.807242265559694,1.0,0.5980724226555969,1.0,0.5980724226555969,0.0,0.0
340.925,1.0,0.5980724226555969,88.0,59.209169842904096,1.0,0.5980724226555969,1.0,0.5980724226555969,0.0,0.0
340.53168,1.0,0.5980724226555969,87.0,59.209169842904096,1.0,0.5980724226555969,1.0,0.5980724226555969,0.0,0.0
340.78333,1.0,0.5980724226555969,88.0,58.6110974202485,1.0,0.5980724226555969,1.0,0.5980724226555969,0.0,0.0
341.26,1.0,0.5980724226555969,88.0,58.6110974202485,1.0,0.5980724226555969,1.0,0.5980724226555969,0.0,0.0
341.695,1.0,0.5980724226555969,88.0,58.6110974202485,1.0,0.5980724226555969,1.0,0.5980724226555969,0.0,0.0
342.80667,1.0,0.5980724226555969,88.0,58.6110974202485,1.0,0.5980724226555969,1.0,0.5980724226555969,0.0,0.0
342.73666,1.0,0.5980724226555969,88.0,58.6110974202485,1.0,0.5980724226555969,1.0,0.5980724226555969,0.0,0.0
342.245,1.0,0.5980724226555969,88.0,58.0130249975929,1.0,0.5980724226555969,1.0,0.5980724226555969,0.0,0.0
343.07834,1.0,0.5980724226555969,88.0,58.0130249975929,1.0,0.5980724226555969,1.0,0.5980724226555969,0.0,0.0
343.248,1.0,0.5980724226555969,88.0,58.0130249975929,1.0,0.5980724226555969,1.0,0.5980724226555969,0.0,0.0
342.39334,1.0,0.5980724226555969,88.0,57.4149525749373,1.0,0.5980724226555969,1.0,0.5980724226555969,0.0,0.0
342.10333,1.0,0.5980724226555969,88.0,58.0130249975929,1.0,0.5980724226555969,1.0,0.5980724226555969,0.0,0.0
342.66666,1.0,0.5980724226555969,87.0,56.816880152281705,1.0,0.5980724226555969,1.0,0.5980724226555969,0.0,0.0
342.06,1.0,0.5980724226555969,87.0,57.4149525749373,1.0,0.5980724226555969,1.0,0.5980724226555969,0.0,0.0
341.85834,1.0,0.5980724226555969,87.0,56.816880152281705,1.0,0.5980724226555969,1.0,0.5980724226555969,0.0,0.0
342.645,1.0,0.5980724226555969,87.0,56.816880152281705,1.0,0.5980724226555969,1.0,0.5980724226555969,0.0,0.0
342.39334,1.0,0.5980724226555969,88.0,56.21880772962611,1.0,0.5980724226555969,1.0,0.5980724226555969,0.0,0.0
342.46832,1.0,0.5980724226555969,88.0,56.21880772962611,1.0,0.5980724226555969,1.0,0.5980724226555969,0.0,0.0
342.30667,1.0,0.5980724226555969,88.0,56.816880152281705,1.0,0.5980724226555969,1.0,0.5980724226555969,0.0,0.0
342.89,1.0,0.5980724226555969,88.0,56.21880772962611,1.0,0.5980724226555969,1.0,0.5980724226555969,0.0,0.0
339.03168,1.0,0.5980724226555969,88.0,56.21880772962611,1.0,0.5980724226555969,1.0,0.5980724226555969,0.0,0.0
323.57333,1.0,0.5980724226555969,88.0,56.21880772962611,1.0,0.5980724226555969,1.0,0.5980724226555969,0.0,0.0
323.72,1.0,0.5980724226555969,88.0,56.21880772962611,1.0,0.5980724226555969,1.0,0.5980724226555969,0.0,0.0
323.43332,1.0,0.5980724226555969,88.0,56.21880772962611,1.0,0.5980724226555969,1.0,0.5980724226555969,0.0,0.0
359.13333,1.0,0.5980724226555969,83.0,55.62073530697051,1.0,0.5980724226555969,1.0,0.5980724226555969,0.0,0.0
368.83832,1.0,0.5980724226555969,83.0,55.62073530697051,1.0,0.5980724226555969,1.0,0.5980724226555969,0.0,0.0
368.51334,1.0,0.5980724226555969,83.0,56.21880772962611,1.0,0.5980724226555969,1.0,0.5980724226555969,0.0,0.0
368.015,1.0,0.5980724226555969,83.0,55.62073530697051,1.0,0.5980724226555969,1.0,0.5980724226555969,0.0,0.0
367.49,1.0,0.5980724226555969,83.0,55.62073530697051,1.0,0.5980724226555969,1.0,0.5980724226555969,0.0,0.0
372.99335,1.0,0.5980724226555969,82.0,55.02266288431491,1.0,0.5980724226555969,1.0,0.5980724226555969,0.0,0.0
366.72168,1.0,0.5980724226555969,82.0,55.62073530697051,1.0,0.5980724226555969,1.0,0.5980724226555969,0.0,0.0
325.525,1.0,0.5980724226555969,82.0,55.62073530697051,1.0,0.5980724226555969,1.0,0.5980724226555969,0.0,0.0
338.76666,1.0,0.5980724226555969,82.0,55.02266288431491,1.0,0.5980724226555969,1.0,0.5980724226555969,0.0,0.0
340.625,1.0,0.5980724226555969,81.0,55.02266288431491,1.0,0.5980724226555969,1.0,0.5980724226555969,0.0,0.0
341.34833,1.0,0.5980724226555969,81.0,55.02266288431491,1.0,0.5980724226555969,1.0,0.5980724226555969,0.0,0.0
342.02667,1.0,0.5980724226555969,82.0,55.02266288431491,1.0,0.5980724226555969,1.0,0.5980724226555969,0.0,0.0
381.98666,1.0,0.5980724226555969,82.0,55.02266288431491,1.0,0.5980724226555969,1.0,0.5980724226555969,0.0,0.0
559.365,1.0,0.5980724226555969,99.0,54.42459046165932,1.0,0.5980724226555969,1.0,0.5980724226555969,0.0,0.0
541.02,1.0,0.5980724226555969,99.0,64.59182164680446,1.0,0.5980724226555969,1.0,0.5980724226555969,0.0,0.0
488.41666,1.0,0.5980724226555969,81.0,64.59182164680446,1.0,0.5980724226555969,1.0,0.5980724226555969,0.0,0.0
339.91,1.0,0.5980724226555969,81.0,64.59182164680446,1.0,0.5980724226555969,1.0,0.5980724226555969,0.0,0.0
340.47833,1.0,0.5980724226555969,81.0,54.42459046165932,1.0,0.5980724226555969,1.0,0.5980724226555969,0.0,0.0
340.79666,1.0,0.5980724226555969,81.0,54.42459046165932,1.0,0.5980724226555969,1.0,0.5980724226555969,0.0,0.0
341.37,1.0,0.5980724226555969,81.0,54.42459046165932,1.0,0.5980724226555969,1.0,0.5980724226555969,0.0,0.0
341.42166,1.0,0.5980724226555969,80.0,53.82651803900372,1.0,0.5980724226555969,1.0,0.5980724226555969,0.0,0.0
339.80835,1.0,0.5981698789782159,88.0,61.61149753475624,1.0,0.5981698789782159,1.0,0.5981698789782159,0.0,0.0
339.47333,1.0,0.5981698789782159,88.0,61.01332765577803,1.0,0.5981698789782159,1.0,0.5981698789782159,0.0,0.0
339.70334,1.0,0.5981698789782159,88.0,61.01332765577803,1.0,0.5981698789782159,1.0,0.5981698789782159,0.0,0.0
339.58334,1.0,0.5981698789782159,88.0,61.01332765577803,1.0,0.5981698789782159,1.0,0.5981698789782159,0.0,0.0
340.035,1.0,0.5981698789782159,87.0,61.01332765577803,1.0,0.5981698789782159,1.0,0.5981698789782159,0.0,0.0
339.98334,1.0,0.5981698789782159,87.0,61.01332765577803,1.0,0.5981698789782159,1.0,0.5981698789782159,0.0,0.0
339.43668,1.0,0.5981698789782159,87.0,61.01332765577803,1.0,0.5981698789782159,1.0,0.5981698789782159,0.0,0.0
339.425,1.0,0.5981698789782159,87.0,60.41515777679981,1.0,0.5981698789782159,1.0,0.5981698789782159,0.0,0.0
339.82,1.0,0.5981698789782159,88.0,60.41515777679981,1.0,0.5981698789782159,1.0,0.5981698789782159,0.0,0.0
340.33,1.0,0.5981698789782159,88.0,60.41515777679981,1.0,0.5981698789782159,1.0,0.5981698789782159,0.0,0.0
340.31668,1.0,0.5981698789782159,88.0,60.41515777679981,1.0,0.5981698789782159,1.0,0.5981698789782159,0.0,0.0
339.18167,1.0,0.5981698789782159,88.0,59.81698789782159,1.0,0.5981698789782159,1.0,0.5981698789782159,0.0,0.0
339.93167,1.0,0.5981698789782159,88.0,59.81698789782159,1.0,0.5981698789782159,1.0,0.5981698789782159,0.0,0.0
339.91168,1.0,0.5981698789782159,88.0,59.81698789782159,1.0,0.5981698789782159,1.0,0.5981698789782159,0.0,0.0
340.925,1.0,0.5981698789782159,88.0,59.21881801884338,1.0,0.5981698789782159,1.0,0.5981698789782159,0.0,0.0
340.53168,1.0,0.5981698789782159,87.0,59.21881801884338,1.0,0.5981698789782159,1.0,0.5981698789782159,0.0,0.0
340.78333,1.0,0.5981698789782159,88.0,58.62064813986516,1.0,0.5981698789782159,1.0,0.5981698789782159,0.0,0.0
341.26,1.0,0.5981698789782159,88.0,58.62064813986516,1.0,0.5981698789782159,1.0,0.5981698789782159,0.0,0.0
341.695,1.0,0.5981698789782159,88.0,58.62064813986516,1.0,0.5981698789782159,1.0,0.5981698789782159,0.0,0.0
342.80667,1.0,0.5981698789782159,88.0,58.62064813986516,1.0,0.5981698789782159,1.0,0.5981698789782159,0.0,0.0
342.73666,1.0,0.5981698789782159,88.0,58.62064813986516,1.0,0.5981698789782159,1.0,0.5981698789782159,0.0,0.0
342.245,1.0,0.5981698789782159,88.0,58.02247826088695,1.0,0.5981698789782159,1.0,0.5981698789782159,0.0,0.0
343.07834,1.0,0.5981698789782159,88.0,58.02247826088695,1.0,0.5981698789782159,1.0,0.5981698789782159,0.0,0.0
343.248,1.0,0.5981698789782159,88.0,58.02247826088695,1.0,0.5981698789782159,1.0,0.5981698789782159,0.0,0.0
342.39334,1.0,0.5981698789782159,88.0,57.42430838190873,1.0,0.5981698789782159,1.0,0.5981698789782159,0.0,0.0
342.10333,1.0,0.5981698789782159,88.0,58.02247826088695,1.0,0.5981698789782159,1.0,0.5981698789782159,0.0,0.0
342.66666,1.0,0.5981698789782159,87.0,56.82613850293051,1.0,0.5981698789782159,1.0,0.5981698789782159,0.0,0.0
342.06,1.0,0.5981698789782159,87.0,57.42430838190873,1.0,0.5981698789782159,1.0,0.5981698789782159,0.0,0.0
341.85834,1.0,0.5981698789782159,87.0,56.82613850293051,1.0,0.5981698789782159,1.0,0.5981698789782159,0.0,0.0
342.645,1.0,0.5981698789782159,87.0,56.82613850293051,1.0,0.5981698789782159,1.0,0.5981698789782159,0.0,0.0
342.39334,1.0,0.5981698789782159,88.0,56.2279686239523,1.0,0.5981698789782159,1.0,0.5981698789782159,0.0,0.0
342.46832,1.0,0.5981698789782159,88.0,56.2279686239523,1.0,0.5981698789782159,1.0,0.5981698789782159,0.0,0.0
342.30667,1.0,0.5981698789782159,88.0,56.82613850293051,1.0,0.5981698789782159,1.0,0.5981698789782159,0.0,0.0
342.89,1.0,0.5981698789782159,88.0,56.2279686239523,1.0,0.5981698789782159,1.0,0.5981698789782159,0.0,0.0
339.03168,1.0,0.5981698789782159,88.0,56.2279686239523,1.0,0.5981698789782159,1.0,0.5981698789782159,0.0,0.0
323.57333,1.0,0.5981698789782159,88.0,56.2279686239523,1.0,0.5981698789782159,1.0,0.5981698789782159,0.0,0.0
323.72,1.0,0.5981698789782159,88.0,56.2279686239523,1.0,0.5981698789782159,1.0,0.5981698789782159,0.0,0.0
323.43332,1.0,0.5981698789782159,88.0,56.2279686239523,1.0,0.5981698789782159,1.0,0.5981698789782159,0.0,0.0
359.13333,1.0,0.5981698789782159,83.0,55.62979874497408,1.0,0.5981698789782159,1.0,0.5981698789782159,0.0,0.0
368.83832,1.0,0.5981698789782159,83.0,55.62979874497408,1.0,0.5981698789782159,1.0,0.5981698789782159,0.0,0.0
368.51334,1.0,0.5981698789782159,83.0,56.2279686239523,1.0,0.5981698789782159,1.0,0.5981698789782159,0.0,0.0
368.015,1.0,0.5981698789782159,83.0,55.62979874497408,1.0,0.5981698789782159,1.0,0.5981698789782159,0.0,0.0
367.49,1.0,0.5981698789782159,83.0,55.62979874497408,1.0,0.5981698789782159,1.0,0.5981698789782159,0.0,0.0
372.99335,1.0,0.5981698789782159,82.0,55.03162886599587,1.0,0.5981698789782159,1.0,0.5981698789782159,0.0,0.0
366.72168,1.0,0.5981698789782159,82.0,55.62979874497408,1.0,0.5981698789782159,1.0,0.5981698789782159,0.0,0.0
325.525,1.0,0.5981698789782159,82.0,55.62979874497408,1.0,0.5981698789782159,1.0,0.5981698789782159,0.0,0.0
338.76666,1.0,0.5981698789782159,82.0,55.03162886599587,1.0,0.5981698789782159,1.0,0.5981698789782159,0.0,0.0
340.625,1.0,0.5981698789782159,81.0,55.03162886599587,1.0,0.5981698789782159,1.0,0.5981698789782159,0.0,0.0
341.34833,1.0,0.5981698789782159,81.0,55.03162886599587,1.0,0.5981698789782159,1.0,0.5981698789782159,0.0,0.0
342.02667,1.0,0.5981698789782159,82.0,55.03162886599587,1.0,0.5981698789782159,1.0,0.5981698789782159,0.0,0.0
381.98666,1.0,0.5981698789782159,82.0,55.03162886599587,1.0,0.5981698789782159,1.0,0.5981698789782159,0.0,0.0
559.365,1.0,0.5981698789782159,99.0,54.43345898701765,1.0,0.5981698789782159,1.0,0.5981698789782159,0.0,0.0
541.02,1.0,0.5981698789782159,99.0,64.60234692964733,1.0,0.5981698789782159,1.0,0.5981698789782159,0.0,0.0
488.41666,1.0,0.5981698789782159,81.0,64.60234692964733,1.0,0.5981698789782159,1.0,0.5981698789782159,0.0,0.0
339.91,1.0,0.5981698789782159,81.0,64.60234692964733,1.0,0.5981698789782159,1.0,0.5981698789782159,0.0,0.0
340.47833,1.0,0.5981698789782159,81.0,54.43345898701765,1.0,0.5981698789782159,1.0,0.5981698789782159,0.0,0.0
340.79666,1.0,0.5981698789782159,81.0,54.43345898701765,1.0,0.5981698789782159,1.0,0.5981698789782159,0.0,0.0
341.37,1.0,0.5981698789782159,81.0,54.43345898701765,1.0,0.5981698789782159,1.0,0.5981698789782159,0.0,0.0
341.42166,1.0,0.5981698789782159,80.0,53.83528910803943,1.0,0.5981698789782159,1.0,0.5981698789782159,0.0,0.0
342.06833,1.0,0.5981698789782159,81.0,53.83528910803943,1.0,0.5981698789782159,1.0,0.5981698789782159,0.0,0.0
339.47333,1.0,0.5982903519715443,88.0,61.025615901097524,1.0,0.5982903519715443,1.0,0.5982903519715443,0.0,0.0
339.70334,1.0,0.5982903519715443,88.0,61.025615901097524,1.0,0.5982903519715443,1.0,0.5982903519715443,0.0,0.0
339.58334,1.0,0.5982903519715443,88.0,61.025615901097524,1.0,0.5982903519715443,1.0,0.5982903519715443,0.0,0.0
340.035,1.0,0.5982903519715443,87.0,61.025615901097524,1.0,0.5982903519715443,1.0,0.5982903519715443,0.0,0.0
339.98334,1.0,0.5982903519715443,87.0,61.025615901097524,1.0,0.5982903519715443,1.0,0.5982903519715443,0.0,0.0
339.43668,1.0,0.5982903519715443,87.0,61.025615901097524,1.0,0.5982903519715443,1.0,0.5982903519715443,0.0,0.0
339.425,1.0,0.5982903519715443,87.0,60.42732554912598,1.0,0.5982903519715443,1.0,0.5982903519715443,0.0,0.0
339.82,1.0,0.5982903519715443,88.0,60.42732554912598,1.0,0.5982903519715443,1.0,0.5982903519715443,0.0,0.0
340.33,1.0,0.5982903519715443,88.0,60.42732554912598,1.0,0.5982903519715443,1.0,0.5982903519715443,0.0,0.0
340.31668,1.0,0.5982903519715443,88.0,60.42732554912598,1.0,0.5982903519715443,1.0,0.5982903519715443,0.0,0.0
339.18167,1.0,0.5982903519715443,88.0,59.82903519715443,1.0,0.5982903519715443,1.0,0.5982903519715443,0.0,0.0
339.93167,1.0,0.5982903519715443,88.0,59.82903519715443,1.0,0.5982903519715443,1.0,0.5982903519715443,0.0,0.0
339.91168,1.0,0.5982903519715443,88.0,59.82903519715443,1.0,0.5982903519715443,1.0,0.5982903519715443,0.0,0.0
340.925,1.0,0.5982903519715443,88.0,59.23074484518289,1.0,0.5982903519715443,1.0,0.5982903519715443,0.0,0.0
340.53168,1.0,0.5982903519715443,87.0,59.23074484518289,1.0,0.5982903519715443,1.0,0.5982903519715443,0.0,0.0
340.78333,1.0,0.5982903519715443,88.0,58.63245449321135,1.0,0.5982903519715443,1.0,0.5982903519715443,0.0,0.0
341.26,1.0,0.5982903519715443,88.0,58.63245449321135,1.0,0.5982903519715443,1.0,0.5982903519715443,0.0,0.0
341.695,1.0,0.5982903519715443,88.0,58.63245449321135,1.0,0.5982903519715443,1.0,0.5982903519715443,0.0,0.0
342.80667,1.0,0.5982903519715443,88.0,58.63245449321135,1.0,0.5982903519715443,1.0,0.5982903519715443,0.0,0.0
342.73666,1.0,0.5982903519715443,88.0,58.63245449321135,1.0,0.5982903519715443,1.0,0.5982903519715443,0.0,0.0
342.245,1.0,0.5982903519715443,88.0,58.0341641412398,1.0,0.5982903519715443,1.0,0.5982903519715443,0.0,0.0
343.07834,1.0,0.5982903519715443,88.0,58.0341641412398,1.0,0.5982903519715443,1.0,0.5982903519715443,0.0,0.0
343.248,1.0,0.5982903519715443,88.0,58.0341641412398,1.0,0.5982903519715443,1.0,0.5982903519715443,0.0,0.0
342.39334,1.0,0.5982903519715443,88.0,57.43587378926826,1.0,0.5982903519715443,1.0,0.5982903519715443,0.0,0.0
342.10333,1.0,0.5982903519715443,88.0,58.0341641412398,1.0,0.5982903519715443,1.0,0.5982903519715443,0.0,0.0
342.66666,1.0,0.5982903519715443,87.0,56.837583437296715,1.0,0.5982903519715443,1.0,0.5982903519715443,0.0,0.0
342.06,1.0,0.5982903519715443,87.0,57.43587378926826,1.0,0.5982903519715443,1.0,0.5982903519715443,0.0,0.0
341.85834,1.0,0.5982903519715443,87.0,56.837583437296715,1.0,0.5982903519715443,1.0,0.5982903519715443,0.0,0.0
342.645,1.0,0.5982903519715443,87.0,56.837583437296715,1.0,0.5982903519715443,1.0,0.5982903519715443,0.0,0.0
342.39334,1.0,0.5982903519715443,88.0,56.239293085325166,1.0,0.5982903519715443,1.0,0.5982903519715443,0.0,0.0
342.46832,1.0,0.5982903519715443,88.0,56.239293085325166,1.0,0.5982903519715443,1.0,0.5982903519715443,0.0,0.0
342.30667,1.0,0.5982903519715443,88.0,56.837583437296715,1.0,0.5982903519715443,1.0,0.5982903519715443,0.0,0.0
342.89,1.0,0.5982903519715443,88.0,56.239293085325166,1.0,0.5982903519715443,1.0,0.5982903519715443,0.0,0.0
339.03168,1.0,0.5982903519715443,88.0,56.239293085325166,1.0,0.5982903519715443,1.0,0.5982903519715443,0.0,0.0
323.57333,1.0,0.5982903519715443,88.0,56.239293085325166,1.0,0.5982903519715443,1.0,0.5982903519715443,0.0,0.0
323.72,1.0,0.5982903519715443,88.0,56.239293085325166,1.0,0.5982903519715443,1.0,0.5982903519715443,0.0,0.0
323.43332,1.0,0.5982903519715443,88.0,56.239293085325166,1.0,0.5982903519715443,1.0,0.5982903519715443,0.0,0.0
359.13333,1.0,0.5982903519715443,83.0,55.64100273335362,1.0,0.5982903519715443,1.0,0.5982903519715443,0.0,0.0
368.83832,1.0,0.5982903519715443,83.0,55.64100273335362,1.0,0.5982903519715443,1.0,0.5982903519715443,0.0,0.0
368.51334,1.0,0.5982903519715443,83.0,56.239293085325166,1.0,0.5982903519715443,1.0,0.5982903519715443,0.0,0.0
368.015,1.0,0.5982903519715443,83.0,55.64100273335362,1.0,0.5982903519715443,1.0,0.5982903519715443,0.0,0.0
367.49,1.0,0.5982903519715443,83.0,55.64100273335362,1.0,0.5982903519715443,1.0,0.5982903519715443,0.0,0.0
372.99335,1.0,0.5982903519715443,82.0,55.04271238138208,1.0,0.5982903519715443,1.0,0.5982903519715443,0.0,0.0
366.72168,1.0,0.5982903519715443,82.0,55.64100273335362,1.0,0.5982903519715443,1.0,0.5982903519715443,0.0,0.0
325.525,1.0,0.5982903519715443,82.0,55.64100273335362,1.0,0.5982903519715443,1.0,0.5982903519715443,0.0,0.0
338.76666,1.0,0.5982903519715443,82.0,55.04271238138208,1.0,0.5982903519715443,1.0,0.5982903519715443,0.0,0.0
340.625,1.0,0.5982903519715443,81.0,55.04271238138208,1.0,0.5982903519715443,1.0,0.5982903519715443,0.0,0.0
341.34833,1.0,0.5982903519715443,81.0,55.04271238138208,1.0,0.5982903519715443,1.0,0.5982903519715443,0.0,0.0
342.02667,1.0,0.5982903519715443,82.0,55.04271238138208,1.0,0.5982903519715443,1.0,0.5982903519715443,0.0,0.0
381.98666,1.0,0.5982903519715443,82.0,55.04271238138208,1.0,0.5982903519715443,1.0,0.5982903519715443,0.0,0.0
559.365,1.0,0.5982903519715443,99.0,54.44442202941053,1.0,0.5982903519715443,1.0,0.5982903519715443,0.0,0.0
541.02,1.0,0.5982903519715443,99.0,64.61535801292679,1.0,0.5982903519715443,1.0,0.5982903519715443,0.0,0.0
488.41666,1.0,0.5982903519715443,81.0,64.61535801292679,1.0,0.5982903519715443,1.0,0.5982903519715443,0.0,0.0
339.91,1.0,0.5982903519715443,81.0,64.61535801292679,1.0,0.5982903519715443,1.0,0.5982903519715443,0.0,0.0
340.47833,1.0,0.5982903519715443,81.0,54.44442202941053,1.0,0.5982903519715443,1.0,0.5982903519715443,0.0,0.0
340.79666,1.0,0.5982903519715443,81.0,54.44442202941053,1.0,0.5982903519715443,1.0,0.5982903519715443,0.0,0.0
341.37,1.0,0.5982903519715443,81.0,54.44442202941053,1.0,0.5982903519715443,1.0,0.5982903519715443,0.0,0.0
341.42166,1.0,0.5982903519715443,80.0,53.84613167743899,1.0,0.5982903519715443,1.0,0.5982903519715443,0.0,0.0
342.06833,1.0,0.5982903519715443,81.0,53.84613167743899,1.0,0.5982903519715443,1.0,0.5982903519715443,0.0,0.0
341.5,1.0,0.5982903519715443,81.0,54.44442202941053,1.0,0.5982903519715443,1.0,0.5982903519715443,0.0,0.0
339.70334,1.0,0.5985212114033053,88.0,61.049163563137135,1.0,0.5985212114033053,1.0,0.5985212114033053,0.0,0.0
339.58334,1.0,0.5985212114033053,88.0,61.049163563137135,1.0,0.5985212114033053,1.0,0.5985212114033053,0.0,0.0
340.035,1.0,0.5985212114033053,87.0,61.049163563137135,1.0,0.5985212114033053,1.0,0.5985212114033053,0.0,0.0
339.98334,1.0,0.5985212114033053,87.0,61.049163563137135,1.0,0.5985212114033053,1.0,0.5985212114033053,0.0,0.0
339.43668,1.0,0.5985212114033053,87.0,61.049163563137135,1.0,0.5985212114033053,1.0,0.5985212114033053,0.0,0.0
339.425,1.0,0.5985212114033053,87.0,60.45064235173383,1.0,0.5985212114033053,1.0,0.5985212114033053,0.0,0.0
339.82,1.0,0.5985212114033053,88.0,60.45064235173383,1.0,0.5985212114033053,1.0,0.5985212114033053,0.0,0.0
340.33,1.0,0.5985212114033053,88.0,60.45064235173383,1.0,0.5985212114033053,1.0,0.5985212114033053,0.0,0.0
340.31668,1.0,0.5985212114033053,88.0,60.45064235173383,1.0,0.5985212114033053,1.0,0.5985212114033053,0.0,0.0
339.18167,1.0,0.5985212114033053,88.0,59.852121140330524,1.0,0.5985212114033053,1.0,0.5985212114033053,0.0,0.0
339.93167,1.0,0.5985212114033053,88.0,59.852121140330524,1.0,0.5985212114033053,1.0,0.5985212114033053,0.0,0.0
339.91168,1.0,0.5985212114033053,88.0,59.852121140330524,1.0,0.5985212114033053,1.0,0.5985212114033053,0.0,0.0
340.925,1.0,0.5985212114033053,88.0,59.25359992892722,1.0,0.5985212114033053,1.0,0.5985212114033053,0.0,0.0
340.53168,1.0,0.5985212114033053,87.0,59.25359992892722,1.0,0.5985212114033053,1.0,0.5985212114033053,0.0,0.0
340.78333,1.0,0.5985212114033053,88.0,58.655078717523914,1.0,0.5985212114033053,1.0,0.5985212114033053,0.0,0.0
341.26,1.0,0.5985212114033053,88.0,58.655078717523914,1.0,0.5985212114033053,1.0,0.5985212114033053,0.0,0.0
341.695,1.0,0.5985212114033053,88.0,58.655078717523914,1.0,0.5985212114033053,1.0,0.5985212114033053,0.0,0.0
342.80667,1.0,0.5985212114033053,88.0,58.655078717523914,1.0,0.5985212114033053,1.0,0.5985212114033053,0.0,0.0
342.73666,1.0,0.5985212114033053,88.0,58.655078717523914,1.0,0.5985212114033053,1.0,0.5985212114033053,0.0,0.0
342.245,1.0,0.5985212114033053,88.0,58.05655750612061,1.0,0.5985212114033053,1.0,0.5985212114033053,0.0,0.0
343.07834,1.0,0.5985212114033053,88.0,58.05655750612061,1.0,0.5985212114033053,1.0,0.5985212114033053,0.0,0.0
343.248,1.0,0.5985212114033053,88.0,58.05655750612061,1.0,0.5985212114033053,1.0,0.5985212114033053,0.0,0.0
342.39334,1.0,0.5985212114033053,88.0,57.4580362947173,1.0,0.5985212114033053,1.0,0.5985212114033053,0.0,0.0
342.10333,1.0,0.5985212114033053,88.0,58.05655750612061,1.0,0.5985212114033053,1.0,0.5985212114033053,0.0,0.0
342.66666,1.0,0.5985212114033053,87.0,56.859515083314,1.0,0.5985212114033053,1.0,0.5985212114033053,0.0,0.0
342.06,1.0,0.5985212114033053,87.0,57.4580362947173,1.0,0.5985212114033053,1.0,0.5985212114033053,0.0,0.0
341.85834,1.0,0.5985212114033053,87.0,56.859515083314,1.0,0.5985212114033053,1.0,0.5985212114033053,0.0,0.0
342.645,1.0,0.5985212114033053,87.0,56.859515083314,1.0,0.5985212114033053,1.0,0.5985212114033053,0.0,0.0
342.39334,1.0,0.5985212114033053,88.0,56.2609938719107,1.0,0.5985212114033053,1.0,0.5985212114033053,0.0,0.0
342.46832,1.0,0.5985212114033053,88.0,56.2609938719107,1.0,0.5985212114033053,1.0,0.5985212114033053,0.0,0.0
342.30667,1.0,0.5985212114033053,88.0,56.859515083314,1.0,0.5985212114033053,1.0,0.5985212114033053,0.0,0.0
342.89,1.0,0.5985212114033053,88.0,56.2609938719107,1.0,0.5985212114033053,1.0,0.5985212114033053,0.0,0.0
339.03168,1.0,0.5985212114033053,88.0,56.2609938719107,1.0,0.5985212114033053,1.0,0.5985212114033053,0.0,0.0
323.57333,1.0,0.5985212114033053,88.0,56.2609938719107,1.0,0.5985212114033053,1.0,0.5985212114033053,0.0,0.0
323.72,1.0,0.5985212114033053,88.0,56.2609938719107,1.0,0.5985212114033053,1.0,0.5985212114033053,0.0,0.0
323.43332,1.0,0.5985212114033053,88.0,56.2609938719107,1.0,0.5985212114033053,1.0,0.5985212114033053,0.0,0.0
359.13333,1.0,0.5985212114033053,83.0,55.66247266050739,1.0,0.5985212114033053,1.0,0.5985212114033053,0.0,0.0
368.83832,1.0,0.5985212114033053,83.0,55.66247266050739,1.0,0.5985212114033053,1.0,0.5985212114033053,0.0,0.0
368.51334,1.0,0.5985212114033053,83.0,56.2609938719107,1.0,0.5985212114033053,1.0,0.5985212114033053,0.0,0.0
368.015,1.0,0.5985212114033053,83.0,55.66247266050739,1.0,0.5985212114033053,1.0,0.5985212114033053,0.0,0.0
367.49,1.0,0.5985212114033053,83.0,55.66247266050739,1.0,0.5985212114033053,1.0,0.5985212114033053,0.0,0.0
372.99335,1.0,0.5985212114033053,82.0,55.06395144910409,1.0,0.5985212114033053,1.0,0.5985212114033053,0.0,0.0
366.72168,1.0,0.5985212114033053,82.0,55.66247266050739,1.0,0.5985212114033053,1.0,0.5985212114033053,0.0,0.0
325.525,1.0,0.5985212114033053,82.0,55.66247266050739,1.0,0.5985212114033053,1.0,0.5985212114033053,0.0,0.0
338.76666,1.0,0.5985212114033053,82.0,55.06395144910409,1.0,0.5985212114033053,1.0,0.5985212114033053,0.0,0.0
340.625,1.0,0.5985212114033053,81.0,55.06395144910409,1.0,0.5985212114033053,1.0,0.5985212114033053,0.0,0.0
341.34833,1.0,0.5985212114033053,81.0,55.06395144910409,1.0,0.5985212114033053,1.0,0.5985212114033053,0.0,0.0
342.02667,1.0,0.5985212114033053,82.0,55.06395144910409,1.0,0.5985212114033053,1.0,0.5985212114033053,0.0,0.0
381.98666,1.0,0.5985212114033053,82.0,55.06395144910409,1.0,0.5985212114033053,1.0,0.5985212114033053,0.0,0.0
559.365,1.0,0.5985212114033053,99.0,54.46543023770078,1.0,0.5985212114033053,1.0,0.5985212114033053,0.0,0.0
541.02,1.0,0.5985212114033053,99.0,64.64029083155697,1.0,0.5985212114033053,1.0,0.5985212114033053,0.0,0.0
488.41666,1.0,0.5985212114033053,81.0,64.64029083155697,1.0,0.5985212114033053,1.0,0.5985212114033053,0.0,0.0
339.91,1.0,0.5985212114033053,81.0,64.64029083155697,1.0,0.5985212114033053,1.0,0.5985212114033053,0.0,0.0
340.47833,1.0,0.5985212114033053,81.0,54.46543023770078,1.0,0.5985212114033053,1.0,0.5985212114033053,0.0,0.0
340.79666,1.0,0.5985212114033053,81.0,54.46543023770078,1.0,0.5985212114033053,1.0,0.5985212114033053,0.0,0.0
341.37,1.0,0.5985212114033053,81.0,54.46543023770078,1.0,0.5985212114033053,1.0,0.5985212114033053,0.0,0.0
341.42166,1.0,0.5985212114033053,80.0,53.86690902629748,1.0,0.5985212114033053,1.0,0.5985212114033053,0.0,0.0
342.06833,1.0,0.5985212114033053,81.0,53.86690902629748,1.0,0.5985212114033053,1.0,0.5985212114033053,0.0,0.0
341.5,1.0,0.5985212114033053,81.0,54.46543023770078,1.0,0.5985212114033053,1.0,0.5985212114033053,0.0,0.0
341.60666,1.0,0.5985212114033053,81.0,53.86690902629748,1.0,0.5985212114033053,1.0,0.5985212114033053,0.0,0.0
339.58334,1.0,0.5986294305209596,88.0,61.06020191313788,1.0,0.5986294305209596,1.0,0.5986294305209596,0.0,0.0
340.035,1.0,0.5986294305209596,87.0,61.06020191313788,1.0,0.5986294305209596,1.0,0.5986294305209596,0.0,0.0
339.98334,1.0,0.5986294305209596,87.0,61.06020191313788,1.0,0.5986294305209596,1.0,0.5986294305209596,0.0,0.0
339.43668,1.0,0.5986294305209596,87.0,61.06020191313788,1.0,0.5986294305209596,1.0,0.5986294305209596,0.0,0.0
339.425,1.0,0.5986294305209596,87.0,60.46157248261692,1.0,0.5986294305209596,1.0,0.5986294305209596,0.0,0.0
339.82,1.0,0.5986294305209596,88.0,60.46157248261692,1.0,0.5986294305209596,1.0,0.5986294305209596,0.0,0.0
340.33,1.0,0.5986294305209596,88.0,60.46157248261692,1.0,0.5986294305209596,1.0,0.5986294305209596,0.0,0.0
340.31668,1.0,0.5986294305209596,88.0,60.46157248261692,1.0,0.5986294305209596,1.0,0.5986294305209596,0.0,0.0
339.18167,1.0,0.5986294305209596,88.0,59.862943052095964,1.0,0.5986294305209596,1.0,0.5986294305209596,0.0,0.0
339.93167,1.0,0.5986294305209596,88.0,59.862943052095964,1.0,0.5986294305209596,1.0,0.5986294305209596,0.0,0.0
339.91168,1.0,0.5986294305209596,88.0,59.862943052095964,1.0,0.5986294305209596,1.0,0.5986294305209596,0.0,0.0
340.925,1.0,0.5986294305209596,88.0,59.264313621575006,1.0,0.5986294305209596,1.0,0.5986294305209596,0.0,0.0
340.53168,1.0,0.5986294305209596,87.0,59.264313621575006,1.0,0.5986294305209596,1.0,0.5986294305209596,0.0,0.0
340.78333,1.0,0.5986294305209596,88.0,58.66568419105404,1.0,0.5986294305209596,1.0,0.5986294305209596,0.0,0.0
341.26,1.0,0.5986294305209596,88.0,58.66568419105404,1.0,0.5986294305209596,1.0,0.5986294305209596,0.0,0.0
341.695,1.0,0.5986294305209596,88.0,58.66568419105404,1.0,0.5986294305209596,1.0,0.5986294305209596,0.0,0.0
342.80667,1.0,0.5986294305209596,88.0,58.66568419105404,1.0,0.5986294305209596,1.0,0.5986294305209596,0.0,0.0
342.73666,1.0,0.5986294305209596,88.0,58.66568419105404,1.0,0.5986294305209596,1.0,0.5986294305209596,0.0,0.0
342.245,1.0,0.5986294305209596,88.0,58.06705476053308,1.0,0.5986294305209596,1.0,0.5986294305209596,0.0,0.0
343.07834,1.0,0.5986294305209596,88.0,58.06705476053308,1.0,0.5986294305209596,1.0,0.5986294305209596,0.0,0.0
343.248,1.0,0.5986294305209596,88.0,58.06705476053308,1.0,0.5986294305209596,1.0,0.5986294305209596,0.0,0.0
342.39334,1.0,0.5986294305209596,88.0,57.468425330012124,1.0,0.5986294305209596,1.0,0.5986294305209596,0.0,0.0
342.10333,1.0,0.5986294305209596,88.0,58.06705476053308,1.0,0.5986294305209596,1.0,0.5986294305209596,0.0,0.0
342.66666,1.0,0.5986294305209596,87.0,56.869795899491166,1.0,0.5986294305209596,1.0,0.5986294305209596,0.0,0.0
342.06,1.0,0.5986294305209596,87.0,57.468425330012124,1.0,0.5986294305209596,1.0,0.5986294305209596,0.0,0.0
341.85834,1.0,0.5986294305209596,87.0,56.869795899491166,1.0,0.5986294305209596,1.0,0.5986294305209596,0.0,0.0
342.645,1.0,0.5986294305209596,87.0,56.869795899491166,1.0,0.5986294305209596,1.0,0.5986294305209596,0.0,0.0
342.39334,1.0,0.5986294305209596,88.0,56.27116646897021,1.0,0.5986294305209596,1.0,0.5986294305209596,0.0,0.0
342.46832,1.0,0.5986294305209596,88.0,56.27116646897021,1.0,0.5986294305209596,1.0,0.5986294305209596,0.0,0.0
342.30667,1.0,0.5986294305209596,88.0,56.869795899491166,1.0,0.5986294305209596,1.0,0.5986294305209596,0.0,0.0
342.89,1.0,0.5986294305209596,88.0,56.27116646897021,1.0,0.5986294305209596,1.0,0.5986294305209596,0.0,0.0
339.03168,1.0,0.5986294305209596,88.0,56.27116646897021,1.0,0.5986294305209596,1.0,0.5986294305209596,0.0,0.0
323.57333,1.0,0.5986294305209596,88.0,56.27116646897021,1.0,0.5986294305209596,1.0,0.5986294305209596,0.0,0.0
323.72,1.0,0.5986294305209596,88.0,56.27116646897021,1.0,0.5986294305209596,1.0,0.5986294305209596,0.0,0.0
323.43332,1.0,0.5986294305209596,88.0,56.27116646897021,1.0,0.5986294305209596,1.0,0.5986294305209596,0.0,0.0
359.13333,1.0,0.5986294305209596,83.0,55.67253703844924,1.0,0.5986294305209596,1.0,0.5986294305209596,0.0,0.0
368.83832,1.0,0.5986294305209596,83.0,55.67253703844924,1.0,0.5986294305209596,1.0,0.5986294305209596,0.0,0.0
368.51334,1.0,0.5986294305209596,83.0,56.27116646897021,1.0,0.5986294305209596,1.0,0.5986294305209596,0.0,0.0
368.015,1.0,0.5986294305209596,83.0,55.67253703844924,1.0,0.5986294305209596,1.0,0.5986294305209596,0.0,0.0
367.49,1.0,0.5986294305209596,83.0,55.67253703844924,1.0,0.5986294305209596,1.0,0.5986294305209596,0.0,0.0
372.99335,1.0,0.5986294305209596,82.0,55.073907607928284,1.0,0.5986294305209596,1.0,0.5986294305209596,0.0,0.0
366.72168,1.0,0.5986294305209596,82.0,55.67253703844924,1.0,0.5986294305209596,1.0,0.5986294305209596,0.0,0.0
325.525,1.0,0.5986294305209596,82.0,55.67253703844924,1.0,0.5986294305209596,1.0,0.5986294305209596,0.0,0.0
338.76666,1.0,0.5986294305209596,82.0,55.073907607928284,1.0,0.5986294305209596,1.0,0.5986294305209596,0.0,0.0
340.625,1.0,0.5986294305209596,81.0,55.073907607928284,1.0,0.5986294305209596,1.0,0.5986294305209596,0.0,0.0
341.34833,1.0,0.5986294305209596,81.0,55.073907607928284,1.0,0.5986294305209596,1.0,0.5986294305209596,0.0,0.0
342.02667,1.0,0.5986294305209596,82.0,55.073907607928284,1.0,0.5986294305209596,1.0,0.5986294305209596,0.0,0.0
381.98666,1.0,0.5986294305209596,82.0,55.073907607928284,1.0,0.5986294305209596,1.0,0.5986294305209596,0.0,0.0
559.365,1.0,0.5986294305209596,99.0,54.475278177407326,1.0,0.5986294305209596,1.0,0.5986294305209596,0.0,0.0
541.02,1.0,0.5986294305209596,99.0,64.65197849626364,1.0,0.5986294305209596,1.0,0.5986294305209596,0.0,0.0
488.41666,1.0,0.5986294305209596,81.0,64.65197849626364,1.0,0.5986294305209596,1.0,0.5986294305209596,0.0,0.0
339.91,1.0,0.5986294305209596,81.0,64.65197849626364,1.0,0.5986294305209596,1.0,0.5986294305209596,0.0,0.0
340.47833,1.0,0.5986294305209596,81.0,54.475278177407326,1.0,0.5986294305209596,1.0,0.5986294305209596,0.0,0.0
340.79666,1.0,0.5986294305209596,81.0,54.475278177407326,1.0,0.5986294305209596,1.0,0.5986294305209596,0.0,0.0
341.37,1.0,0.5986294305209596,81.0,54.475278177407326,1.0,0.5986294305209596,1.0,0.5986294305209596,0.0,0.0
341.42166,1.0,0.5986294305209596,80.0,53.87664874688637,1.0,0.5986294305209596,1.0,0.5986294305209596,0.0,0.0
342.06833,1.0,0.5986294305209596,81.0,53.87664874688637,1.0,0.5986294305209596,1.0,0.5986294305209596,0.0,0.0
341.5,1.0,0.5986294305209596,81.0,54.475278177407326,1.0,0.5986294305209596,1.0,0.5986294305209596,0.0,0.0
341.60666,1.0,0.5986294305209596,81.0,53.87664874688637,1.0,0.5986294305209596,1.0,0.5986294305209596,0.0,0.0
341.71832,1.0,0.5986294305209596,81.0,53.27801931636541,1.0,0.5986294305209596,1.0,0.5986294305209596,0.0,0.0
340.035,1.0,0.5987469086547023,87.0,61.07218468277963,1.0,0.5987469086547023,1.0,0.5987469086547023,0.0,0.0
339.98334,1.0,0.5987469086547023,87.0,61.07218468277963,1.0,0.5987469086547023,1.0,0.5987469086547023,0.0,0.0
339.43668,1.0,0.5987469086547023,87.0,61.07218468277963,1.0,0.5987469086547023,1.0,0.5987469086547023,0.0,0.0
339.425,1.0,0.5987469086547023,87.0,60.473437774124925,1.0,0.5987469086547023,1.0,0.5987469086547023,0.0,0.0
339.82,1.0,0.5987469086547023,88.0,60.473437774124925,1.0,0.5987469086547023,1.0,0.5987469086547023,0.0,0.0
340.33,1.0,0.5987469086547023,88.0,60.473437774124925,1.0,0.5987469086547023,1.0,0.5987469086547023,0.0,0.0
340.31668,1.0,0.5987469086547023,88.0,60.473437774124925,1.0,0.5987469086547023,1.0,0.5987469086547023,0.0,0.0
339.18167,1.0,0.5987469086547023,88.0,59.87469086547023,1.0,0.5987469086547023,1.0,0.5987469086547023,0.0,0.0
339.93167,1.0,0.5987469086547023,88.0,59.87469086547023,1.0,0.5987469086547023,1.0,0.5987469086547023,0.0,0.0
339.91168,1.0,0.5987469086547023,88.0,59.87469086547023,1.0,0.5987469086547023,1.0,0.5987469086547023,0.0,0.0
340.925,1.0,0.5987469086547023,88.0,59.275943956815524,1.0,0.5987469086547023,1.0,0.5987469086547023,0.0,0.0
340.53168,1.0,0.5987469086547023,87.0,59.275943956815524,1.0,0.5987469086547023,1.0,0.5987469086547023,0.0,0.0
340.78333,1.0,0.5987469086547023,88.0,58.67719704816082,1.0,0.5987469086547023,1.0,0.5987469086547023,0.0,0.0
341.26,1.0,0.5987469086547023,88.0,58.67719704816082,1.0,0.5987469086547023,1.0,0.5987469086547023,0.0,0.0
341.695,1.0,0.5987469086547023,88.0,58.67719704816082,1.0,0.5987469086547023,1.0,0.5987469086547023,0.0,0.0
342.80667,1.0,0.5987469086547023,88.0,58.67719704816082,1.0,0.5987469086547023,1.0,0.5987469086547023,0.0,0.0
342.73666,1.0,0.5987469086547023,88.0,58.67719704816082,1.0,0.5987469086547023,1.0,0.5987469086547023,0.0,0.0
342.245,1.0,0.5987469086547023,88.0,58.07845013950612,1.0,0.5987469086547023,1.0,0.5987469086547023,0.0,0.0
343.07834,1.0,0.5987469086547023,88.0,58.07845013950612,1.0,0.5987469086547023,1.0,0.5987469086547023,0.0,0.0
343.248,1.0,0.5987469086547023,88.0,58.07845013950612,1.0,0.5987469086547023,1.0,0.5987469086547023,0.0,0.0
342.39334,1.0,0.5987469086547023,88.0,57.47970323085141,1.0,0.5987469086547023,1.0,0.5987469086547023,0.0,0.0
342.10333,1.0,0.5987469086547023,88.0,58.07845013950612,1.0,0.5987469086547023,1.0,0.5987469086547023,0.0,0.0
342.66666,1.0,0.5987469086547023,87.0,56.88095632219672,1.0,0.5987469086547023,1.0,0.5987469086547023,0.0,0.0
342.06,1.0,0.5987469086547023,87.0,57.47970323085141,1.0,0.5987469086547023,1.0,0.5987469086547023,0.0,0.0
341.85834,1.0,0.5987469086547023,87.0,56.88095632219672,1.0,0.5987469086547023,1.0,0.5987469086547023,0.0,0.0
342.645,1.0,0.5987469086547023,87.0,56.88095632219672,1.0,0.5987469086547023,1.0,0.5987469086547023,0.0,0.0
342.39334,1.0,0.5987469086547023,88.0,56.28220941354201,1.0,0.5987469086547023,1.0,0.5987469086547023,0.0,0.0
342.46832,1.0,0.5987469086547023,88.0,56.28220941354201,1.0,0.5987469086547023,1.0,0.5987469086547023,0.0,0.0
342.30667,1.0,0.5987469086547023,88.0,56.88095632219672,1.0,0.5987469086547023,1.0,0.5987469086547023,0.0,0.0
342.89,1.0,0.5987469086547023,88.0,56.28220941354201,1.0,0.5987469086547023,1.0,0.5987469086547023,0.0,0.0
339.03168,1.0,0.5987469086547023,88.0,56.28220941354201,1.0,0.5987469086547023,1.0,0.5987469086547023,0.0,0.0
323.57333,1.0,0.5987469086547023,88.0,56.28220941354201,1.0,0.5987469086547023,1.0,0.5987469086547023,0.0,0.0
323.72,1.0,0.5987469086547023,88.0,56.28220941354201,1.0,0.5987469086547023,1.0,0.5987469086547023,0.0,0.0
323.43332,1.0,0.5987469086547023,88.0,56.28220941354201,1.0,0.5987469086547023,1.0,0.5987469086547023,0.0,0.0
359.13333,1.0,0.5987469086547023,83.0,55.68346250488731,1.0,0.5987469086547023,1.0,0.5987469086547023,0.0,0.0
368.83832,1.0,0.5987469086547023,83.0,55.68346250488731,1.0,0.5987469086547023,1.0,0.5987469086547023,0.0,0.0
368.51334,1.0,0.5987469086547023,83.0,56.28220941354201,1.0,0.5987469086547023,1.0,0.5987469086547023,0.0,0.0
368.015,1.0,0.5987469086547023,83.0,55.68346250488731,1.0,0.5987469086547023,1.0,0.5987469086547023,0.0,0.0
367.49,1.0,0.5987469086547023,83.0,55.68346250488731,1.0,0.5987469086547023,1.0,0.5987469086547023,0.0,0.0
372.99335,1.0,0.5987469086547023,82.0,55.084715596232606,1.0,0.5987469086547023,1.0,0.5987469086547023,0.0,0.0
366.72168,1.0,0.5987469086547023,82.0,55.68346250488731,1.0,0.5987469086547023,1.0,0.5987469086547023,0.0,0.0
325.525,1.0,0.5987469086547023,82.0,55.68346250488731,1.0,0.5987469086547023,1.0,0.5987469086547023,0.0,0.0
338.76666,1.0,0.5987469086547023,82.0,55.084715596232606,1.0,0.5987469086547023,1.0,0.5987469086547023,0.0,0.0
340.625,1.0,0.5987469086547023,81.0,55.084715596232606,1.0,0.5987469086547023,1.0,0.5987469086547023,0.0,0.0
341.34833,1.0,0.5987469086547023,81.0,55.084715596232606,1.0,0.5987469086547023,1.0,0.5987469086547023,0.0,0.0
342.02667,1.0,0.5987469086547023,82.0,55.084715596232606,1.0,0.5987469086547023,1.0,0.5987469086547023,0.0,0.0
381.98666,1.0,0.5987469086547023,82.0,55.084715596232606,1.0,0.5987469086547023,1.0,0.5987469086547023,0.0,0.0
559.365,1.0,0.5987469086547023,99.0,54.48596868757791,1.0,0.5987469086547023,1.0,0.5987469086547023,0.0,0.0
541.02,1.0,0.5987469086547023,99.0,64.66466613470784,1.0,0.5987469086547023,1.0,0.5987469086547023,0.0,0.0
488.41666,1.0,0.5987469086547023,81.0,64.66466613470784,1.0,0.5987469086547023,1.0,0.5987469086547023,0.0,0.0
339.91,1.0,0.5987469086547023,81.0,64.66466613470784,1.0,0.5987469086547023,1.0,0.5987469086547023,0.0,0.0
340.47833,1.0,0.5987469086547023,81.0,54.48596868757791,1.0,0.5987469086547023,1.0,0.5987469086547023,0.0,0.0
340.79666,1.0,0.5987469086547023,81.0,54.48596868757791,1.0,0.5987469086547023,1.0,0.5987469086547023,0.0,0.0
341.37,1.0,0.5987469086547023,81.0,54.48596868757791,1.0,0.5987469086547023,1.0,0.5987469086547023,0.0,0.0
341.42166,1.0,0.5987469086547023,80.0,53.887221778923205,1.0,0.5987469086547023,1.0,0.5987469086547023,0.0,0.0
342.06833,1.0,0.5987469086547023,81.0,53.887221778923205,1.0,0.5987469086547023,1.0,0.5987469086547023,0.0,0.0
341.5,1.0,0.5987469086547023,81.0,54.48596868757791,1.0,0.5987469086547023,1.0,0.5987469086547023,0.0,0.0
341.60666,1.0,0.5987469086547023,81.0,53.887221778923205,1.0,0.5987469086547023,1.0,0.5987469086547023,0.0,0.0
341.71832,1.0,0.5987469086547023,81.0,53.2884748702685,1.0,0.5987469086547023,1.0,0.5987469086547023,0.0,0.0
341.29166,1.0,0.5987469086547023,82.0,53.2884748702685,1.0,0.5987469086547023,1.0,0.5987469086547023,0.0,0.0
339.98334,1.0,0.5988603917383051,87.0,61.083759957307116,1.0,0.5988603917383051,1.0,0.5988603917383051,0.0,0.0
339.43668,1.0,0.5988603917383051,87.0,61.083759957307116,1.0,0.5988603917383051,1.0,0.5988603917383051,0.0,0.0
339.425,1.0,0.5988603917383051,87.0,60.48489956556881,1.0,0.5988603917383051,1.0,0.5988603917383051,0.0,0.0
339.82,1.0,0.5988603917383051,88.0,60.48489956556881,1.0,0.5988603917383051,1.0,0.5988603917383051,0.0,0.0
340.33,1.0,0.5988603917383051,88.0,60.48489956556881,1.0,0.5988603917383051,1.0,0.5988603917383051,0.0,0.0
340.31668,1.0,0.5988603917383051,88.0,60.48489956556881,1.0,0.5988603917383051,1.0,0.5988603917383051,0.0,0.0
339.18167,1.0,0.5988603917383051,88.0,59.88603917383051,1.0,0.5988603917383051,1.0,0.5988603917383051,0.0,0.0
339.93167,1.0,0.5988603917383051,88.0,59.88603917383051,1.0,0.5988603917383051,1.0,0.5988603917383051,0.0,0.0
339.91168,1.0,0.5988603917383051,88.0,59.88603917383051,1.0,0.5988603917383051,1.0,0.5988603917383051,0.0,0.0
340.925,1.0,0.5988603917383051,88.0,59.287178782092205,1.0,0.5988603917383051,1.0,0.5988603917383051,0.0,0.0
340.53168,1.0,0.5988603917383051,87.0,59.287178782092205,1.0,0.5988603917383051,1.0,0.5988603917383051,0.0,0.0
340.78333,1.0,0.5988603917383051,88.0,58.6883183903539,1.0,0.5988603917383051,1.0,0.5988603917383051,0.0,0.0
341.26,1.0,0.5988603917383051,88.0,58.6883183903539,1.0,0.5988603917383051,1.0,0.5988603917383051,0.0,0.0
341.695,1.0,0.5988603917383051,88.0,58.6883183903539,1.0,0.5988603917383051,1.0,0.5988603917383051,0.0,0.0
342.80667,1.0,0.5988603917383051,88.0,58.6883183903539,1.0,0.5988603917383051,1.0,0.5988603917383051,0.0,0.0
342.73666,1.0,0.5988603917383051,88.0,58.6883183903539,1.0,0.5988603917383051,1.0,0.5988603917383051,0.0,0.0
342.245,1.0,0.5988603917383051,88.0,58.08945799861559,1.0,0.5988603917383051,1.0,0.5988603917383051,0.0,0.0
343.07834,1.0,0.5988603917383051,88.0,58.08945799861559,1.0,0.5988603917383051,1.0,0.5988603917383051,0.0,0.0
343.248,1.0,0.5988603917383051,88.0,58.08945799861559,1.0,0.5988603917383051,1.0,0.5988603917383051,0.0,0.0
342.39334,1.0,0.5988603917383051,88.0,57.49059760687729,1.0,0.5988603917383051,1.0,0.5988603917383051,0.0,0.0
342.10333,1.0,0.5988603917383051,88.0,58.08945799861559,1.0,0.5988603917383051,1.0,0.5988603917383051,0.0,0.0
342.66666,1.0,0.5988603917383051,87.0,56.89173721513898,1.0,0.5988603917383051,1.0,0.5988603917383051,0.0,0.0
342.06,1.0,0.5988603917383051,87.0,57.49059760687729,1.0,0.5988603917383051,1.0,0.5988603917383051,0.0,0.0
341.85834,1.0,0.5988603917383051,87.0,56.89173721513898,1.0,0.5988603917383051,1.0,0.5988603917383051,0.0,0.0
342.645,1.0,0.5988603917383051,87.0,56.89173721513898,1.0,0.5988603917383051,1.0,0.5988603917383051,0.0,0.0
342.39334,1.0,0.5988603917383051,88.0,56.292876823400675,1.0,0.5988603917383051,1.0,0.5988603917383051,0.0,0.0
342.46832,1.0,0.5988603917383051,88.0,56.292876823400675,1.0,0.5988603917383051,1.0,0.5988603917383051,0.0,0.0
342.30667,1.0,0.5988603917383051,88.0,56.89173721513898,1.0,0.5988603917383051,1.0,0.5988603917383051,0.0,0.0
342.89,1.0,0.5988603917383051,88.0,56.292876823400675,1.0,0.5988603917383051,1.0,0.5988603917383051,0.0,0.0
339.03168,1.0,0.5988603917383051,88.0,56.292876823400675,1.0,0.5988603917383051,1.0,0.5988603917383051,0.0,0.0
323.57333,1.0,0.5988603917383051,88.0,56.292876823400675,1.0,0.5988603917383051,1.0,0.5988603917383051,0.0,0.0
323.72,1.0,0.5988603917383051,88.0,56.292876823400675,1.0,0.5988603917383051,1.0,0.5988603917383051,0.0,0.0
323.43332,1.0,0.5988603917383051,88.0,56.292876823400675,1.0,0.5988603917383051,1.0,0.5988603917383051,0.0,0.0
359.13333,1.0,0.5988603917383051,83.0,55.69401643166237,1.0,0.5988603917383051,1.0,0.5988603917383051,0.0,0.0
368.83832,1.0,0.5988603917383051,83.0,55.69401643166237,1.0,0.5988603917383051,1.0,0.5988603917383051,0.0,0.0
368.51334,1.0,0.5988603917383051,83.0,56.292876823400675,1.0,0.5988603917383051,1.0,0.5988603917383051,0.0,0.0
368.015,1.0,0.5988603917383051,83.0,55.69401643166237,1.0,0.5988603917383051,1.0,0.5988603917383051,0.0,0.0
367.49,1.0,0.5988603917383051,83.0,55.69401643166237,1.0,0.5988603917383051,1.0,0.5988603917383051,0.0,0.0
372.99335,1.0,0.5988603917383051,82.0,55.09515603992406,1.0,0.5988603917383051,1.0,0.5988603917383051,0.0,0.0
366.72168,1.0,0.5988603917383051,82.0,55.69401643166237,1.0,0.5988603917383051,1.0,0.5988603917383051,0.0,0.0
325.525,1.0,0.5988603917383051,82.0,55.69401643166237,1.0,0.5988603917383051,1.0,0.5988603917383051,0.0,0.0
338.76666,1.0,0.5988603917383051,82.0,55.09515603992406,1.0,0.5988603917383051,1.0,0.5988603917383051,0.0,0.0
340.625,1.0,0.5988603917383051,81.0,55.09515603992406,1.0,0.5988603917383051,1.0,0.5988603917383051,0.0,0.0
341.34833,1.0,0.5988603917383051,81.0,55.09515603992406,1.0,0.5988603917383051,1.0,0.5988603917383051,0.0,0.0
342.02667,1.0,0.5988603917383051,82.0,55.09515603992406,1.0,0.5988603917383051,1.0,0.5988603917383051,0.0,0.0
381.98666,1.0,0.5988603917383051,82.0,55.09515603992406,1.0,0.5988603917383051,1.0,0.5988603917383051,0.0,0.0
559.365,1.0,0.5988603917383051,99.0,54.496295648185765,1.0,0.5988603917383051,1.0,0.5988603917383051,0.0,0.0
541.02,1.0,0.5988603917383051,99.0,64.67692230773694,1.0,0.5988603917383051,1.0,0.5988603917383051,0.0,0.0
488.41666,1.0,0.5988603917383051,81.0,64.67692230773694,1.0,0.5988603917383051,1.0,0.5988603917383051,0.0,0.0
339.91,1.0,0.5988603917383051,81.0,64.67692230773694,1.0,0.5988603917383051,1.0,0.5988603917383051,0.0,0.0
340.47833,1.0,0.5988603917383051,81.0,54.496295648185765,1.0,0.5988603917383051,1.0,0.5988603917383051,0.0,0.0
340.79666,1.0,0.5988603917383051,81.0,54.496295648185765,1.0,0.5988603917383051,1.0,0.5988603917383051,0.0,0.0
341.37,1.0,0.5988603917383051,81.0,54.496295648185765,1.0,0.5988603917383051,1.0,0.5988603917383051,0.0,0.0
341.42166,1.0,0.5988603917383051,80.0,53.89743525644746,1.0,0.5988603917383051,1.0,0.5988603917383051,0.0,0.0
342.06833,1.0,0.5988603917383051,81.0,53.89743525644746,1.0,0.5988603917383051,1.0,0.5988603917383051,0.0,0.0
341.5,1.0,0.5988603917383051,81.0,54.496295648185765,1.0,0.5988603917383051,1.0,0.5988603917383051,0.0,0.0
341.60666,1.0,0.5988603917383051,81.0,53.89743525644746,1.0,0.5988603917383051,1.0,0.5988603917383051,0.0,0.0
341.71832,1.0,0.5988603917383051,81.0,53.29857486470915,1.0,0.5988603917383051,1.0,0.5988603917383051,0.0,0.0
341.29166,1.0,0.5988603917383051,82.0,53.29857486470915,1.0,0.5988603917383051,1.0,0.5988603917383051,0.0,0.0
341.13666,1.0,0.5988603917383051,81.0,53.89743525644746,1.0,0.5988603917383051,1.0,0.5988603917383051,0.0,0.0
339.43668,1.0,0.5991688874977317,87.0,61.11522652476863,1.0,0.5991688874977317,1.0,0.5991688874977317,0.0,0.0
339.425,1.0,0.5991688874977317,87.0,60.5160576372709,1.0,0.5991688874977317,1.0,0.5991688874977317,0.0,0.0
339.82,1.0,0.5991688874977317,88.0,60.5160576372709,1.0,0.5991688874977317,1.0,0.5991688874977317,0.0,0.0
340.33,1.0,0.5991688874977317,88.0,60.5160576372709,1.0,0.5991688874977317,1.0,0.5991688874977317,0.0,0.0
340.31668,1.0,0.5991688874977317,88.0,60.5160576372709,1.0,0.5991688874977317,1.0,0.5991688874977317,0.0,0.0
339.18167,1.0,0.5991688874977317,88.0,59.916888749773165,1.0,0.5991688874977317,1.0,0.5991688874977317,0.0,0.0
339.93167,1.0,0.5991688874977317,88.0,59.916888749773165,1.0,0.5991688874977317,1.0,0.5991688874977317,0.0,0.0
339.91168,1.0,0.5991688874977317,88.0,59.916888749773165,1.0,0.5991688874977317,1.0,0.5991688874977317,0.0,0.0
340.925,1.0,0.5991688874977317,88.0,59.31771986227544,1.0,0.5991688874977317,1.0,0.5991688874977317,0.0,0.0
340.53168,1.0,0.5991688874977317,87.0,59.31771986227544,1.0,0.5991688874977317,1.0,0.5991688874977317,0.0,0.0
340.78333,1.0,0.5991688874977317,88.0,58.718550974777706,1.0,0.5991688874977317,1.0,0.5991688874977317,0.0,0.0
341.26,1.0,0.5991688874977317,88.0,58.718550974777706,1.0,0.5991688874977317,1.0,0.5991688874977317,0.0,0.0
341.695,1.0,0.5991688874977317,88.0,58.718550974777706,1.0,0.5991688874977317,1.0,0.5991688874977317,0.0,0.0
342.80667,1.0,0.5991688874977317,88.0,58.718550974777706,1.0,0.5991688874977317,1.0,0.5991688874977317,0.0,0.0
342.73666,1.0,0.5991688874977317,88.0,58.718550974777706,1.0,0.5991688874977317,1.0,0.5991688874977317,0.0,0.0
342.245,1.0,0.5991688874977317,88.0,58.11938208727997,1.0,0.5991688874977317,1.0,0.5991688874977317,0.0,0.0
343.07834,1.0,0.5991688874977317,88.0,58.11938208727997,1.0,0.5991688874977317,1.0,0.5991688874977317,0.0,0.0
343.248,1.0,0.5991688874977317,88.0,58.11938208727997,1.0,0.5991688874977317,1.0,0.5991688874977317,0.0,0.0
342.39334,1.0,0.5991688874977317,88.0,57.52021319978224,1.0,0.5991688874977317,1.0,0.5991688874977317,0.0,0.0
342.10333,1.0,0.5991688874977317,88.0,58.11938208727997,1.0,0.5991688874977317,1.0,0.5991688874977317,0.0,0.0
342.66666,1.0,0.5991688874977317,87.0,56.92104431228451,1.0,0.5991688874977317,1.0,0.5991688874977317,0.0,0.0
342.06,1.0,0.5991688874977317,87.0,57.52021319978224,1.0,0.5991688874977317,1.0,0.5991688874977317,0.0,0.0
341.85834,1.0,0.5991688874977317,87.0,56.92104431228451,1.0,0.5991688874977317,1.0,0.5991688874977317,0.0,0.0
342.645,1.0,0.5991688874977317,87.0,56.92104431228451,1.0,0.5991688874977317,1.0,0.5991688874977317,0.0,0.0
342.39334,1.0,0.5991688874977317,88.0,56.321875424786775,1.0,0.5991688874977317,1.0,0.5991688874977317,0.0,0.0
342.46832,1.0,0.5991688874977317,88.0,56.321875424786775,1.0,0.5991688874977317,1.0,0.5991688874977317,0.0,0.0
342.30667,1.0,0.5991688874977317,88.0,56.92104431228451,1.0,0.5991688874977317,1.0,0.5991688874977317,0.0,0.0
342.89,1.0,0.5991688874977317,88.0,56.321875424786775,1.0,0.5991688874977317,1.0,0.5991688874977317,0.0,0.0
339.03168,1.0,0.5991688874977317,88.0,56.321875424786775,1.0,0.5991688874977317,1.0,0.5991688874977317,0.0,0.0
323.57333,1.0,0.5991688874977317,88.0,56.321875424786775,1.0,0.5991688874977317,1.0,0.5991688874977317,0.0,0.0
323.72,1.0,0.5991688874977317,88.0,56.321875424786775,1.0,0.5991688874977317,1.0,0.5991688874977317,0.0,0.0
323.43332,1.0,0.5991688874977317,88.0,56.321875424786775,1.0,0.5991688874977317,1.0,0.5991688874977317,0.0,0.0
359.13333,1.0,0.5991688874977317,83.0,55.72270653728904,1.0,0.5991688874977317,1.0,0.5991688874977317,0.0,0.0
368.83832,1.0,0.5991688874977317,83.0,55.72270653728904,1.0,0.5991688874977317,1.0,0.5991688874977317,0.0,0.0
368.51334,1.0,0.5991688874977317,83.0,56.321875424786775,1.0,0.5991688874977317,1.0,0.5991688874977317,0.0,0.0
368.015,1.0,0.5991688874977317,83.0,55.72270653728904,1.0,0.5991688874977317,1.0,0.5991688874977317,0.0,0.0
367.49,1.0,0.5991688874977317,83.0,55.72270653728904,1.0,0.5991688874977317,1.0,0.5991688874977317,0.0,0.0
372.99335,1.0,0.5991688874977317,82.0,55.12353764979132,1.0,0.5991688874977317,1.0,0.5991688874977317,0.0,0.0
366.72168,1.0,0.5991688874977317,82.0,55.72270653728904,1.0,0.5991688874977317,1.0,0.5991688874977317,0.0,0.0
325.525,1.0,0.5991688874977317,82.0,55.72270653728904,1.0,0.5991688874977317,1.0,0.5991688874977317,0.0,0.0
338.76666,1.0,0.5991688874977317,82.0,55.12353764979132,1.0,0.5991688874977317,1.0,0.5991688874977317,0.0,0.0
340.625,1.0,0.5991688874977317,81.0,55.12353764979132,1.0,0.5991688874977317,1.0,0.5991688874977317,0.0,0.0
341.34833,1.0,0.5991688874977317,81.0,55.12353764979132,1.0,0.5991688874977317,1.0,0.5991688874977317,0.0,0.0
342.02667,1.0,0.5991688874977317,82.0,55.12353764979132,1.0,0.5991688874977317,1.0,0.5991688874977317,0.0,0.0
381.98666,1.0,0.5991688874977317,82.0,55.12353764979132,1.0,0.5991688874977317,1.0,0.5991688874977317,0.0,0.0
559.365,1.0,0.5991688874977317,99.0,54.524368762293584,1.0,0.5991688874977317,1.0,0.5991688874977317,0.0,0.0
541.02,1.0,0.5991688874977317,99.0,64.71023984975503,1.0,0.5991688874977317,1.0,0.5991688874977317,0.0,0.0
488.41666,1.0,0.5991688874977317,81.0,64.71023984975503,1.0,0.5991688874977317,1.0,0.5991688874977317,0.0,0.0
339.91,1.0,0.5991688874977317,81.0,64.71023984975503,1.0,0.5991688874977317,1.0,0.5991688874977317,0.0,0.0
340.47833,1.0,0.5991688874977317,81.0,54.524368762293584,1.0,0.5991688874977317,1.0,0.5991688874977317,0.0,0.0
340.79666,1.0,0.5991688874977317,81.0,54.524368762293584,1.0,0.5991688874977317,1.0,0.5991688874977317,0.0,0.0
341.37,1.0,0.5991688874977317,81.0,54.524368762293584,1.0,0.5991688874977317,1.0,0.5991688874977317,0.0,0.0
341.42166,1.0,0.5991688874977317,80.0,53.92519987479585,1.0,0.5991688874977317,1.0,0.5991688874977317,0.0,0.0
342.06833,1.0,0.5991688874977317,81.0,53.92519987479585,1.0,0.5991688874977317,1.0,0.5991688874977317,0.0,0.0
341.5,1.0,0.5991688874977317,81.0,54.524368762293584,1.0,0.5991688874977317,1.0,0.5991688874977317,0.0,0.0
341.60666,1.0,0.5991688874977317,81.0,53.92519987479585,1.0,0.5991688874977317,1.0,0.5991688874977317,0.0,0.0
341.71832,1.0,0.5991688874977317,81.0,53.32603098729812,1.0,0.5991688874977317,1.0,0.5991688874977317,0.0,0.0
341.29166,1.0,0.5991688874977317,82.0,53.32603098729812,1.0,0.5991688874977317,1.0,0.5991688874977317,0.0,0.0
341.13666,1.0,0.5991688874977317,81.0,53.92519987479585,1.0,0.5991688874977317,1.0,0.5991688874977317,0.0,0.0
341.15,1.0,0.5991688874977317,81.0,53.32603098729812,1.0,0.5991688874977317,1.0,0.5991688874977317,0.0,0.0
339.425,1.0,0.5995079690639037,87.0,60.55030487545427,1.0,0.5995079690639037,1.0,0.5995079690639037,0.0,0.0
339.82,1.0,0.5995079690639037,88.0,60.55030487545427,1.0,0.5995079690639037,1.0,0.5995079690639037,0.0,0.0
340.33,1.0,0.5995079690639037,88.0,60.55030487545427,1.0,0.5995079690639037,1.0,0.5995079690639037,0.0,0.0
340.31668,1.0,0.5995079690639037,88.0,60.55030487545427,1.0,0.5995079690639037,1.0,0.5995079690639037,0.0,0.0
339.18167,1.0,0.5995079690639037,88.0,59.950796906390366,1.0,0.5995079690639037,1.0,0.5995079690639037,0.0,0.0
339.93167,1.0,0.5995079690639037,88.0,59.950796906390366,1.0,0.5995079690639037,1.0,0.5995079690639037,0.0,0.0
339.91168,1.0,0.5995079690639037,88.0,59.950796906390366,1.0,0.5995079690639037,1.0,0.5995079690639037,0.0,0.0
340.925,1.0,0.5995079690639037,88.0,59.351288937326466,1.0,0.5995079690639037,1.0,0.5995079690639037,0.0,0.0
340.53168,1.0,0.5995079690639037,87.0,59.351288937326466,1.0,0.5995079690639037,1.0,0.5995079690639037,0.0,0.0
340.78333,1.0,0.5995079690639037,88.0,58.75178096826256,1.0,0.5995079690639037,1.0,0.5995079690639037,0.0,0.0
341.26,1.0,0.5995079690639037,88.0,58.75178096826256,1.0,0.5995079690639037,1.0,0.5995079690639037,0.0,0.0
341.695,1.0,0.5995079690639037,88.0,58.75178096826256,1.0,0.5995079690639037,1.0,0.5995079690639037,0.0,0.0
342.80667,1.0,0.5995079690639037,88.0,58.75178096826256,1.0,0.5995079690639037,1.0,0.5995079690639037,0.0,0.0
342.73666,1.0,0.5995079690639037,88.0,58.75178096826256,1.0,0.5995079690639037,1.0,0.5995079690639037,0.0,0.0
342.245,1.0,0.5995079690639037,88.0,58.15227299919866,1.0,0.5995079690639037,1.0,0.5995079690639037,0.0,0.0
343.07834,1.0,0.5995079690639037,88.0,58.15227299919866,1.0,0.5995079690639037,1.0,0.5995079690639037,0.0,0.0
343.248,1.0,0.5995079690639037,88.0,58.15227299919866,1.0,0.5995079690639037,1.0,0.5995079690639037,0.0,0.0
342.39334,1.0,0.5995079690639037,88.0,57.55276503013475,1.0,0.5995079690639037,1.0,0.5995079690639037,0.0,0.0
342.10333,1.0,0.5995079690639037,88.0,58.15227299919866,1.0,0.5995079690639037,1.0,0.5995079690639037,0.0,0.0
342.66666,1.0,0.5995079690639037,87.0,56.95325706107085,1.0,0.5995079690639037,1.0,0.5995079690639037,0.0,0.0
342.06,1.0,0.5995079690639037,87.0,57.55276503013475,1.0,0.5995079690639037,1.0,0.5995079690639037,0.0,0.0
341.85834,1.0,0.5995079690639037,87.0,56.95325706107085,1.0,0.5995079690639037,1.0,0.5995079690639037,0.0,0.0
342.645,1.0,0.5995079690639037,87.0,56.95325706107085,1.0,0.5995079690639037,1.0,0.5995079690639037,0.0,0.0
342.39334,1.0,0.5995079690639037,88.0,56.35374909200695,1.0,0.5995079690639037,1.0,0.5995079690639037,0.0,0.0
342.46832,1.0,0.5995079690639037,88.0,56.35374909200695,1.0,0.5995079690639037,1.0,0.5995079690639037,0.0,0.0
342.30667,1.0,0.5995079690639037,88.0,56.95325706107085,1.0,0.5995079690639037,1.0,0.5995079690639037,0.0,0.0
342.89,1.0,0.5995079690639037,88.0,56.35374909200695,1.0,0.5995079690639037,1.0,0.5995079690639037,0.0,0.0
339.03168,1.0,0.5995079690639037,88.0,56.35374909200695,1.0,0.5995079690639037,1.0,0.5995079690639037,0.0,0.0
323.57333,1.0,0.5995079690639037,88.0,56.35374909200695,1.0,0.5995079690639037,1.0,0.5995079690639037,0.0,0.0
323.72,1.0,0.5995079690639037,88.0,56.35374909200695,1.0,0.5995079690639037,1.0,0.5995079690639037,0.0,0.0
323.43332,1.0,0.5995079690639037,88.0,56.35374909200695,1.0,0.5995079690639037,1.0,0.5995079690639037,0.0,0.0
359.13333,1.0,0.5995079690639037,83.0,55.75424112294304,1.0,0.5995079690639037,1.0,0.5995079690639037,0.0,0.0
368.83832,1.0,0.5995079690639037,83.0,55.75424112294304,1.0,0.5995079690639037,1.0,0.5995079690639037,0.0,0.0
368.51334,1.0,0.5995079690639037,83.0,56.35374909200695,1.0,0.5995079690639037,1.0,0.5995079690639037,0.0,0.0
368.015,1.0,0.5995079690639037,83.0,55.75424112294304,1.0,0.5995079690639037,1.0,0.5995079690639037,0.0,0.0
367.49,1.0,0.5995079690639037,83.0,55.75424112294304,1.0,0.5995079690639037,1.0,0.5995079690639037,0.0,0.0
372.99335,1.0,0.5995079690639037,82.0,55.15473315387914,1.0,0.5995079690639037,1.0,0.5995079690639037,0.0,0.0
366.72168,1.0,0.5995079690639037,82.0,55.75424112294304,1.0,0.5995079690639037,1.0,0.5995079690639037,0.0,0.0
325.525,1.0,0.5995079690639037,82.0,55.75424112294304,1.0,0.5995079690639037,1.0,0.5995079690639037,0.0,0.0
338.76666,1.0,0.5995079690639037,82.0,55.15473315387914,1.0,0.5995079690639037,1.0,0.5995079690639037,0.0,0.0
340.625,1.0,0.5995079690639037,81.0,55.15473315387914,1.0,0.5995079690639037,1.0,0.5995079690639037,0.0,0.0
341.34833,1.0,0.5995079690639037,81.0,55.15473315387914,1.0,0.5995079690639037,1.0,0.5995079690639037,0.0,0.0
342.02667,1.0,0.5995079690639037,82.0,55.15473315387914,1.0,0.5995079690639037,1.0,0.5995079690639037,0.0,0.0
381.98666,1.0,0.5995079690639037,82.0,55.15473315387914,1.0,0.5995079690639037,1.0,0.5995079690639037,0.0,0.0
559.365,1.0,0.5995079690639037,99.0,54.555225184815235,1.0,0.5995079690639037,1.0,0.5995079690639037,0.0,0.0
541.02,1.0,0.5995079690639037,99.0,64.7468606589016,1.0,0.5995079690639037,1.0,0.5995079690639037,0.0,0.0
488.41666,1.0,0.5995079690639037,81.0,64.7468606589016,1.0,0.5995079690639037,1.0,0.5995079690639037,0.0,0.0
339.91,1.0,0.5995079690639037,81.0,64.7468606589016,1.0,0.5995079690639037,1.0,0.5995079690639037,0.0,0.0
340.47833,1.0,0.5995079690639037,81.0,54.555225184815235,1.0,0.5995079690639037,1.0,0.5995079690639037,0.0,0.0
340.79666,1.0,0.5995079690639037,81.0,54.555225184815235,1.0,0.5995079690639037,1.0,0.5995079690639037,0.0,0.0
341.37,1.0,0.5995079690639037,81.0,54.555225184815235,1.0,0.5995079690639037,1.0,0.5995079690639037,0.0,0.0
341.42166,1.0,0.5995079690639037,80.0,53.955717215751335,1.0,0.5995079690639037,1.0,0.5995079690639037,0.0,0.0
342.06833,1.0,0.5995079690639037,81.0,53.955717215751335,1.0,0.5995079690639037,1.0,0.5995079690639037,0.0,0.0
341.5,1.0,0.5995079690639037,81.0,54.555225184815235,1.0,0.5995079690639037,1.0,0.5995079690639037,0.0,0.0
341.60666,1.0,0.5995079690639037,81.0,53.955717215751335,1.0,0.5995079690639037,1.0,0.5995079690639037,0.0,0.0
341.71832,1.0,0.5995079690639037,81.0,53.35620924668743,1.0,0.5995079690639037,1.0,0.5995079690639037,0.0,0.0
341.29166,1.0,0.5995079690639037,82.0,53.35620924668743,1.0,0.5995079690639037,1.0,0.5995079690639037,0.0,0.0
341.13666,1.0,0.5995079690639037,81.0,53.955717215751335,1.0,0.5995079690639037,1.0,0.5995079690639037,0.0,0.0
341.15,1.0,0.5995079690639037,81.0,53.35620924668743,1.0,0.5995079690639037,1.0,0.5995079690639037,0.0,0.0
340.89,1.0,0.5995079690639037,81.0,53.35620924668743,1.0,0.5995079690639037,1.0,0.5995079690639037,0.0,0.0
339.82,1.0,0.5997659286954566,88.0,60.576358798241124,1.0,0.5997659286954566,1.0,0.5997659286954566,0.0,0.0
340.33,1.0,0.5997659286954566,88.0,60.576358798241124,1.0,0.5997659286954566,1.0,0.5997659286954566,0.0,0.0
340.31668,1.0,0.5997659286954566,88.0,60.576358798241124,1.0,0.5997659286954566,1.0,0.5997659286954566,0.0,0.0
339.18167,1.0,0.5997659286954566,88.0,59.97659286954566,1.0,0.5997659286954566,1.0,0.5997659286954566,0.0,0.0
339.93167,1.0,0.5997659286954566,88.0,59.97659286954566,1.0,0.5997659286954566,1.0,0.5997659286954566,0.0,0.0
339.91168,1.0,0.5997659286954566,88.0,59.97659286954566,1.0,0.5997659286954566,1.0,0.5997659286954566,0.0,0.0
340.925,1.0,0.5997659286954566,88.0,59.37682694085021,1.0,0.5997659286954566,1.0,0.5997659286954566,0.0,0.0
340.53168,1.0,0.5997659286954566,87.0,59.37682694085021,1.0,0.5997659286954566,1.0,0.5997659286954566,0.0,0.0
340.78333,1.0,0.5997659286954566,88.0,58.77706101215475,1.0,0.5997659286954566,1.0,0.5997659286954566,0.0,0.0
341.26,1.0,0.5997659286954566,88.0,58.77706101215475,1.0,0.5997659286954566,1.0,0.5997659286954566,0.0,0.0
341.695,1.0,0.5997659286954566,88.0,58.77706101215475,1.0,0.5997659286954566,1.0,0.5997659286954566,0.0,0.0
342.80667,1.0,0.5997659286954566,88.0,58.77706101215475,1.0,0.5997659286954566,1.0,0.5997659286954566,0.0,0.0
342.73666,1.0,0.5997659286954566,88.0,58.77706101215475,1.0,0.5997659286954566,1.0,0.5997659286954566,0.0,0.0
342.245,1.0,0.5997659286954566,88.0,58.17729508345929,1.0,0.5997659286954566,1.0,0.5997659286954566,0.0,0.0
343.07834,1.0,0.5997659286954566,88.0,58.17729508345929,1.0,0.5997659286954566,1.0,0.5997659286954566,0.0,0.0
343.248,1.0,0.5997659286954566,88.0,58.17729508345929,1.0,0.5997659286954566,1.0,0.5997659286954566,0.0,0.0
342.39334,1.0,0.5997659286954566,88.0,57.57752915476384,1.0,0.5997659286954566,1.0,0.5997659286954566,0.0,0.0
342.10333,1.0,0.5997659286954566,88.0,58.17729508345929,1.0,0.5997659286954566,1.0,0.5997659286954566,0.0,0.0
342.66666,1.0,0.5997659286954566,87.0,56.97776322606838,1.0,0.5997659286954566,1.0,0.5997659286954566,0.0,0.0
342.06,1.0,0.5997659286954566,87.0,57.57752915476384,1.0,0.5997659286954566,1.0,0.5997659286954566,0.0,0.0
341.85834,1.0,0.5997659286954566,87.0,56.97776322606838,1.0,0.5997659286954566,1.0,0.5997659286954566,0.0,0.0
342.645,1.0,0.5997659286954566,87.0,56.97776322606838,1.0,0.5997659286954566,1.0,0.5997659286954566,0.0,0.0
342.39334,1.0,0.5997659286954566,88.0,56.37799729737292,1.0,0.5997659286954566,1.0,0.5997659286954566,0.0,0.0
342.46832,1.0,0.5997659286954566,88.0,56.37799729737292,1.0,0.5997659286954566,1.0,0.5997659286954566,0.0,0.0
342.30667,1.0,0.5997659286954566,88.0,56.97776322606838,1.0,0.5997659286954566,1.0,0.5997659286954566,0.0,0.0
342.89,1.0,0.5997659286954566,88.0,56.37799729737292,1.0,0.5997659286954566,1.0,0.5997659286954566,0.0,0.0
339.03168,1.0,0.5997659286954566,88.0,56.37799729737292,1.0,0.5997659286954566,1.0,0.5997659286954566,0.0,0.0
323.57333,1.0,0.5997659286954566,88.0,56.37799729737292,1.0,0.5997659286954566,1.0,0.5997659286954566,0.0,0.0
323.72,1.0,0.5997659286954566,88.0,56.37799729737292,1.0,0.5997659286954566,1.0,0.5997659286954566,0.0,0.0
323.43332,1.0,0.5997659286954566,88.0,56.37799729737292,1.0,0.5997659286954566,1.0,0.5997659286954566,0.0,0.0
359.13333,1.0,0.5997659286954566,83.0,55.77823136867747,1.0,0.5997659286954566,1.0,0.5997659286954566,0.0,0.0
368.83832,1.0,0.5997659286954566,83.0,55.77823136867747,1.0,0.5997659286954566,1.0,0.5997659286954566,0.0,0.0
368.51334,1.0,0.5997659286954566,83.0,56.37799729737292,1.0,0.5997659286954566,1.0,0.5997659286954566,0.0,0.0
368.015,1.0,0.5997659286954566,83.0,55.77823136867747,1.0,0.5997659286954566,1.0,0.5997659286954566,0.0,0.0
367.49,1.0,0.5997659286954566,83.0,55.77823136867747,1.0,0.5997659286954566,1.0,0.5997659286954566,0.0,0.0
372.99335,1.0,0.5997659286954566,82.0,55.17846543998201,1.0,0.5997659286954566,1.0,0.5997659286954566,0.0,0.0
366.72168,1.0,0.5997659286954566,82.0,55.77823136867747,1.0,0.5997659286954566,1.0,0.5997659286954566,0.0,0.0
325.525,1.0,0.5997659286954566,82.0,55.77823136867747,1.0,0.5997659286954566,1.0,0.5997659286954566,0.0,0.0
338.76666,1.0,0.5997659286954566,82.0,55.17846543998201,1.0,0.5997659286954566,1.0,0.5997659286954566,0.0,0.0
340.625,1.0,0.5997659286954566,81.0,55.17846543998201,1.0,0.5997659286954566,1.0,0.5997659286954566,0.0,0.0
341.34833,1.0,0.5997659286954566,81.0,55.17846543998201,1.0,0.5997659286954566,1.0,0.5997659286954566,0.0,0.0
342.02667,1.0,0.5997659286954566,82.0,55.17846543998201,1.0,0.5997659286954566,1.0,0.5997659286954566,0.0,0.0
381.98666,1.0,0.5997659286954566,82.0,55.17846543998201,1.0,0.5997659286954566,1.0,0.5997659286954566,0.0,0.0
559.365,1.0,0.5997659286954566,99.0,54.57869951128655,1.0,0.5997659286954566,1.0,0.5997659286954566,0.0,0.0
541.02,1.0,0.5997659286954566,99.0,64.77472029910932,1.0,0.5997659286954566,1.0,0.5997659286954566,0.0,0.0
488.41666,1.0,0.5997659286954566,81.0,64.77472029910932,1.0,0.5997659286954566,1.0,0.5997659286954566,0.0,0.0
339.91,1.0,0.5997659286954566,81.0,64.77472029910932,1.0,0.5997659286954566,1.0,0.5997659286954566,0.0,0.0
340.47833,1.0,0.5997659286954566,81.0,54.57869951128655,1.0,0.5997659286954566,1.0,0.5997659286954566,0.0,0.0
340.79666,1.0,0.5997659286954566,81.0,54.57869951128655,1.0,0.5997659286954566,1.0,0.5997659286954566,0.0,0.0
341.37,1.0,0.5997659286954566,81.0,54.57869951128655,1.0,0.5997659286954566,1.0,0.5997659286954566,0.0,0.0
341.42166,1.0,0.5997659286954566,80.0,53.9789335825911,1.0,0.5997659286954566,1.0,0.5997659286954566,0.0,0.0
342.06833,1.0,0.5997659286954566,81.0,53.9789335825911,1.0,0.5997659286954566,1.0,0.5997659286954566,0.0,0.0
341.5,1.0,0.5997659286954566,81.0,54.57869951128655,1.0,0.5997659286954566,1.0,0.5997659286954566,0.0,0.0
341.60666,1.0,0.5997659286954566,81.0,53.9789335825911,1.0,0.5997659286954566,1.0,0.5997659286954566,0.0,0.0
341.71832,1.0,0.5997659286954566,81.0,53.37916765389564,1.0,0.5997659286954566,1.0,0.5997659286954566,0.0,0.0
341.29166,1.0,0.5997659286954566,82.0,53.37916765389564,1.0,0.5997659286954566,1.0,0.5997659286954566,0.0,0.0
341.13666,1.0,0.5997659286954566,81.0,53.9789335825911,1.0,0.5997659286954566,1.0,0.5997659286954566,0.0,0.0
341.15,1.0,0.5997659286954566,81.0,53.37916765389564,1.0,0.5997659286954566,1.0,0.5997659286954566,0.0,0.0
340.89,1.0,0.5997659286954566,81.0,53.37916765389564,1.0,0.5997659286954566,1.0,0.5997659286954566,0.0,0.0
341.30167,1.0,0.5997659286954566,81.0,53.37916765389564,1.0,0.5997659286954566,1.0,0.5997659286954566,0.0,0.0
340.33,1.0,0.5998845868529524,88.0,60.588343272148194,1.0,0.5998845868529524,1.0,0.5998845868529524,0.0,0.0
340.31668,1.0,0.5998845868529524,88.0,60.588343272148194,1.0,0.5998845868529524,1.0,0.5998845868529524,0.0,0.0
339.18167,1.0,0.5998845868529524,88.0,59.98845868529524,1.0,0.5998845868529524,1.0,0.5998845868529524,0.0,0.0
339.93167,1.0,0.5998845868529524,88.0,59.98845868529524,1.0,0.5998845868529524,1.0,0.5998845868529524,0.0,0.0
339.91168,1.0,0.5998845868529524,88.0,59.98845868529524,1.0,0.5998845868529524,1.0,0.5998845868529524,0.0,0.0
340.925,1.0,0.5998845868529524,88.0,59.38857409844229,1.0,0.5998845868529524,1.0,0.5998845868529524,0.0,0.0
340.53168,1.0,0.5998845868529524,87.0,59.38857409844229,1.0,0.5998845868529524,1.0,0.5998845868529524,0.0,0.0
340.78333,1.0,0.5998845868529524,88.0,58.78868951158934,1.0,0.5998845868529524,1.0,0.5998845868529524,0.0,0.0
341.26,1.0,0.5998845868529524,88.0,58.78868951158934,1.0,0.5998845868529524,1.0,0.5998845868529524,0.0,0.0
341.695,1.0,0.5998845868529524,88.0,58.78868951158934,1.0,0.5998845868529524,1.0,0.5998845868529524,0.0,0.0
342.80667,1.0,0.5998845868529524,88.0,58.78868951158934,1.0,0.5998845868529524,1.0,0.5998845868529524,0.0,0.0
342.73666,1.0,0.5998845868529524,88.0,58.78868951158934,1.0,0.5998845868529524,1.0,0.5998845868529524,0.0,0.0
342.245,1.0,0.5998845868529524,88.0,58.18880492473639,1.0,0.5998845868529524,1.0,0.5998845868529524,0.0,0.0
343.07834,1.0,0.5998845868529524,88.0,58.18880492473639,1.0,0.5998845868529524,1.0,0.5998845868529524,0.0,0.0
343.248,1.0,0.5998845868529524,88.0,58.18880492473639,1.0,0.5998845868529524,1.0,0.5998845868529524,0.0,0.0
342.39334,1.0,0.5998845868529524,88.0,57.58892033788344,1.0,0.5998845868529524,1.0,0.5998845868529524,0.0,0.0
342.10333,1.0,0.5998845868529524,88.0,58.18880492473639,1.0,0.5998845868529524,1.0,0.5998845868529524,0.0,0.0
342.66666,1.0,0.5998845868529524,87.0,56.98903575103048,1.0,0.5998845868529524,1.0,0.5998845868529524,0.0,0.0
342.06,1.0,0.5998845868529524,87.0,57.58892033788344,1.0,0.5998845868529524,1.0,0.5998845868529524,0.0,0.0
341.85834,1.0,0.5998845868529524,87.0,56.98903575103048,1.0,0.5998845868529524,1.0,0.5998845868529524,0.0,0.0
342.645,1.0,0.5998845868529524,87.0,56.98903575103048,1.0,0.5998845868529524,1.0,0.5998845868529524,0.0,0.0
342.39334,1.0,0.5998845868529524,88.0,56.38915116417753,1.0,0.5998845868529524,1.0,0.5998845868529524,0.0,0.0
342.46832,1.0,0.5998845868529524,88.0,56.38915116417753,1.0,0.5998845868529524,1.0,0.5998845868529524,0.0,0.0
342.30667,1.0,0.5998845868529524,88.0,56.98903575103048,1.0,0.5998845868529524,1.0,0.5998845868529524,0.0,0.0
342.89,1.0,0.5998845868529524,88.0,56.38915116417753,1.0,0.5998845868529524,1.0,0.5998845868529524,0.0,0.0
339.03168,1.0,0.5998845868529524,88.0,56.38915116417753,1.0,0.5998845868529524,1.0,0.5998845868529524,0.0,0.0
323.57333,1.0,0.5998845868529524,88.0,56.38915116417753,1.0,0.5998845868529524,1.0,0.5998845868529524,0.0,0.0
323.72,1.0,0.5998845868529524,88.0,56.38915116417753,1.0,0.5998845868529524,1.0,0.5998845868529524,0.0,0.0
323.43332,1.0,0.5998845868529524,88.0,56.38915116417753,1.0,0.5998845868529524,1.0,0.5998845868529524,0.0,0.0
359.13333,1.0,0.5998845868529524,83.0,55.789266577324575,1.0,0.5998845868529524,1.0,0.5998845868529524,0.0,0.0
368.83832,1.0,0.5998845868529524,83.0,55.789266577324575,1.0,0.5998845868529524,1.0,0.5998845868529524,0.0,0.0
368.51334,1.0,0.5998845868529524,83.0,56.38915116417753,1.0,0.5998845868529524,1.0,0.5998845868529524,0.0,0.0
368.015,1.0,0.5998845868529524,83.0,55.789266577324575,1.0,0.5998845868529524,1.0,0.5998845868529524,0.0,0.0
367.49,1.0,0.5998845868529524,83.0,55.789266577324575,1.0,0.5998845868529524,1.0,0.5998845868529524,0.0,0.0
372.99335,1.0,0.5998845868529524,82.0,55.189381990471624,1.0,0.5998845868529524,1.0,0.5998845868529524,0.0,0.0
366.72168,1.0,0.5998845868529524,82.0,55.789266577324575,1.0,0.5998845868529524,1.0,0.5998845868529524,0.0,0.0
325.525,1.0,0.5998845868529524,82.0,55.789266577324575,1.0,0.5998845868529524,1.0,0.5998845868529524,0.0,0.0
338.76666,1.0,0.5998845868529524,82.0,55.189381990471624,1.0,0.5998845868529524,1.0,0.5998845868529524,0.0,0.0
340.625,1.0,0.5998845868529524,81.0,55.189381990471624,1.0,0.5998845868529524,1.0,0.5998845868529524,0.0,0.0
341.34833,1.0,0.5998845868529524,81.0,55.189381990471624,1.0,0.5998845868529524,1.0,0.5998845868529524,0.0,0.0
342.02667,1.0,0.5998845868529524,82.0,55.189381990471624,1.0,0.5998845868529524,1.0,0.5998845868529524,0.0,0.0
381.98666,1.0,0.5998845868529524,82.0,55.189381990471624,1.0,0.5998845868529524,1.0,0.5998845868529524,0.0,0.0
559.365,1.0,0.5998845868529524,99.0,54.58949740361867,1.0,0.5998845868529524,1.0,0.5998845868529524,0.0,0.0
541.02,1.0,0.5998845868529524,99.0,64.78753538011887,1.0,0.5998845868529524,1.0,0.5998845868529524,0.0,0.0
488.41666,1.0,0.5998845868529524,81.0,64.78753538011887,1.0,0.5998845868529524,1.0,0.5998845868529524,0.0,0.0
339.91,1.0,0.5998845868529524,81.0,64.78753538011887,1.0,0.5998845868529524,1.0,0.5998845868529524,0.0,0.0
340.47833,1.0,0.5998845868529524,81.0,54.58949740361867,1.0,0.5998845868529524,1.0,0.5998845868529524,0.0,0.0
340.79666,1.0,0.5998845868529524,81.0,54.58949740361867,1.0,0.5998845868529524,1.0,0.5998845868529524,0.0,0.0
341.37,1.0,0.5998845868529524,81.0,54.58949740361867,1.0,0.5998845868529524,1.0,0.5998845868529524,0.0,0.0
341.42166,1.0,0.5998845868529524,80.0,53.98961281676572,1.0,0.5998845868529524,1.0,0.5998845868529524,0.0,0.0
342.06833,1.0,0.5998845868529524,81.0,53.98961281676572,1.0,0.5998845868529524,1.0,0.5998845868529524,0.0,0.0
341.5,1.0,0.5998845868529524,81.0,54.58949740361867,1.0,0.5998845868529524,1.0,0.5998845868529524,0.0,0.0
341.60666,1.0,0.5998845868529524,81.0,53.98961281676572,1.0,0.5998845868529524,1.0,0.5998845868529524,0.0,0.0
341.71832,1.0,0.5998845868529524,81.0,53.38972822991277,1.0,0.5998845868529524,1.0,0.5998845868529524,0.0,0.0
341.29166,1.0,0.5998845868529524,82.0,53.38972822991277,1.0,0.5998845868529524,1.0,0.5998845868529524,0.0,0.0
341.13666,1.0,0.5998845868529524,81.0,53.98961281676572,1.0,0.5998845868529524,1.0,0.5998845868529524,0.0,0.0
341.15,1.0,0.5998845868529524,81.0,53.38972822991277,1.0,0.5998845868529524,1.0,0.5998845868529524,0.0,0.0
340.89,1.0,0.5998845868529524,81.0,53.38972822991277,1.0,0.5998845868529524,1.0,0.5998845868529524,0.0,0.0
341.30167,1.0,0.5998845868529524,81.0,53.38972822991277,1.0,0.5998845868529524,1.0,0.5998845868529524,0.0,0.0
340.785,1.0,0.5998845868529524,81.0,52.78984364305981,1.0,0.5998845868529524,1.0,0.5998845868529524,0.0,0.0
340.31668,1.0,0.6002854859588432,88.0,60.628834081843166,1.0,0.6002854859588432,1.0,0.6002854859588432,0.0,0.0
339.18167,1.0,0.6002854859588432,88.0,60.028548595884324,1.0,0.6002854859588432,1.0,0.6002854859588432,0.0,0.0
339.93167,1.0,0.6002854859588432,88.0,60.028548595884324,1.0,0.6002854859588432,1.0,0.6002854859588432,0.0,0.0
339.91168,1.0,0.6002854859588432,88.0,60.028548595884324,1.0,0.6002854859588432,1.0,0.6002854859588432,0.0,0.0
340.925,1.0,0.6002854859588432,88.0,59.42826310992548,1.0,0.6002854859588432,1.0,0.6002854859588432,0.0,0.0
340.53168,1.0,0.6002854859588432,87.0,59.42826310992548,1.0,0.6002854859588432,1.0,0.6002854859588432,0.0,0.0
340.78333,1.0,0.6002854859588432,88.0,58.82797762396664,1.0,0.6002854859588432,1.0,0.6002854859588432,0.0,0.0
341.26,1.0,0.6002854859588432,88.0,58.82797762396664,1.0,0.6002854859588432,1.0,0.6002854859588432,0.0,0.0
341.695,1.0,0.6002854859588432,88.0,58.82797762396664,1.0,0.6002854859588432,1.0,0.6002854859588432,0.0,0.0
342.80667,1.0,0.6002854859588432,88.0,58.82797762396664,1.0,0.6002854859588432,1.0,0.6002854859588432,0.0,0.0
342.73666,1.0,0.6002854859588432,88.0,58.82797762396664,1.0,0.6002854859588432,1.0,0.6002854859588432,0.0,0.0
342.245,1.0,0.6002854859588432,88.0,58.2276921380078,1.0,0.6002854859588432,1.0,0.6002854859588432,0.0,0.0
343.07834,1.0,0.6002854859588432,88.0,58.2276921380078,1.0,0.6002854859588432,1.0,0.6002854859588432,0.0,0.0
343.248,1.0,0.6002854859588432,88.0,58.2276921380078,1.0,0.6002854859588432,1.0,0.6002854859588432,0.0,0.0
342.39334,1.0,0.6002854859588432,88.0,57.62740665204895,1.0,0.6002854859588432,1.0,0.6002854859588432,0.0,0.0
342.10333,1.0,0.6002854859588432,88.0,58.2276921380078,1.0,0.6002854859588432,1.0,0.6002854859588432,0.0,0.0
342.66666,1.0,0.6002854859588432,87.0,57.027121166090105,1.0,0.6002854859588432,1.0,0.6002854859588432,0.0,0.0
342.06,1.0,0.6002854859588432,87.0,57.62740665204895,1.0,0.6002854859588432,1.0,0.6002854859588432,0.0,0.0
341.85834,1.0,0.6002854859588432,87.0,57.027121166090105,1.0,0.6002854859588432,1.0,0.6002854859588432,0.0,0.0
342.645,1.0,0.6002854859588432,87.0,57.027121166090105,1.0,0.6002854859588432,1.0,0.6002854859588432,0.0,0.0
342.39334,1.0,0.6002854859588432,88.0,56.42683568013126,1.0,0.6002854859588432,1.0,0.6002854859588432,0.0,0.0
342.46832,1.0,0.6002854859588432,88.0,56.42683568013126,1.0,0.6002854859588432,1.0,0.6002854859588432,0.0,0.0
342.30667,1.0,0.6002854859588432,88.0,57.027121166090105,1.0,0.6002854859588432,1.0,0.6002854859588432,0.0,0.0
342.89,1.0,0.6002854859588432,88.0,56.42683568013126,1.0,0.6002854859588432,1.0,0.6002854859588432,0.0,0.0
339.03168,1.0,0.6002854859588432,88.0,56.42683568013126,1.0,0.6002854859588432,1.0,0.6002854859588432,0.0,0.0
323.57333,1.0,0.6002854859588432,88.0,56.42683568013126,1.0,0.6002854859588432,1.0,0.6002854859588432,0.0,0.0
323.72,1.0,0.6002854859588432,88.0,56.42683568013126,1.0,0.6002854859588432,1.0,0.6002854859588432,0.0,0.0
323.43332,1.0,0.6002854859588432,88.0,56.42683568013126,1.0,0.6002854859588432,1.0,0.6002854859588432,0.0,0.0
359.13333,1.0,0.6002854859588432,83.0,55.82655019417242,1.0,0.6002854859588432,1.0,0.6002854859588432,0.0,0.0
368.83832,1.0,0.6002854859588432,83.0,55.82655019417242,1.0,0.6002854859588432,1.0,0.6002854859588432,0.0,0.0
368.51334,1.0,0.6002854859588432,83.0,56.42683568013126,1.0,0.6002854859588432,1.0,0.6002854859588432,0.0,0.0
368.015,1.0,0.6002854859588432,83.0,55.82655019417242,1.0,0.6002854859588432,1.0,0.6002854859588432,0.0,0.0
367.49,1.0,0.6002854859588432,83.0,55.82655019417242,1.0,0.6002854859588432,1.0,0.6002854859588432,0.0,0.0
372.99335,1.0,0.6002854859588432,82.0,55.22626470821358,1.0,0.6002854859588432,1.0,0.6002854859588432,0.0,0.0
366.72168,1.0,0.6002854859588432,82.0,55.82655019417242,1.0,0.6002854859588432,1.0,0.6002854859588432,0.0,0.0
325.525,1.0,0.6002854859588432,82.0,55.82655019417242,1.0,0.6002854859588432,1.0,0.6002854859588432,0.0,0.0
338.76666,1.0,0.6002854859588432,82.0,55.22626470821358,1.0,0.6002854859588432,1.0,0.6002854859588432,0.0,0.0
340.625,1.0,0.6002854859588432,81.0,55.22626470821358,1.0,0.6002854859588432,1.0,0.6002854859588432,0.0,0.0
341.34833,1.0,0.6002854859588432,81.0,55.22626470821358,1.0,0.6002854859588432,1.0,0.6002854859588432,0.0,0.0
342.02667,1.0,0.6002854859588432,82.0,55.22626470821358,1.0,0.6002854859588432,1.0,0.6002854859588432,0.0,0.0
381.98666,1.0,0.6002854859588432,82.0,55.22626470821358,1.0,0.6002854859588432,1.0,0.6002854859588432,0.0,0.0
559.365,1.0,0.6002854859588432,99.0,54.625979222254735,1.0,0.6002854859588432,1.0,0.6002854859588432,0.0,0.0
541.02,1.0,0.6002854859588432,99.0,64.83083248355507,1.0,0.6002854859588432,1.0,0.6002854859588432,0.0,0.0
488.41666,1.0,0.6002854859588432,81.0,64.83083248355507,1.0,0.6002854859588432,1.0,0.6002854859588432,0.0,0.0
339.91,1.0,0.6002854859588432,81.0,64.83083248355507,1.0,0.6002854859588432,1.0,0.6002854859588432,0.0,0.0
340.47833,1.0,0.6002854859588432,81.0,54.625979222254735,1.0,0.6002854859588432,1.0,0.6002854859588432,0.0,0.0
340.79666,1.0,0.6002854859588432,81.0,54.625979222254735,1.0,0.6002854859588432,1.0,0.6002854859588432,0.0,0.0
341.37,1.0,0.6002854859588432,81.0,54.625979222254735,1.0,0.6002854859588432,1.0,0.6002854859588432,0.0,0.0
341.42166,1.0,0.6002854859588432,80.0,54.02569373629589,1.0,0.6002854859588432,1.0,0.6002854859588432,0.0,0.0
342.06833,1.0,0.6002854859588432,81.0,54.02569373629589,1.0,0.6002854859588432,1.0,0.6002854859588432,0.0,0.0
341.5,1.0,0.6002854859588432,81.0,54.625979222254735,1.0,0.6002854859588432,1.0,0.6002854859588432,0.0,0.0
341.60666,1.0,0.6002854859588432,81.0,54.02569373629589,1.0,0.6002854859588432,1.0,0.6002854859588432,0.0,0.0
341.71832,1.0,0.6002854859588432,81.0,53.42540825033705,1.0,0.6002854859588432,1.0,0.6002854859588432,0.0,0.0
341.29166,1.0,0.6002854859588432,82.0,53.42540825033705,1.0,0.6002854859588432,1.0,0.6002854859588432,0.0,0.0
341.13666,1.0,0.6002854859588432,81.0,54.02569373629589,1.0,0.6002854859588432,1.0,0.6002854859588432,0.0,0.0
341.15,1.0,0.6002854859588432,81.0,53.42540825033705,1.0,0.6002854859588432,1.0,0.6002854859588432,0.0,0.0
340.89,1.0,0.6002854859588432,81.0,53.42540825033705,1.0,0.6002854859588432,1.0,0.6002854859588432,0.0,0.0
341.30167,1.0,0.6002854859588432,81.0,53.42540825033705,1.0,0.6002854859588432,1.0,0.6002854859588432,0.0,0.0
340.785,1.0,0.6002854859588432,81.0,52.82512276437821,1.0,0.6002854859588432,1.0,0.6002854859588432,0.0,0.0
341.08334,1.0,0.6002854859588432,81.0,53.42540825033705,1.0,0.6002854859588432,1.0,0.6002854859588432,0.0,0.0
339.18167,1.0,0.6005919411678812,88.0,60.05919411678812,1.0,0.6005919411678812,1.0,0.6005919411678812,0.0,0.0
339.93167,1.0,0.6005919411678812,88.0,60.05919411678812,1.0,0.6005919411678812,1.0,0.6005919411678812,0.0,0.0
339.91168,1.0,0.6005919411678812,88.0,60.05919411678812,1.0,0.6005919411678812,1.0,0.6005919411678812,0.0,0.0
340.925,1.0,0.6005919411678812,88.0,59.458602175620236,1.0,0.6005919411678812,1.0,0.6005919411678812,0.0,0.0
340.53168,1.0,0.6005919411678812,87.0,59.458602175620236,1.0,0.6005919411678812,1.0,0.6005919411678812,0.0,0.0
340.78333,1.0,0.6005919411678812,88.0,58.85801023445236,1.0,0.6005919411678812,1.0,0.6005919411678812,0.0,0.0
341.26,1.0,0.6005919411678812,88.0,58.85801023445236,1.0,0.6005919411678812,1.0,0.6005919411678812,0.0,0.0
341.695,1.0,0.6005919411678812,88.0,58.85801023445236,1.0,0.6005919411678812,1.0,0.6005919411678812,0.0,0.0
342.80667,1.0,0.6005919411678812,88.0,58.85801023445236,1.0,0.6005919411678812,1.0,0.6005919411678812,0.0,0.0
342.73666,1.0,0.6005919411678812,88.0,58.85801023445236,1.0,0.6005919411678812,1.0,0.6005919411678812,0.0,0.0
342.245,1.0,0.6005919411678812,88.0,58.25741829328447,1.0,0.6005919411678812,1.0,0.6005919411678812,0.0,0.0
343.07834,1.0,0.6005919411678812,88.0,58.25741829328447,1.0,0.6005919411678812,1.0,0.6005919411678812,0.0,0.0
343.248,1.0,0.6005919411678812,88.0,58.25741829328447,1.0,0.6005919411678812,1.0,0.6005919411678812,0.0,0.0
342.39334,1.0,0.6005919411678812,88.0,57.656826352116596,1.0,0.6005919411678812,1.0,0.6005919411678812,0.0,0.0
342.10333,1.0,0.6005919411678812,88.0,58.25741829328447,1.0,0.6005919411678812,1.0,0.6005919411678812,0.0,0.0
342.66666,1.0,0.6005919411678812,87.0,57.05623441094871,1.0,0.6005919411678812,1.0,0.6005919411678812,0.0,0.0
342.06,1.0,0.6005919411678812,87.0,57.656826352116596,1.0,0.6005919411678812,1.0,0.6005919411678812,0.0,0.0
341.85834,1.0,0.6005919411678812,87.0,57.05623441094871,1.0,0.6005919411678812,1.0,0.6005919411678812,0.0,0.0
342.645,1.0,0.6005919411678812,87.0,57.05623441094871,1.0,0.6005919411678812,1.0,0.6005919411678812,0.0,0.0
342.39334,1.0,0.6005919411678812,88.0,56.45564246978083,1.0,0.6005919411678812,1.0,0.6005919411678812,0.0,0.0
342.46832,1.0,0.6005919411678812,88.0,56.45564246978083,1.0,0.6005919411678812,1.0,0.6005919411678812,0.0,0.0
342.30667,1.0,0.6005919411678812,88.0,57.05623441094871,1.0,0.6005919411678812,1.0,0.6005919411678812,0.0,0.0
342.89,1.0,0.6005919411678812,88.0,56.45564246978083,1.0,0.6005919411678812,1.0,0.6005919411678812,0.0,0.0
339.03168,1.0,0.6005919411678812,88.0,56.45564246978083,1.0,0.6005919411678812,1.0,0.6005919411678812,0.0,0.0
323.57333,1.0,0.6005919411678812,88.0,56.45564246978083,1.0,0.6005919411678812,1.0,0.6005919411678812,0.0,0.0
323.72,1.0,0.6005919411678812,88.0,56.45564246978083,1.0,0.6005919411678812,1.0,0.6005919411678812,0.0,0.0
323.43332,1.0,0.6005919411678812,88.0,56.45564246978083,1.0,0.6005919411678812,1.0,0.6005919411678812,0.0,0.0
359.13333,1.0,0.6005919411678812,83.0,55.85505052861295,1.0,0.6005919411678812,1.0,0.6005919411678812,0.0,0.0
368.83832,1.0,0.6005919411678812,83.0,55.85505052861295,1.0,0.6005919411678812,1.0,0.6005919411678812,0.0,0.0
368.51334,1.0,0.6005919411678812,83.0,56.45564246978083,1.0,0.6005919411678812,1.0,0.6005919411678812,0.0,0.0
368.015,1.0,0.6005919411678812,83.0,55.85505052861295,1.0,0.6005919411678812,1.0,0.6005919411678812,0.0,0.0
367.49,1.0,0.6005919411678812,83.0,55.85505052861295,1.0,0.6005919411678812,1.0,0.6005919411678812,0.0,0.0
372.99335,1.0,0.6005919411678812,82.0,55.254458587445065,1.0,0.6005919411678812,1.0,0.6005919411678812,0.0,0.0
366.72168,1.0,0.6005919411678812,82.0,55.85505052861295,1.0,0.6005919411678812,1.0,0.6005919411678812,0.0,0.0
325.525,1.0,0.6005919411678812,82.0,55.85505052861295,1.0,0.6005919411678812,1.0,0.6005919411678812,0.0,0.0
338.76666,1.0,0.6005919411678812,82.0,55.254458587445065,1.0,0.6005919411678812,1.0,0.6005919411678812,0.0,0.0
340.625,1.0,0.6005919411678812,81.0,55.254458587445065,1.0,0.6005919411678812,1.0,0.6005919411678812,0.0,0.0
341.34833,1.0,0.6005919411678812,81.0,55.254458587445065,1.0,0.6005919411678812,1.0,0.6005919411678812,0.0,0.0
342.02667,1.0,0.6005919411678812,82.0,55.254458587445065,1.0,0.6005919411678812,1.0,0.6005919411678812,0.0,0.0
381.98666,1.0,0.6005919411678812,82.0,55.254458587445065,1.0,0.6005919411678812,1.0,0.6005919411678812,0.0,0.0
559.365,1.0,0.6005919411678812,99.0,54.65386664627719,1.0,0.6005919411678812,1.0,0.6005919411678812,0.0,0.0
541.02,1.0,0.6005919411678812,99.0,64.86392964613117,1.0,0.6005919411678812,1.0,0.6005919411678812,0.0,0.0
488.41666,1.0,0.6005919411678812,81.0,64.86392964613117,1.0,0.6005919411678812,1.0,0.6005919411678812,0.0,0.0
339.91,1.0,0.6005919411678812,81.0,64.86392964613117,1.0,0.6005919411678812,1.0,0.6005919411678812,0.0,0.0
340.47833,1.0,0.6005919411678812,81.0,54.65386664627719,1.0,0.6005919411678812,1.0,0.6005919411678812,0.0,0.0
340.79666,1.0,0.6005919411678812,81.0,54.65386664627719,1.0,0.6005919411678812,1.0,0.6005919411678812,0.0,0.0
341.37,1.0,0.6005919411678812,81.0,54.65386664627719,1.0,0.6005919411678812,1.0,0.6005919411678812,0.0,0.0
341.42166,1.0,0.6005919411678812,80.0,54.0532747051093,1.0,0.6005919411678812,1.0,0.6005919411678812,0.0,0.0
342.06833,1.0,0.6005919411678812,81.0,54.0532747051093,1.0,0.6005919411678812,1.0,0.6005919411678812,0.0,0.0
341.5,1.0,0.6005919411678812,81.0,54.65386664627719,1.0,0.6005919411678812,1.0,0.6005919411678812,0.0,0.0
341.60666,1.0,0.6005919411678812,81.0,54.0532747051093,1.0,0.6005919411678812,1.0,0.6005919411678812,0.0,0.0
341.71832,1.0,0.6005919411678812,81.0,53.452682763941425,1.0,0.6005919411678812,1.0,0.6005919411678812,0.0,0.0
341.29166,1.0,0.6005919411678812,82.0,53.452682763941425,1.0,0.6005919411678812,1.0,0.6005919411678812,0.0,0.0
341.13666,1.0,0.6005919411678812,81.0,54.0532747051093,1.0,0.6005919411678812,1.0,0.6005919411678812,0.0,0.0
341.15,1.0,0.6005919411678812,81.0,53.452682763941425,1.0,0.6005919411678812,1.0,0.6005919411678812,0.0,0.0
340.89,1.0,0.6005919411678812,81.0,53.452682763941425,1.0,0.6005919411678812,1.0,0.6005919411678812,0.0,0.0
341.30167,1.0,0.6005919411678812,81.0,53.452682763941425,1.0,0.6005919411678812,1.0,0.6005919411678812,0.0,0.0
340.785,1.0,0.6005919411678812,81.0,52.85209082277354,1.0,0.6005919411678812,1.0,0.6005919411678812,0.0,0.0
341.08334,1.0,0.6005919411678812,81.0,53.452682763941425,1.0,0.6005919411678812,1.0,0.6005919411678812,0.0,0.0
340.99835,1.0,0.6005919411678812,81.0,53.452682763941425,1.0,0.6005919411678812,1.0,0.6005919411678812,0.0,0.0
339.93167,1.0,0.6009839378708064,88.0,60.09839378708064,1.0,0.6009839378708064,1.0,0.6009839378708064,0.0,0.0
339.91168,1.0,0.6009839378708064,88.0,60.09839378708064,1.0,0.6009839378708064,1.0,0.6009839378708064,0.0,0.0
340.925,1.0,0.6009839378708064,88.0,59.49740984920983,1.0,0.6009839378708064,1.0,0.6009839378708064,0.0,0.0
340.53168,1.0,0.6009839378708064,87.0,59.49740984920983,1.0,0.6009839378708064,1.0,0.6009839378708064,0.0,0.0
340.78333,1.0,0.6009839378708064,88.0,58.89642591133903,1.0,0.6009839378708064,1.0,0.6009839378708064,0.0,0.0
341.26,1.0,0.6009839378708064,88.0,58.89642591133903,1.0,0.6009839378708064,1.0,0.6009839378708064,0.0,0.0
341.695,1.0,0.6009839378708064,88.0,58.89642591133903,1.0,0.6009839378708064,1.0,0.6009839378708064,0.0,0.0
342.80667,1.0,0.6009839378708064,88.0,58.89642591133903,1.0,0.6009839378708064,1.0,0.6009839378708064,0.0,0.0
342.73666,1.0,0.6009839378708064,88.0,58.89642591133903,1.0,0.6009839378708064,1.0,0.6009839378708064,0.0,0.0
342.245,1.0,0.6009839378708064,88.0,58.29544197346822,1.0,0.6009839378708064,1.0,0.6009839378708064,0.0,0.0
343.07834,1.0,0.6009839378708064,88.0,58.29544197346822,1.0,0.6009839378708064,1.0,0.6009839378708064,0.0,0.0
343.248,1.0,0.6009839378708064,88.0,58.29544197346822,1.0,0.6009839378708064,1.0,0.6009839378708064,0.0,0.0
342.39334,1.0,0.6009839378708064,88.0,57.694458035597414,1.0,0.6009839378708064,1.0,0.6009839378708064,0.0,0.0
342.10333,1.0,0.6009839378708064,88.0,58.29544197346822,1.0,0.6009839378708064,1.0,0.6009839378708064,0.0,0.0
342.66666,1.0,0.6009839378708064,87.0,57.093474097726606,1.0,0.6009839378708064,1.0,0.6009839378708064,0.0,0.0
342.06,1.0,0.6009839378708064,87.0,57.694458035597414,1.0,0.6009839378708064,1.0,0.6009839378708064,0.0,0.0
341.85834,1.0,0.6009839378708064,87.0,57.093474097726606,1.0,0.6009839378708064,1.0,0.6009839378708064,0.0,0.0
342.645,1.0,0.6009839378708064,87.0,57.093474097726606,1.0,0.6009839378708064,1.0,0.6009839378708064,0.0,0.0
342.39334,1.0,0.6009839378708064,88.0,56.4924901598558,1.0,0.6009839378708064,1.0,0.6009839378708064,0.0,0.0
342.46832,1.0,0.6009839378708064,88.0,56.4924901598558,1.0,0.6009839378708064,1.0,0.6009839378708064,0.0,0.0
342.30667,1.0,0.6009839378708064,88.0,57.093474097726606,1.0,0.6009839378708064,1.0,0.6009839378708064,0.0,0.0
342.89,1.0,0.6009839378708064,88.0,56.4924901598558,1.0,0.6009839378708064,1.0,0.6009839378708064,0.0,0.0
339.03168,1.0,0.6009839378708064,88.0,56.4924901598558,1.0,0.6009839378708064,1.0,0.6009839378708064,0.0,0.0
323.57333,1.0,0.6009839378708064,88.0,56.4924901598558,1.0,0.6009839378708064,1.0,0.6009839378708064,0.0,0.0
323.72,1.0,0.6009839378708064,88.0,56.4924901598558,1.0,0.6009839378708064,1.0,0.6009839378708064,0.0,0.0
323.43332,1.0,0.6009839378708064,88.0,56.4924901598558,1.0,0.6009839378708064,1.0,0.6009839378708064,0.0,0.0
359.13333,1.0,0.6009839378708064,83.0,55.891506221985,1.0,0.6009839378708064,1.0,0.6009839378708064,0.0,0.0
368.83832,1.0,0.6009839378708064,83.0,55.891506221985,1.0,0.6009839378708064,1.0,0.6009839378708064,0.0,0.0
368.51334,1.0,0.6009839378708064,83.0,56.4924901598558,1.0,0.6009839378708064,1.0,0.6009839378708064,0.0,0.0
368.015,1.0,0.6009839378708064,83.0,55.891506221985,1.0,0.6009839378708064,1.0,0.6009839378708064,0.0,0.0
367.49,1.0,0.6009839378708064,83.0,55.891506221985,1.0,0.6009839378708064,1.0,0.6009839378708064,0.0,0.0
372.99335,1.0,0.6009839378708064,82.0,55.29052228411419,1.0,0.6009839378708064,1.0,0.6009839378708064,0.0,0.0
366.72168,1.0,0.6009839378708064,82.0,55.891506221985,1.0,0.6009839378708064,1.0,0.6009839378708064,0.0,0.0
325.525,1.0,0.6009839378708064,82.0,55.891506221985,1.0,0.6009839378708064,1.0,0.6009839378708064,0.0,0.0
338.76666,1.0,0.6009839378708064,82.0,55.29052228411419,1.0,0.6009839378708064,1.0,0.6009839378708064,0.0,0.0
340.625,1.0,0.6009839378708064,81.0,55.29052228411419,1.0,0.6009839378708064,1.0,0.6009839378708064,0.0,0.0
341.34833,1.0,0.6009839378708064,81.0,55.29052228411419,1.0,0.6009839378708064,1.0,0.6009839378708064,0.0,0.0
342.02667,1.0,0.6009839378708064,82.0,55.29052228411419,1.0,0.6009839378708064,1.0,0.6009839378708064,0.0,0.0
381.98666,1.0,0.6009839378708064,82.0,55.29052228411419,1.0,0.6009839378708064,1.0,0.6009839378708064,0.0,0.0
559.365,1.0,0.6009839378708064,99.0,54.68953834624338,1.0,0.6009839378708064,1.0,0.6009839378708064,0.0,0.0
541.02,1.0,0.6009839378708064,99.0,64.90626529004709,1.0,0.6009839378708064,1.0,0.6009839378708064,0.0,0.0
488.41666,1.0,0.6009839378708064,81.0,64.90626529004709,1.0,0.6009839378708064,1.0,0.6009839378708064,0.0,0.0
339.91,1.0,0.6009839378708064,81.0,64.90626529004709,1.0,0.6009839378708064,1.0,0.6009839378708064,0.0,0.0
340.47833,1.0,0.6009839378708064,81.0,54.68953834624338,1.0,0.6009839378708064,1.0,0.6009839378708064,0.0,0.0
340.79666,1.0,0.6009839378708064,81.0,54.68953834624338,1.0,0.6009839378708064,1.0,0.6009839378708064,0.0,0.0
341.37,1.0,0.6009839378708064,81.0,54.68953834624338,1.0,0.6009839378708064,1.0,0.6009839378708064,0.0,0.0
341.42166,1.0,0.6009839378708064,80.0,54.08855440837257,1.0,0.6009839378708064,1.0,0.6009839378708064,0.0,0.0
342.06833,1.0,0.6009839378708064,81.0,54.08855440837257,1.0,0.6009839378708064,1.0,0.6009839378708064,0.0,0.0
341.5,1.0,0.6009839378708064,81.0,54.68953834624338,1.0,0.6009839378708064,1.0,0.6009839378708064,0.0,0.0
341.60666,1.0,0.6009839378708064,81.0,54.08855440837257,1.0,0.6009839378708064,1.0,0.6009839378708064,0.0,0.0
341.71832,1.0,0.6009839378708064,81.0,53.48757047050177,1.0,0.6009839378708064,1.0,0.6009839378708064,0.0,0.0
341.29166,1.0,0.6009839378708064,82.0,53.48757047050177,1.0,0.6009839378708064,1.0,0.6009839378708064,0.0,0.0
341.13666,1.0,0.6009839378708064,81.0,54.08855440837257,1.0,0.6009839378708064,1.0,0.6009839378708064,0.0,0.0
341.15,1.0,0.6009839378708064,81.0,53.48757047050177,1.0,0.6009839378708064,1.0,0.6009839378708064,0.0,0.0
340.89,1.0,0.6009839378708064,81.0,53.48757047050177,1.0,0.6009839378708064,1.0,0.6009839378708064,0.0,0.0
341.30167,1.0,0.6009839378708064,81.0,53.48757047050177,1.0,0.6009839378708064,1.0,0.6009839378708064,0.0,0.0
340.785,1.0,0.6009839378708064,81.0,52.886586532630965,1.0,0.6009839378708064,1.0,0.6009839378708064,0.0,0.0
341.08334,1.0,0.6009839378708064,81.0,53.48757047050177,1.0,0.6009839378708064,1.0,0.6009839378708064,0.0,0.0
340.99835,1.0,0.6009839378708064,81.0,53.48757047050177,1.0,0.6009839378708064,1.0,0.6009839378708064,0.0,0.0
340.98666,1.0,0.6009839378708064,80.0,52.886586532630965,1.0,0.6009839378708064,1.0,0.6009839378708064,0.0,0.0
339.91168,1.0,0.6013317220993791,88.0,60.13317220993791,1.0,0.6013317220993791,1.0,0.6013317220993791,0.0,0.0
340.925,1.0,0.6013317220993791,88.0,59.53184048783854,1.0,0.6013317220993791,1.0,0.6013317220993791,0.0,0.0
340.53168,1.0,0.6013317220993791,87.0,59.53184048783854,1.0,0.6013317220993791,1.0,0.6013317220993791,0.0,0.0
340.78333,1.0,0.6013317220993791,88.0,58.930508765739155,1.0,0.6013317220993791,1.0,0.6013317220993791,0.0,0.0
341.26,1.0,0.6013317220993791,88.0,58.930508765739155,1.0,0.6013317220993791,1.0,0.6013317220993791,0.0,0.0
341.695,1.0,0.6013317220993791,88.0,58.930508765739155,1.0,0.6013317220993791,1.0,0.6013317220993791,0.0,0.0
342.80667,1.0,0.6013317220993791,88.0,58.930508765739155,1.0,0.6013317220993791,1.0,0.6013317220993791,0.0,0.0
342.73666,1.0,0.6013317220993791,88.0,58.930508765739155,1.0,0.6013317220993791,1.0,0.6013317220993791,0.0,0.0
342.245,1.0,0.6013317220993791,88.0,58.329177043639774,1.0,0.6013317220993791,1.0,0.6013317220993791,0.0,0.0
343.07834,1.0,0.6013317220993791,88.0,58.329177043639774,1.0,0.6013317220993791,1.0,0.6013317220993791,0.0,0.0
343.248,1.0,0.6013317220993791,88.0,58.329177043639774,1.0,0.6013317220993791,1.0,0.6013317220993791,0.0,0.0
342.39334,1.0,0.6013317220993791,88.0,57.7278453215404,1.0,0.6013317220993791,1.0,0.6013317220993791,0.0,0.0
342.10333,1.0,0.6013317220993791,88.0,58.329177043639774,1.0,0.6013317220993791,1.0,0.6013317220993791,0.0,0.0
342.66666,1.0,0.6013317220993791,87.0,57.12651359944102,1.0,0.6013317220993791,1.0,0.6013317220993791,0.0,0.0
342.06,1.0,0.6013317220993791,87.0,57.7278453215404,1.0,0.6013317220993791,1.0,0.6013317220993791,0.0,0.0
341.85834,1.0,0.6013317220993791,87.0,57.12651359944102,1.0,0.6013317220993791,1.0,0.6013317220993791,0.0,0.0
342.645,1.0,0.6013317220993791,87.0,57.12651359944102,1.0,0.6013317220993791,1.0,0.6013317220993791,0.0,0.0
342.39334,1.0,0.6013317220993791,88.0,56.52518187734164,1.0,0.6013317220993791,1.0,0.6013317220993791,0.0,0.0
342.46832,1.0,0.6013317220993791,88.0,56.52518187734164,1.0,0.6013317220993791,1.0,0.6013317220993791,0.0,0.0
342.30667,1.0,0.6013317220993791,88.0,57.12651359944102,1.0,0.6013317220993791,1.0,0.6013317220993791,0.0,0.0
342.89,1.0,0.6013317220993791,88.0,56.52518187734164,1.0,0.6013317220993791,1.0,0.6013317220993791,0.0,0.0
339.03168,1.0,0.6013317220993791,88.0,56.52518187734164,1.0,0.6013317220993791,1.0,0.6013317220993791,0.0,0.0
323.57333,1.0,0.6013317220993791,88.0,56.52518187734164,1.0,0.6013317220993791,1.0,0.6013317220993791,0.0,0.0
323.72,1.0,0.6013317220993791,88.0,56.52518187734164,1.0,0.6013317220993791,1.0,0.6013317220993791,0.0,0.0
323.43332,1.0,0.6013317220993791,88.0,56.52518187734164,1.0,0.6013317220993791,1.0,0.6013317220993791,0.0,0.0
359.13333,1.0,0.6013317220993791,83.0,55.923850155242256,1.0,0.6013317220993791,1.0,0.6013317220993791,0.0,0.0
368.83832,1.0,0.6013317220993791,83.0,55.923850155242256,1.0,0.6013317220993791,1.0,0.6013317220993791,0.0,0.0
368.51334,1.0,0.6013317220993791,83.0,56.52518187734164,1.0,0.6013317220993791,1.0,0.6013317220993791,0.0,0.0
368.015,1.0,0.6013317220993791,83.0,55.923850155242256,1.0,0.6013317220993791,1.0,0.6013317220993791,0.0,0.0
367.49,1.0,0.6013317220993791,83.0,55.923850155242256,1.0,0.6013317220993791,1.0,0.6013317220993791,0.0,0.0
372.99335,1.0,0.6013317220993791,82.0,55.32251843314288,1.0,0.6013317220993791,1.0,0.6013317220993791,0.0,0.0
366.72168,1.0,0.6013317220993791,82.0,55.923850155242256,1.0,0.6013317220993791,1.0,0.6013317220993791,0.0,0.0
325.525,1.0,0.6013317220993791,82.0,55.923850155242256,1.0,0.6013317220993791,1.0,0.6013317220993791,0.0,0.0
338.76666,1.0,0.6013317220993791,82.0,55.32251843314288,1.0,0.6013317220993791,1.0,0.6013317220993791,0.0,0.0
340.625,1.0,0.6013317220993791,81.0,55.32251843314288,1.0,0.6013317220993791,1.0,0.6013317220993791,0.0,0.0
341.34833,1.0,0.6013317220993791,81.0,55.32251843314288,1.0,0.6013317220993791,1.0,0.6013317220993791,0.0,0.0
342.02667,1.0,0.6013317220993791,82.0,55.32251843314288,1.0,0.6013317220993791,1.0,0.6013317220993791,0.0,0.0
381.98666,1.0,0.6013317220993791,82.0,55.32251843314288,1.0,0.6013317220993791,1.0,0.6013317220993791,0.0,0.0
559.365,1.0,0.6013317220993791,99.0,54.7211867110435,1.0,0.6013317220993791,1.0,0.6013317220993791,0.0,0.0
541.02,1.0,0.6013317220993791,99.0,64.94382598673295,1.0,0.6013317220993791,1.0,0.6013317220993791,0.0,0.0
488.41666,1.0,0.6013317220993791,81.0,64.94382598673295,1.0,0.6013317220993791,1.0,0.6013317220993791,0.0,0.0
339.91,1.0,0.6013317220993791,81.0,64.94382598673295,1.0,0.6013317220993791,1.0,0.6013317220993791,0.0,0.0
340.47833,1.0,0.6013317220993791,81.0,54.7211867110435,1.0,0.6013317220993791,1.0,0.6013317220993791,0.0,0.0
340.79666,1.0,0.6013317220993791,81.0,54.7211867110435,1.0,0.6013317220993791,1.0,0.6013317220993791,0.0,0.0
341.37,1.0,0.6013317220993791,81.0,54.7211867110435,1.0,0.6013317220993791,1.0,0.6013317220993791,0.0,0.0
341.42166,1.0,0.6013317220993791,80.0,54.11985498894412,1.0,0.6013317220993791,1.0,0.6013317220993791,0.0,0.0
342.06833,1.0,0.6013317220993791,81.0,54.11985498894412,1.0,0.6013317220993791,1.0,0.6013317220993791,0.0,0.0
341.5,1.0,0.6013317220993791,81.0,54.7211867110435,1.0,0.6013317220993791,1.0,0.6013317220993791,0.0,0.0
341.60666,1.0,0.6013317220993791,81.0,54.11985498894412,1.0,0.6013317220993791,1.0,0.6013317220993791,0.0,0.0
341.71832,1.0,0.6013317220993791,81.0,53.518523266844745,1.0,0.6013317220993791,1.0,0.6013317220993791,0.0,0.0
341.29166,1.0,0.6013317220993791,82.0,53.518523266844745,1.0,0.6013317220993791,1.0,0.6013317220993791,0.0,0.0
341.13666,1.0,0.6013317220993791,81.0,54.11985498894412,1.0,0.6013317220993791,1.0,0.6013317220993791,0.0,0.0
341.15,1.0,0.6013317220993791,81.0,53.518523266844745,1.0,0.6013317220993791,1.0,0.6013317220993791,0.0,0.0
340.89,1.0,0.6013317220993791,81.0,53.518523266844745,1.0,0.6013317220993791,1.0,0.6013317220993791,0.0,0.0
341.30167,1.0,0.6013317220993791,81.0,53.518523266844745,1.0,0.6013317220993791,1.0,0.6013317220993791,0.0,0.0
340.785,1.0,0.6013317220993791,81.0,52.917191544745364,1.0,0.6013317220993791,1.0,0.6013317220993791,0.0,0.0
341.08334,1.0,0.6013317220993791,81.0,53.518523266844745,1.0,0.6013317220993791,1.0,0.6013317220993791,0.0,0.0
340.99835,1.0,0.6013317220993791,81.0,53.518523266844745,1.0,0.6013317220993791,1.0,0.6013317220993791,0.0,0.0
340.98666,1.0,0.6013317220993791,80.0,52.917191544745364,1.0,0.6013317220993791,1.0,0.6013317220993791,0.0,0.0
341.52167,1.0,0.6013317220993791,80.0,52.917191544745364,1.0,0.6013317220993791,1.0,0.6013317220993791,0.0,0.0
340.925,1.0,0.6015685119718814,88.0,59.55528268521626,1.0,0.6015685119718814,1.0,0.6015685119718814,0.0,0.0
340.53168,1.0,0.6015685119718814,87.0,59.55528268521626,1.0,0.6015685119718814,1.0,0.6015685119718814,0.0,0.0
340.78333,1.0,0.6015685119718814,88.0,58.95371417324438,1.0,0.6015685119718814,1.0,0.6015685119718814,0.0,0.0
341.26,1.0,0.6015685119718814,88.0,58.95371417324438,1.0,0.6015685119718814,1.0,0.6015685119718814,0.0,0.0
341.695,1.0,0.6015685119718814,88.0,58.95371417324438,1.0,0.6015685119718814,1.0,0.6015685119718814,0.0,0.0
342.80667,1.0,0.6015685119718814,88.0,58.95371417324438,1.0,0.6015685119718814,1.0,0.6015685119718814,0.0,0.0
342.73666,1.0,0.6015685119718814,88.0,58.95371417324438,1.0,0.6015685119718814,1.0,0.6015685119718814,0.0,0.0
342.245,1.0,0.6015685119718814,88.0,58.3521456612725,1.0,0.6015685119718814,1.0,0.6015685119718814,0.0,0.0
343.07834,1.0,0.6015685119718814,88.0,58.3521456612725,1.0,0.6015685119718814,1.0,0.6015685119718814,0.0,0.0
343.248,1.0,0.6015685119718814,88.0,58.3521456612725,1.0,0.6015685119718814,1.0,0.6015685119718814,0.0,0.0
342.39334,1.0,0.6015685119718814,88.0,57.75057714930062,1.0,0.6015685119718814,1.0,0.6015685119718814,0.0,0.0
342.10333,1.0,0.6015685119718814,88.0,58.3521456612725,1.0,0.6015685119718814,1.0,0.6015685119718814,0.0,0.0
342.66666,1.0,0.6015685119718814,87.0,57.149008637328734,1.0,0.6015685119718814,1.0,0.6015685119718814,0.0,0.0
342.06,1.0,0.6015685119718814,87.0,57.75057714930062,1.0,0.6015685119718814,1.0,0.6015685119718814,0.0,0.0
341.85834,1.0,0.6015685119718814,87.0,57.149008637328734,1.0,0.6015685119718814,1.0,0.6015685119718814,0.0,0.0
342.645,1.0,0.6015685119718814,87.0,57.149008637328734,1.0,0.6015685119718814,1.0,0.6015685119718814,0.0,0.0
342.39334,1.0,0.6015685119718814,88.0,56.54744012535686,1.0,0.6015685119718814,1.0,0.6015685119718814,0.0,0.0
342.46832,1.0,0.6015685119718814,88.0,56.54744012535686,1.0,0.6015685119718814,1.0,0.6015685119718814,0.0,0.0
342.30667,1.0,0.6015685119718814,88.0,57.149008637328734,1.0,0.6015685119718814,1.0,0.6015685119718814,0.0,0.0
342.89,1.0,0.6015685119718814,88.0,56.54744012535686,1.0,0.6015685119718814,1.0,0.6015685119718814,0.0,0.0
339.03168,1.0,0.6015685119718814,88.0,56.54744012535686,1.0,0.6015685119718814,1.0,0.6015685119718814,0.0,0.0
323.57333,1.0,0.6015685119718814,88.0,56.54744012535686,1.0,0.6015685119718814,1.0,0.6015685119718814,0.0,0.0
323.72,1.0,0.6015685119718814,88.0,56.54744012535686,1.0,0.6015685119718814,1.0,0.6015685119718814,0.0,0.0
323.43332,1.0,0.6015685119718814,88.0,56.54744012535686,1.0,0.6015685119718814,1.0,0.6015685119718814,0.0,0.0
359.13333,1.0,0.6015685119718814,83.0,55.94587161338497,1.0,0.6015685119718814,1.0,0.6015685119718814,0.0,0.0
368.83832,1.0,0.6015685119718814,83.0,55.94587161338497,1.0,0.6015685119718814,1.0,0.6015685119718814,0.0,0.0
368.51334,1.0,0.6015685119718814,83.0,56.54744012535686,1.0,0.6015685119718814,1.0,0.6015685119718814,0.0,0.0
368.015,1.0,0.6015685119718814,83.0,55.94587161338497,1.0,0.6015685119718814,1.0,0.6015685119718814,0.0,0.0
367.49,1.0,0.6015685119718814,83.0,55.94587161338497,1.0,0.6015685119718814,1.0,0.6015685119718814,0.0,0.0
372.99335,1.0,0.6015685119718814,82.0,55.34430310141309,1.0,0.6015685119718814,1.0,0.6015685119718814,0.0,0.0
366.72168,1.0,0.6015685119718814,82.0,55.94587161338497,1.0,0.6015685119718814,1.0,0.6015685119718814,0.0,0.0
325.525,1.0,0.6015685119718814,82.0,55.94587161338497,1.0,0.6015685119718814,1.0,0.6015685119718814,0.0,0.0
338.76666,1.0,0.6015685119718814,82.0,55.34430310141309,1.0,0.6015685119718814,1.0,0.6015685119718814,0.0,0.0
340.625,1.0,0.6015685119718814,81.0,55.34430310141309,1.0,0.6015685119718814,1.0,0.6015685119718814,0.0,0.0
341.34833,1.0,0.6015685119718814,81.0,55.34430310141309,1.0,0.6015685119718814,1.0,0.6015685119718814,0.0,0.0
342.02667,1.0,0.6015685119718814,82.0,55.34430310141309,1.0,0.6015685119718814,1.0,0.6015685119718814,0.0,0.0
381.98666,1.0,0.6015685119718814,82.0,55.34430310141309,1.0,0.6015685119718814,1.0,0.6015685119718814,0.0,0.0
559.365,1.0,0.6015685119718814,99.0,54.74273458944121,1.0,0.6015685119718814,1.0,0.6015685119718814,0.0,0.0
541.02,1.0,0.6015685119718814,99.0,64.96939929296319,1.0,0.6015685119718814,1.0,0.6015685119718814,0.0,0.0
488.41666,1.0,0.6015685119718814,81.0,64.96939929296319,1.0,0.6015685119718814,1.0,0.6015685119718814,0.0,0.0
339.91,1.0,0.6015685119718814,81.0,64.96939929296319,1.0,0.6015685119718814,1.0,0.6015685119718814,0.0,0.0
340.47833,1.0,0.6015685119718814,81.0,54.74273458944121,1.0,0.6015685119718814,1.0,0.6015685119718814,0.0,0.0
340.79666,1.0,0.6015685119718814,81.0,54.74273458944121,1.0,0.6015685119718814,1.0,0.6015685119718814,0.0,0.0
341.37,1.0,0.6015685119718814,81.0,54.74273458944121,1.0,0.6015685119718814,1.0,0.6015685119718814,0.0,0.0
341.42166,1.0,0.6015685119718814,80.0,54.14116607746933,1.0,0.6015685119718814,1.0,0.6015685119718814,0.0,0.0
342.06833,1.0,0.6015685119718814,81.0,54.14116607746933,1.0,0.6015685119718814,1.0,0.6015685119718814,0.0,0.0
341.5,1.0,0.6015685119718814,81.0,54.74273458944121,1.0,0.6015685119718814,1.0,0.6015685119718814,0.0,0.0
341.60666,1.0,0.6015685119718814,81.0,54.14116607746933,1.0,0.6015685119718814,1.0,0.6015685119718814,0.0,0.0
341.71832,1.0,0.6015685119718814,81.0,53.539597565497445,1.0,0.6015685119718814,1.0,0.6015685119718814,0.0,0.0
341.29166,1.0,0.6015685119718814,82.0,53.539597565497445,1.0,0.6015685119718814,1.0,0.6015685119718814,0.0,0.0
341.13666,1.0,0.6015685119718814,81.0,54.14116607746933,1.0,0.6015685119718814,1.0,0.6015685119718814,0.0,0.0
341.15,1.0,0.6015685119718814,81.0,53.539597565497445,1.0,0.6015685119718814,1.0,0.6015685119718814,0.0,0.0
340.89,1.0,0.6015685119718814,81.0,53.539597565497445,1.0,0.6015685119718814,1.0,0.6015685119718814,0.0,0.0
341.30167,1.0,0.6015685119718814,81.0,53.539597565497445,1.0,0.6015685119718814,1.0,0.6015685119718814,0.0,0.0
340.785,1.0,0.6015685119718814,81.0,52.93802905352557,1.0,0.6015685119718814,1.0,0.6015685119718814,0.0,0.0
341.08334,1.0,0.6015685119718814,81.0,53.539597565497445,1.0,0.6015685119718814,1.0,0.6015685119718814,0.0,0.0
340.99835,1.0,0.6015685119718814,81.0,53.539597565497445,1.0,0.6015685119718814,1.0,0.6015685119718814,0.0,0.0
340.98666,1.0,0.6015685119718814,80.0,52.93802905352557,1.0,0.6015685119718814,1.0,0.6015685119718814,0.0,0.0
341.52167,1.0,0.6015685119718814,80.0,52.93802905352557,1.0,0.6015685119718814,1.0,0.6015685119718814,0.0,0.0
341.13333,1.0,0.6015685119718814,81.0,53.539597565497445,1.0,0.6015685119718814,1.0,0.6015685119718814,0.0,0.0
340.53168,1.0,0.6017428210784211,87.0,59.57253928676369,1.0,0.6017428210784211,1.0,0.6017428210784211,0.0,0.0
340.78333,1.0,0.6017428210784211,88.0,58.970796465685275,1.0,0.6017428210784211,1.0,0.6017428210784211,0.0,0.0
341.26,1.0,0.6017428210784211,88.0,58.970796465685275,1.0,0.6017428210784211,1.0,0.6017428210784211,0.0,0.0
341.695,1.0,0.6017428210784211,88.0,58.970796465685275,1.0,0.6017428210784211,1.0,0.6017428210784211,0.0,0.0
342.80667,1.0,0.6017428210784211,88.0,58.970796465685275,1.0,0.6017428210784211,1.0,0.6017428210784211,0.0,0.0
342.73666,1.0,0.6017428210784211,88.0,58.970796465685275,1.0,0.6017428210784211,1.0,0.6017428210784211,0.0,0.0
342.245,1.0,0.6017428210784211,88.0,58.36905364460685,1.0,0.6017428210784211,1.0,0.6017428210784211,0.0,0.0
343.07834,1.0,0.6017428210784211,88.0,58.36905364460685,1.0,0.6017428210784211,1.0,0.6017428210784211,0.0,0.0
343.248,1.0,0.6017428210784211,88.0,58.36905364460685,1.0,0.6017428210784211,1.0,0.6017428210784211,0.0,0.0
342.39334,1.0,0.6017428210784211,88.0,57.76731082352843,1.0,0.6017428210784211,1.0,0.6017428210784211,0.0,0.0
342.10333,1.0,0.6017428210784211,88.0,58.36905364460685,1.0,0.6017428210784211,1.0,0.6017428210784211,0.0,0.0
342.66666,1.0,0.6017428210784211,87.0,57.16556800245001,1.0,0.6017428210784211,1.0,0.6017428210784211,0.0,0.0
342.06,1.0,0.6017428210784211,87.0,57.76731082352843,1.0,0.6017428210784211,1.0,0.6017428210784211,0.0,0.0
341.85834,1.0,0.6017428210784211,87.0,57.16556800245001,1.0,0.6017428210784211,1.0,0.6017428210784211,0.0,0.0
342.645,1.0,0.6017428210784211,87.0,57.16556800245001,1.0,0.6017428210784211,1.0,0.6017428210784211,0.0,0.0
342.39334,1.0,0.6017428210784211,88.0,56.563825181371584,1.0,0.6017428210784211,1.0,0.6017428210784211,0.0,0.0
342.46832,1.0,0.6017428210784211,88.0,56.563825181371584,1.0,0.6017428210784211,1.0,0.6017428210784211,0.0,0.0
342.30667,1.0,0.6017428210784211,88.0,57.16556800245001,1.0,0.6017428210784211,1.0,0.6017428210784211,0.0,0.0
342.89,1.0,0.6017428210784211,88.0,56.563825181371584,1.0,0.6017428210784211,1.0,0.6017428210784211,0.0,0.0
339.03168,1.0,0.6017428210784211,88.0,56.563825181371584,1.0,0.6017428210784211,1.0,0.6017428210784211,0.0,0.0
323.57333,1.0,0.6017428210784211,88.0,56.563825181371584,1.0,0.6017428210784211,1.0,0.6017428210784211,0.0,0.0
323.72,1.0,0.6017428210784211,88.0,56.563825181371584,1.0,0.6017428210784211,1.0,0.6017428210784211,0.0,0.0
323.43332,1.0,0.6017428210784211,88.0,56.563825181371584,1.0,0.6017428210784211,1.0,0.6017428210784211,0.0,0.0
359.13333,1.0,0.6017428210784211,83.0,55.96208236029317,1.0,0.6017428210784211,1.0,0.6017428210784211,0.0,0.0
368.83832,1.0,0.6017428210784211,83.0,55.96208236029317,1.0,0.6017428210784211,1.0,0.6017428210784211,0.0,0.0
368.51334,1.0,0.6017428210784211,83.0,56.563825181371584,1.0,0.6017428210784211,1.0,0.6017428210784211,0.0,0.0
368.015,1.0,0.6017428210784211,83.0,55.96208236029317,1.0,0.6017428210784211,1.0,0.6017428210784211,0.0,0.0
367.49,1.0,0.6017428210784211,83.0,55.96208236029317,1.0,0.6017428210784211,1.0,0.6017428210784211,0.0,0.0
372.99335,1.0,0.6017428210784211,82.0,55.36033953921474,1.0,0.6017428210784211,1.0,0.6017428210784211,0.0,0.0
366.72168,1.0,0.6017428210784211,82.0,55.96208236029317,1.0,0.6017428210784211,1.0,0.6017428210784211,0.0,0.0
325.525,1.0,0.6017428210784211,82.0,55.96208236029317,1.0,0.6017428210784211,1.0,0.6017428210784211,0.0,0.0
338.76666,1.0,0.6017428210784211,82.0,55.36033953921474,1.0,0.6017428210784211,1.0,0.6017428210784211,0.0,0.0
340.625,1.0,0.6017428210784211,81.0,55.36033953921474,1.0,0.6017428210784211,1.0,0.6017428210784211,0.0,0.0
341.34833,1.0,0.6017428210784211,81.0,55.36033953921474,1.0,0.6017428210784211,1.0,0.6017428210784211,0.0,0.0
342.02667,1.0,0.6017428210784211,82.0,55.36033953921474,1.0,0.6017428210784211,1.0,0.6017428210784211,0.0,0.0
381.98666,1.0,0.6017428210784211,82.0,55.36033953921474,1.0,0.6017428210784211,1.0,0.6017428210784211,0.0,0.0
559.365,1.0,0.6017428210784211,99.0,54.758596718136324,1.0,0.6017428210784211,1.0,0.6017428210784211,0.0,0.0
541.02,1.0,0.6017428210784211,99.0,64.98822467646949,1.0,0.6017428210784211,1.0,0.6017428210784211,0.0,0.0
488.41666,1.0,0.6017428210784211,81.0,64.98822467646949,1.0,0.6017428210784211,1.0,0.6017428210784211,0.0,0.0
339.91,1.0,0.6017428210784211,81.0,64.98822467646949,1.0,0.6017428210784211,1.0,0.6017428210784211,0.0,0.0
340.47833,1.0,0.6017428210784211,81.0,54.758596718136324,1.0,0.6017428210784211,1.0,0.6017428210784211,0.0,0.0
340.79666,1.0,0.6017428210784211,81.0,54.758596718136324,1.0,0.6017428210784211,1.0,0.6017428210784211,0.0,0.0
341.37,1.0,0.6017428210784211,81.0,54.758596718136324,1.0,0.6017428210784211,1.0,0.6017428210784211,0.0,0.0
341.42166,1.0,0.6017428210784211,80.0,54.1568538970579,1.0,0.6017428210784211,1.0,0.6017428210784211,0.0,0.0
342.06833,1.0,0.6017428210784211,81.0,54.1568538970579,1.0,0.6017428210784211,1.0,0.6017428210784211,0.0,0.0
341.5,1.0,0.6017428210784211,81.0,54.758596718136324,1.0,0.6017428210784211,1.0,0.6017428210784211,0.0,0.0
341.60666,1.0,0.6017428210784211,81.0,54.1568538970579,1.0,0.6017428210784211,1.0,0.6017428210784211,0.0,0.0
341.71832,1.0,0.6017428210784211,81.0,53.55511107597948,1.0,0.6017428210784211,1.0,0.6017428210784211,0.0,0.0
341.29166,1.0,0.6017428210784211,82.0,53.55511107597948,1.0,0.6017428210784211,1.0,0.6017428210784211,0.0,0.0
341.13666,1.0,0.6017428210784211,81.0,54.1568538970579,1.0,0.6017428210784211,1.0,0.6017428210784211,0.0,0.0
341.15,1.0,0.6017428210784211,81.0,53.55511107597948,1.0,0.6017428210784211,1.0,0.6017428210784211,0.0,0.0
340.89,1.0,0.6017428210784211,81.0,53.55511107597948,1.0,0.6017428210784211,1.0,0.6017428210784211,0.0,0.0
341.30167,1.0,0.6017428210784211,81.0,53.55511107597948,1.0,0.6017428210784211,1.0,0.6017428210784211,0.0,0.0
340.785,1.0,0.6017428210784211,81.0,52.95336825490106,1.0,0.6017428210784211,1.0,0.6017428210784211,0.0,0.0
341.08334,1.0,0.6017428210784211,81.0,53.55511107597948,1.0,0.6017428210784211,1.0,0.6017428210784211,0.0,0.0
340.99835,1.0,0.6017428210784211,81.0,53.55511107597948,1.0,0.6017428210784211,1.0,0.6017428210784211,0.0,0.0
340.98666,1.0,0.6017428210784211,80.0,52.95336825490106,1.0,0.6017428210784211,1.0,0.6017428210784211,0.0,0.0
341.52167,1.0,0.6017428210784211,80.0,52.95336825490106,1.0,0.6017428210784211,1.0,0.6017428210784211,0.0,0.0
341.13333,1.0,0.6017428210784211,81.0,53.55511107597948,1.0,0.6017428210784211,1.0,0.6017428210784211,0.0,0.0
340.92334,1.0,0.6017428210784211,80.0,52.95336825490106,1.0,0.6017428210784211,1.0,0.6017428210784211,0.0,0.0
340.78333,1.0,0.6018164026427522,88.0,58.97800745898971,1.0,0.6018164026427522,1.0,0.6018164026427522,0.0,0.0
341.26,1.0,0.6018164026427522,88.0,58.97800745898971,1.0,0.6018164026427522,1.0,0.6018164026427522,0.0,0.0
341.695,1.0,0.6018164026427522,88.0,58.97800745898971,1.0,0.6018164026427522,1.0,0.6018164026427522,0.0,0.0
342.80667,1.0,0.6018164026427522,88.0,58.97800745898971,1.0,0.6018164026427522,1.0,0.6018164026427522,0.0,0.0
342.73666,1.0,0.6018164026427522,88.0,58.97800745898971,1.0,0.6018164026427522,1.0,0.6018164026427522,0.0,0.0
342.245,1.0,0.6018164026427522,88.0,58.37619105634696,1.0,0.6018164026427522,1.0,0.6018164026427522,0.0,0.0
343.07834,1.0,0.6018164026427522,88.0,58.37619105634696,1.0,0.6018164026427522,1.0,0.6018164026427522,0.0,0.0
343.248,1.0,0.6018164026427522,88.0,58.37619105634696,1.0,0.6018164026427522,1.0,0.6018164026427522,0.0,0.0
342.39334,1.0,0.6018164026427522,88.0,57.77437465370421,1.0,0.6018164026427522,1.0,0.6018164026427522,0.0,0.0
342.10333,1.0,0.6018164026427522,88.0,58.37619105634696,1.0,0.6018164026427522,1.0,0.6018164026427522,0.0,0.0
342.66666,1.0,0.6018164026427522,87.0,57.17255825106145,1.0,0.6018164026427522,1.0,0.6018164026427522,0.0,0.0
342.06,1.0,0.6018164026427522,87.0,57.77437465370421,1.0,0.6018164026427522,1.0,0.6018164026427522,0.0,0.0
341.85834,1.0,0.6018164026427522,87.0,57.17255825106145,1.0,0.6018164026427522,1.0,0.6018164026427522,0.0,0.0
342.645,1.0,0.6018164026427522,87.0,57.17255825106145,1.0,0.6018164026427522,1.0,0.6018164026427522,0.0,0.0
342.39334,1.0,0.6018164026427522,88.0,56.570741848418706,1.0,0.6018164026427522,1.0,0.6018164026427522,0.0,0.0
342.46832,1.0,0.6018164026427522,88.0,56.570741848418706,1.0,0.6018164026427522,1.0,0.6018164026427522,0.0,0.0
342.30667,1.0,0.6018164026427522,88.0,57.17255825106145,1.0,0.6018164026427522,1.0,0.6018164026427522,0.0,0.0
342.89,1.0,0.6018164026427522,88.0,56.570741848418706,1.0,0.6018164026427522,1.0,0.6018164026427522,0.0,0.0
339.03168,1.0,0.6018164026427522,88.0,56.570741848418706,1.0,0.6018164026427522,1.0,0.6018164026427522,0.0,0.0
323.57333,1.0,0.6018164026427522,88.0,56.570741848418706,1.0,0.6018164026427522,1.0,0.6018164026427522,0.0,0.0
323.72,1.0,0.6018164026427522,88.0,56.570741848418706,1.0,0.6018164026427522,1.0,0.6018164026427522,0.0,0.0
323.43332,1.0,0.6018164026427522,88.0,56.570741848418706,1.0,0.6018164026427522,1.0,0.6018164026427522,0.0,0.0
359.13333,1.0,0.6018164026427522,83.0,55.96892544577595,1.0,0.6018164026427522,1.0,0.6018164026427522,0.0,0.0
368.83832,1.0,0.6018164026427522,83.0,55.96892544577595,1.0,0.6018164026427522,1.0,0.6018164026427522,0.0,0.0
368.51334,1.0,0.6018164026427522,83.0,56.570741848418706,1.0,0.6018164026427522,1.0,0.6018164026427522,0.0,0.0
368.015,1.0,0.6018164026427522,83.0,55.96892544577595,1.0,0.6018164026427522,1.0,0.6018164026427522,0.0,0.0
367.49,1.0,0.6018164026427522,83.0,55.96892544577595,1.0,0.6018164026427522,1.0,0.6018164026427522,0.0,0.0
372.99335,1.0,0.6018164026427522,82.0,55.3671090431332,1.0,0.6018164026427522,1.0,0.6018164026427522,0.0,0.0
366.72168,1.0,0.6018164026427522,82.0,55.96892544577595,1.0,0.6018164026427522,1.0,0.6018164026427522,0.0,0.0
325.525,1.0,0.6018164026427522,82.0,55.96892544577595,1.0,0.6018164026427522,1.0,0.6018164026427522,0.0,0.0
338.76666,1.0,0.6018164026427522,82.0,55.3671090431332,1.0,0.6018164026427522,1.0,0.6018164026427522,0.0,0.0
340.625,1.0,0.6018164026427522,81.0,55.3671090431332,1.0,0.6018164026427522,1.0,0.6018164026427522,0.0,0.0
341.34833,1.0,0.6018164026427522,81.0,55.3671090431332,1.0,0.6018164026427522,1.0,0.6018164026427522,0.0,0.0
342.02667,1.0,0.6018164026427522,82.0,55.3671090431332,1.0,0.6018164026427522,1.0,0.6018164026427522,0.0,0.0
381.98666,1.0,0.6018164026427522,82.0,55.3671090431332,1.0,0.6018164026427522,1.0,0.6018164026427522,0.0,0.0
559.365,1.0,0.6018164026427522,99.0,54.76529264049044,1.0,0.6018164026427522,1.0,0.6018164026427522,0.0,0.0
541.02,1.0,0.6018164026427522,99.0,64.99617148541724,1.0,0.6018164026427522,1.0,0.6018164026427522,0.0,0.0
488.41666,1.0,0.6018164026427522,81.0,64.99617148541724,1.0,0.6018164026427522,1.0,0.6018164026427522,0.0,0.0
339.91,1.0,0.6018164026427522,81.0,64.99617148541724,1.0,0.6018164026427522,1.0,0.6018164026427522,0.0,0.0
340.47833,1.0,0.6018164026427522,81.0,54.76529264049044,1.0,0.6018164026427522,1.0,0.6018164026427522,0.0,0.0
340.79666,1.0,0.6018164026427522,81.0,54.76529264049044,1.0,0.6018164026427522,1.0,0.6018164026427522,0.0,0.0
341.37,1.0,0.6018164026427522,81.0,54.76529264049044,1.0,0.6018164026427522,1.0,0.6018164026427522,0.0,0.0
341.42166,1.0,0.6018164026427522,80.0,54.163476237847696,1.0,0.6018164026427522,1.0,0.6018164026427522,0.0,0.0
342.06833,1.0,0.6018164026427522,81.0,54.163476237847696,1.0,0.6018164026427522,1.0,0.6018164026427522,0.0,0.0
341.5,1.0,0.6018164026427522,81.0,54.76529264049044,1.0,0.6018164026427522,1.0,0.6018164026427522,0.0,0.0
341.60666,1.0,0.6018164026427522,81.0,54.163476237847696,1.0,0.6018164026427522,1.0,0.6018164026427522,0.0,0.0
341.71832,1.0,0.6018164026427522,81.0,53.56165983520494,1.0,0.6018164026427522,1.0,0.6018164026427522,0.0,0.0
341.29166,1.0,0.6018164026427522,82.0,53.56165983520494,1.0,0.6018164026427522,1.0,0.6018164026427522,0.0,0.0
341.13666,1.0,0.6018164026427522,81.0,54.163476237847696,1.0,0.6018164026427522,1.0,0.6018164026427522,0.0,0.0
341.15,1.0,0.6018164026427522,81.0,53.56165983520494,1.0,0.6018164026427522,1.0,0.6018164026427522,0.0,0.0
340.89,1.0,0.6018164026427522,81.0,53.56165983520494,1.0,0.6018164026427522,1.0,0.6018164026427522,0.0,0.0
341.30167,1.0,0.6018164026427522,81.0,53.56165983520494,1.0,0.6018164026427522,1.0,0.6018164026427522,0.0,0.0
340.785,1.0,0.6018164026427522,81.0,52.95984343256219,1.0,0.6018164026427522,1.0,0.6018164026427522,0.0,0.0
341.08334,1.0,0.6018164026427522,81.0,53.56165983520494,1.0,0.6018164026427522,1.0,0.6018164026427522,0.0,0.0
340.99835,1.0,0.6018164026427522,81.0,53.56165983520494,1.0,0.6018164026427522,1.0,0.6018164026427522,0.0,0.0
340.98666,1.0,0.6018164026427522,80.0,52.95984343256219,1.0,0.6018164026427522,1.0,0.6018164026427522,0.0,0.0
341.52167,1.0,0.6018164026427522,80.0,52.95984343256219,1.0,0.6018164026427522,1.0,0.6018164026427522,0.0,0.0
341.13333,1.0,0.6018164026427522,81.0,53.56165983520494,1.0,0.6018164026427522,1.0,0.6018164026427522,0.0,0.0
340.92334,1.0,0.6018164026427522,80.0,52.95984343256219,1.0,0.6018164026427522,1.0,0.6018164026427522,0.0,0.0
339.075,1.0,0.6018164026427522,80.0,52.95984343256219,1.0,0.6018164026427522,1.0,0.6018164026427522,0.0,0.0
341.26,1.0,0.6018760085053761,88.0,58.983848833526864,1.0,0.6018760085053761,1.0,0.6018760085053761,0.0,0.0
341.695,1.0,0.6018760085053761,88.0,58.983848833526864,1.0,0.6018760085053761,1.0,0.6018760085053761,0.0,0.0
342.80667,1.0,0.6018760085053761,88.0,58.983848833526864,1.0,0.6018760085053761,1.0,0.6018760085053761,0.0,0.0
342.73666,1.0,0.6018760085053761,88.0,58.983848833526864,1.0,0.6018760085053761,1.0,0.6018760085053761,0.0,0.0
342.245,1.0,0.6018760085053761,88.0,58.381972825021485,1.0,0.6018760085053761,1.0,0.6018760085053761,0.0,0.0
343.07834,1.0,0.6018760085053761,88.0,58.381972825021485,1.0,0.6018760085053761,1.0,0.6018760085053761,0.0,0.0
343.248,1.0,0.6018760085053761,88.0,58.381972825021485,1.0,0.6018760085053761,1.0,0.6018760085053761,0.0,0.0
342.39334,1.0,0.6018760085053761,88.0,57.78009681651611,1.0,0.6018760085053761,1.0,0.6018760085053761,0.0,0.0
342.10333,1.0,0.6018760085053761,88.0,58.381972825021485,1.0,0.6018760085053761,1.0,0.6018760085053761,0.0,0.0
342.66666,1.0,0.6018760085053761,87.0,57.178220808010735,1.0,0.6018760085053761,1.0,0.6018760085053761,0.0,0.0
342.06,1.0,0.6018760085053761,87.0,57.78009681651611,1.0,0.6018760085053761,1.0,0.6018760085053761,0.0,0.0
341.85834,1.0,0.6018760085053761,87.0,57.178220808010735,1.0,0.6018760085053761,1.0,0.6018760085053761,0.0,0.0
342.645,1.0,0.6018760085053761,87.0,57.178220808010735,1.0,0.6018760085053761,1.0,0.6018760085053761,0.0,0.0
342.39334,1.0,0.6018760085053761,88.0,56.57634479950536,1.0,0.6018760085053761,1.0,0.6018760085053761,0.0,0.0
342.46832,1.0,0.6018760085053761,88.0,56.57634479950536,1.0,0.6018760085053761,1.0,0.6018760085053761,0.0,0.0
342.30667,1.0,0.6018760085053761,88.0,57.178220808010735,1.0,0.6018760085053761,1.0,0.6018760085053761,0.0,0.0
342.89,1.0,0.6018760085053761,88.0,56.57634479950536,1.0,0.6018760085053761,1.0,0.6018760085053761,0.0,0.0
339.03168,1.0,0.6018760085053761,88.0,56.57634479950536,1.0,0.6018760085053761,1.0,0.6018760085053761,0.0,0.0
323.57333,1.0,0.6018760085053761,88.0,56.57634479950536,1.0,0.6018760085053761,1.0,0.6018760085053761,0.0,0.0
323.72,1.0,0.6018760085053761,88.0,56.57634479950536,1.0,0.6018760085053761,1.0,0.6018760085053761,0.0,0.0
323.43332,1.0,0.6018760085053761,88.0,56.57634479950536,1.0,0.6018760085053761,1.0,0.6018760085053761,0.0,0.0
359.13333,1.0,0.6018760085053761,83.0,55.97446879099998,1.0,0.6018760085053761,1.0,0.6018760085053761,0.0,0.0
368.83832,1.0,0.6018760085053761,83.0,55.97446879099998,1.0,0.6018760085053761,1.0,0.6018760085053761,0.0,0.0
368.51334,1.0,0.6018760085053761,83.0,56.57634479950536,1.0,0.6018760085053761,1.0,0.6018760085053761,0.0,0.0
368.015,1.0,0.6018760085053761,83.0,55.97446879099998,1.0,0.6018760085053761,1.0,0.6018760085053761,0.0,0.0
367.49,1.0,0.6018760085053761,83.0,55.97446879099998,1.0,0.6018760085053761,1.0,0.6018760085053761,0.0,0.0
372.99335,1.0,0.6018760085053761,82.0,55.37259278249461,1.0,0.6018760085053761,1.0,0.6018760085053761,0.0,0.0
366.72168,1.0,0.6018760085053761,82.0,55.97446879099998,1.0,0.6018760085053761,1.0,0.6018760085053761,0.0,0.0
325.525,1.0,0.6018760085053761,82.0,55.97446879099998,1.0,0.6018760085053761,1.0,0.6018760085053761,0.0,0.0
338.76666,1.0,0.6018760085053761,82.0,55.37259278249461,1.0,0.6018760085053761,1.0,0.6018760085053761,0.0,0.0
340.625,1.0,0.6018760085053761,81.0,55.37259278249461,1.0,0.6018760085053761,1.0,0.6018760085053761,0.0,0.0
341.34833,1.0,0.6018760085053761,81.0,55.37259278249461,1.0,0.6018760085053761,1.0,0.6018760085053761,0.0,0.0
342.02667,1.0,0.6018760085053761,82.0,55.37259278249461,1.0,0.6018760085053761,1.0,0.6018760085053761,0.0,0.0
381.98666,1.0,0.6018760085053761,82.0,55.37259278249461,1.0,0.6018760085053761,1.0,0.6018760085053761,0.0,0.0
559.365,1.0,0.6018760085053761,99.0,54.77071677398923,1.0,0.6018760085053761,1.0,0.6018760085053761,0.0,0.0
541.02,1.0,0.6018760085053761,99.0,65.00260891858062,1.0,0.6018760085053761,1.0,0.6018760085053761,0.0,0.0
488.41666,1.0,0.6018760085053761,81.0,65.00260891858062,1.0,0.6018760085053761,1.0,0.6018760085053761,0.0,0.0
339.91,1.0,0.6018760085053761,81.0,65.00260891858062,1.0,0.6018760085053761,1.0,0.6018760085053761,0.0,0.0
340.47833,1.0,0.6018760085053761,81.0,54.77071677398923,1.0,0.6018760085053761,1.0,0.6018760085053761,0.0,0.0
340.79666,1.0,0.6018760085053761,81.0,54.77071677398923,1.0,0.6018760085053761,1.0,0.6018760085053761,0.0,0.0
341.37,1.0,0.6018760085053761,81.0,54.77071677398923,1.0,0.6018760085053761,1.0,0.6018760085053761,0.0,0.0
341.42166,1.0,0.6018760085053761,80.0,54.16884076548385,1.0,0.6018760085053761,1.0,0.6018760085053761,0.0,0.0
342.06833,1.0,0.6018760085053761,81.0,54.16884076548385,1.0,0.6018760085053761,1.0,0.6018760085053761,0.0,0.0
341.5,1.0,0.6018760085053761,81.0,54.77071677398923,1.0,0.6018760085053761,1.0,0.6018760085053761,0.0,0.0
341.60666,1.0,0.6018760085053761,81.0,54.16884076548385,1.0,0.6018760085053761,1.0,0.6018760085053761,0.0,0.0
341.71832,1.0,0.6018760085053761,81.0,53.56696475697848,1.0,0.6018760085053761,1.0,0.6018760085053761,0.0,0.0
341.29166,1.0,0.6018760085053761,82.0,53.56696475697848,1.0,0.6018760085053761,1.0,0.6018760085053761,0.0,0.0
341.13666,1.0,0.6018760085053761,81.0,54.16884076548385,1.0,0.6018760085053761,1.0,0.6018760085053761,0.0,0.0
341.15,1.0,0.6018760085053761,81.0,53.56696475697848,1.0,0.6018760085053761,1.0,0.6018760085053761,0.0,0.0
340.89,1.0,0.6018760085053761,81.0,53.56696475697848,1.0,0.6018760085053761,1.0,0.6018760085053761,0.0,0.0
341.30167,1.0,0.6018760085053761,81.0,53.56696475697848,1.0,0.6018760085053761,1.0,0.6018760085053761,0.0,0.0
340.785,1.0,0.6018760085053761,81.0,52.9650887484731,1.0,0.6018760085053761,1.0,0.6018760085053761,0.0,0.0
341.08334,1.0,0.6018760085053761,81.0,53.56696475697848,1.0,0.6018760085053761,1.0,0.6018760085053761,0.0,0.0
340.99835,1.0,0.6018760085053761,81.0,53.56696475697848,1.0,0.6018760085053761,1.0,0.6018760085053761,0.0,0.0
340.98666,1.0,0.6018760085053761,80.0,52.9650887484731,1.0,0.6018760085053761,1.0,0.6018760085053761,0.0,0.0
341.52167,1.0,0.6018760085053761,80.0,52.9650887484731,1.0,0.6018760085053761,1.0,0.6018760085053761,0.0,0.0
341.13333,1.0,0.6018760085053761,81.0,53.56696475697848,1.0,0.6018760085053761,1.0,0.6018760085053761,0.0,0.0
340.92334,1.0,0.6018760085053761,80.0,52.9650887484731,1.0,0.6018760085053761,1.0,0.6018760085053761,0.0,0.0
339.075,1.0,0.6018760085053761,80.0,52.9650887484731,1.0,0.6018760085053761,1.0,0.6018760085053761,0.0,0.0
338.175,1.0,0.6018760085053761,80.0,52.9650887484731,1.0,0.6018760085053761,1.0,0.6018760085053761,0.0,0.0
341.695,1.0,0.6019865435366398,88.0,58.9946812665907,1.0,0.6019865435366398,1.0,0.6019865435366398,0.0,0.0
342.80667,1.0,0.6019865435366398,88.0,58.9946812665907,1.0,0.6019865435366398,1.0,0.6019865435366398,0.0,0.0
342.73666,1.0,0.6019865435366398,88.0,58.9946812665907,1.0,0.6019865435366398,1.0,0.6019865435366398,0.0,0.0
342.245,1.0,0.6019865435366398,88.0,58.39269472305406,1.0,0.6019865435366398,1.0,0.6019865435366398,0.0,0.0
343.07834,1.0,0.6019865435366398,88.0,58.39269472305406,1.0,0.6019865435366398,1.0,0.6019865435366398,0.0,0.0
343.248,1.0,0.6019865435366398,88.0,58.39269472305406,1.0,0.6019865435366398,1.0,0.6019865435366398,0.0,0.0
342.39334,1.0,0.6019865435366398,88.0,57.790708179517424,1.0,0.6019865435366398,1.0,0.6019865435366398,0.0,0.0
342.10333,1.0,0.6019865435366398,88.0,58.39269472305406,1.0,0.6019865435366398,1.0,0.6019865435366398,0.0,0.0
342.66666,1.0,0.6019865435366398,87.0,57.188721635980784,1.0,0.6019865435366398,1.0,0.6019865435366398,0.0,0.0
342.06,1.0,0.6019865435366398,87.0,57.790708179517424,1.0,0.6019865435366398,1.0,0.6019865435366398,0.0,0.0
341.85834,1.0,0.6019865435366398,87.0,57.188721635980784,1.0,0.6019865435366398,1.0,0.6019865435366398,0.0,0.0
342.645,1.0,0.6019865435366398,87.0,57.188721635980784,1.0,0.6019865435366398,1.0,0.6019865435366398,0.0,0.0
342.39334,1.0,0.6019865435366398,88.0,56.586735092444144,1.0,0.6019865435366398,1.0,0.6019865435366398,0.0,0.0
342.46832,1.0,0.6019865435366398,88.0,56.586735092444144,1.0,0.6019865435366398,1.0,0.6019865435366398,0.0,0.0
342.30667,1.0,0.6019865435366398,88.0,57.188721635980784,1.0,0.6019865435366398,1.0,0.6019865435366398,0.0,0.0
342.89,1.0,0.6019865435366398,88.0,56.586735092444144,1.0,0.6019865435366398,1.0,0.6019865435366398,0.0,0.0
339.03168,1.0,0.6019865435366398,88.0,56.586735092444144,1.0,0.6019865435366398,1.0,0.6019865435366398,0.0,0.0
323.57333,1.0,0.6019865435366398,88.0,56.586735092444144,1.0,0.6019865435366398,1.0,0.6019865435366398,0.0,0.0
323.72,1.0,0.6019865435366398,88.0,56.586735092444144,1.0,0.6019865435366398,1.0,0.6019865435366398,0.0,0.0
323.43332,1.0,0.6019865435366398,88.0,56.586735092444144,1.0,0.6019865435366398,1.0,0.6019865435366398,0.0,0.0
359.13333,1.0,0.6019865435366398,83.0,55.984748548907504,1.0,0.6019865435366398,1.0,0.6019865435366398,0.0,0.0
368.83832,1.0,0.6019865435366398,83.0,55.984748548907504,1.0,0.6019865435366398,1.0,0.6019865435366398,0.0,0.0
368.51334,1.0,0.6019865435366398,83.0,56.586735092444144,1.0,0.6019865435366398,1.0,0.6019865435366398,0.0,0.0
368.015,1.0,0.6019865435366398,83.0,55.984748548907504,1.0,0.6019865435366398,1.0,0.6019865435366398,0.0,0.0
367.49,1.0,0.6019865435366398,83.0,55.984748548907504,1.0,0.6019865435366398,1.0,0.6019865435366398,0.0,0.0
372.99335,1.0,0.6019865435366398,82.0,55.382762005370864,1.0,0.6019865435366398,1.0,0.6019865435366398,0.0,0.0
366.72168,1.0,0.6019865435366398,82.0,55.984748548907504,1.0,0.6019865435366398,1.0,0.6019865435366398,0.0,0.0
325.525,1.0,0.6019865435366398,82.0,55.984748548907504,1.0,0.6019865435366398,1.0,0.6019865435366398,0.0,0.0
338.76666,1.0,0.6019865435366398,82.0,55.382762005370864,1.0,0.6019865435366398,1.0,0.6019865435366398,0.0,0.0
340.625,1.0,0.6019865435366398,81.0,55.382762005370864,1.0,0.6019865435366398,1.0,0.6019865435366398,0.0,0.0
341.34833,1.0,0.6019865435366398,81.0,55.382762005370864,1.0,0.6019865435366398,1.0,0.6019865435366398,0.0,0.0
342.02667,1.0,0.6019865435366398,82.0,55.382762005370864,1.0,0.6019865435366398,1.0,0.6019865435366398,0.0,0.0
381.98666,1.0,0.6019865435366398,82.0,55.382762005370864,1.0,0.6019865435366398,1.0,0.6019865435366398,0.0,0.0
559.365,1.0,0.6019865435366398,99.0,54.780775461834224,1.0,0.6019865435366398,1.0,0.6019865435366398,0.0,0.0
541.02,1.0,0.6019865435366398,99.0,65.0145467019571,1.0,0.6019865435366398,1.0,0.6019865435366398,0.0,0.0
488.41666,1.0,0.6019865435366398,81.0,65.0145467019571,1.0,0.6019865435366398,1.0,0.6019865435366398,0.0,0.0
339.91,1.0,0.6019865435366398,81.0,65.0145467019571,1.0,0.6019865435366398,1.0,0.6019865435366398,0.0,0.0
340.47833,1.0,0.6019865435366398,81.0,54.780775461834224,1.0,0.6019865435366398,1.0,0.6019865435366398,0.0,0.0
340.79666,1.0,0.6019865435366398,81.0,54.780775461834224,1.0,0.6019865435366398,1.0,0.6019865435366398,0.0,0.0
341.37,1.0,0.6019865435366398,81.0,54.780775461834224,1.0,0.6019865435366398,1.0,0.6019865435366398,0.0,0.0
341.42166,1.0,0.6019865435366398,80.0,54.178788918297585,1.0,0.6019865435366398,1.0,0.6019865435366398,0.0,0.0
342.06833,1.0,0.6019865435366398,81.0,54.178788918297585,1.0,0.6019865435366398,1.0,0.6019865435366398,0.0,0.0
341.5,1.0,0.6019865435366398,81.0,54.780775461834224,1.0,0.6019865435366398,1.0,0.6019865435366398,0.0,0.0
341.60666,1.0,0.6019865435366398,81.0,54.178788918297585,1.0,0.6019865435366398,1.0,0.6019865435366398,0.0,0.0
341.71832,1.0,0.6019865435366398,81.0,53.576802374760945,1.0,0.6019865435366398,1.0,0.6019865435366398,0.0,0.0
341.29166,1.0,0.6019865435366398,82.0,53.576802374760945,1.0,0.6019865435366398,1.0,0.6019865435366398,0.0,0.0
341.13666,1.0,0.6019865435366398,81.0,54.178788918297585,1.0,0.6019865435366398,1.0,0.6019865435366398,0.0,0.0
341.15,1.0,0.6019865435366398,81.0,53.576802374760945,1.0,0.6019865435366398,1.0,0.6019865435366398,0.0,0.0
340.89,1.0,0.6019865435366398,81.0,53.576802374760945,1.0,0.6019865435366398,1.0,0.6019865435366398,0.0,0.0
341.30167,1.0,0.6019865435366398,81.0,53.576802374760945,1.0,0.6019865435366398,1.0,0.6019865435366398,0.0,0.0
340.785,1.0,0.6019865435366398,81.0,52.974815831224305,1.0,0.6019865435366398,1.0,0.6019865435366398,0.0,0.0
341.08334,1.0,0.6019865435366398,81.0,53.576802374760945,1.0,0.6019865435366398,1.0,0.6019865435366398,0.0,0.0
340.99835,1.0,0.6019865435366398,81.0,53.576802374760945,1.0,0.6019865435366398,1.0,0.6019865435366398,0.0,0.0
340.98666,1.0,0.6019865435366398,80.0,52.974815831224305,1.0,0.6019865435366398,1.0,0.6019865435366398,0.0,0.0
341.52167,1.0,0.6019865435366398,80.0,52.974815831224305,1.0,0.6019865435366398,1.0,0.6019865435366398,0.0,0.0
341.13333,1.0,0.6019865435366398,81.0,53.576802374760945,1.0,0.6019865435366398,1.0,0.6019865435366398,0.0,0.0
340.92334,1.0,0.6019865435366398,80.0,52.974815831224305,1.0,0.6019865435366398,1.0,0.6019865435366398,0.0,0.0
339.075,1.0,0.6019865435366398,80.0,52.974815831224305,1.0,0.6019865435366398,1.0,0.6019865435366398,0.0,0.0
338.175,1.0,0.6019865435366398,80.0,52.974815831224305,1.0,0.6019865435366398,1.0,0.6019865435366398,0.0,0.0
338.54666,1.0,0.6019865435366398,80.0,52.974815831224305,1.0,0.6019865435366398,1.0,0.6019865435366398,0.0,0.0
342.80667,1.0,0.6021333162158413,88.0,59.00906498915245,1.0,0.6021333162158413,1.0,0.6021333162158413,0.0,0.0
342.73666,1.0,0.6021333162158413,88.0,59.00906498915245,1.0,0.6021333162158413,1.0,0.6021333162158413,0.0,0.0
342.245,1.0,0.6021333162158413,88.0,58.40693167293661,1.0,0.6021333162158413,1.0,0.6021333162158413,0.0,0.0
343.07834,1.0,0.6021333162158413,88.0,58.40693167293661,1.0,0.6021333162158413,1.0,0.6021333162158413,0.0,0.0
343.248,1.0,0.6021333162158413,88.0,58.40693167293661,1.0,0.6021333162158413,1.0,0.6021333162158413,0.0,0.0
342.39334,1.0,0.6021333162158413,88.0,57.80479835672077,1.0,0.6021333162158413,1.0,0.6021333162158413,0.0,0.0
342.10333,1.0,0.6021333162158413,88.0,58.40693167293661,1.0,0.6021333162158413,1.0,0.6021333162158413,0.0,0.0
342.66666,1.0,0.6021333162158413,87.0,57.202665040504925,1.0,0.6021333162158413,1.0,0.6021333162158413,0.0,0.0
342.06,1.0,0.6021333162158413,87.0,57.80479835672077,1.0,0.6021333162158413,1.0,0.6021333162158413,0.0,0.0
341.85834,1.0,0.6021333162158413,87.0,57.202665040504925,1.0,0.6021333162158413,1.0,0.6021333162158413,0.0,0.0
342.645,1.0,0.6021333162158413,87.0,57.202665040504925,1.0,0.6021333162158413,1.0,0.6021333162158413,0.0,0.0
342.39334,1.0,0.6021333162158413,88.0,56.600531724289084,1.0,0.6021333162158413,1.0,0.6021333162158413,0.0,0.0
342.46832,1.0,0.6021333162158413,88.0,56.600531724289084,1.0,0.6021333162158413,1.0,0.6021333162158413,0.0,0.0
342.30667,1.0,0.6021333162158413,88.0,57.202665040504925,1.0,0.6021333162158413,1.0,0.6021333162158413,0.0,0.0
342.89,1.0,0.6021333162158413,88.0,56.600531724289084,1.0,0.6021333162158413,1.0,0.6021333162158413,0.0,0.0
339.03168,1.0,0.6021333162158413,88.0,56.600531724289084,1.0,0.6021333162158413,1.0,0.6021333162158413,0.0,0.0
323.57333,1.0,0.6021333162158413,88.0,56.600531724289084,1.0,0.6021333162158413,1.0,0.6021333162158413,0.0,0.0
323.72,1.0,0.6021333162158413,88.0,56.600531724289084,1.0,0.6021333162158413,1.0,0.6021333162158413,0.0,0.0
323.43332,1.0,0.6021333162158413,88.0,56.600531724289084,1.0,0.6021333162158413,1.0,0.6021333162158413,0.0,0.0
359.13333,1.0,0.6021333162158413,83.0,55.99839840807324,1.0,0.6021333162158413,1.0,0.6021333162158413,0.0,0.0
368.83832,1.0,0.6021333162158413,83.0,55.99839840807324,1.0,0.6021333162158413,1.0,0.6021333162158413,0.0,0.0
368.51334,1.0,0.6021333162158413,83.0,56.600531724289084,1.0,0.6021333162158413,1.0,0.6021333162158413,0.0,0.0
368.015,1.0,0.6021333162158413,83.0,55.99839840807324,1.0,0.6021333162158413,1.0,0.6021333162158413,0.0,0.0
367.49,1.0,0.6021333162158413,83.0,55.99839840807324,1.0,0.6021333162158413,1.0,0.6021333162158413,0.0,0.0
372.99335,1.0,0.6021333162158413,82.0,55.3962650918574,1.0,0.6021333162158413,1.0,0.6021333162158413,0.0,0.0
366.72168,1.0,0.6021333162158413,82.0,55.99839840807324,1.0,0.6021333162158413,1.0,0.6021333162158413,0.0,0.0
325.525,1.0,0.6021333162158413,82.0,55.99839840807324,1.0,0.6021333162158413,1.0,0.6021333162158413,0.0,0.0
338.76666,1.0,0.6021333162158413,82.0,55.3962650918574,1.0,0.6021333162158413,1.0,0.6021333162158413,0.0,0.0
340.625,1.0,0.6021333162158413,81.0,55.3962650918574,1.0,0.6021333162158413,1.0,0.6021333162158413,0.0,0.0
341.34833,1.0,0.6021333162158413,81.0,55.3962650918574,1.0,0.6021333162158413,1.0,0.6021333162158413,0.0,0.0
342.02667,1.0,0.6021333162158413,82.0,55.3962650918574,1.0,0.6021333162158413,1.0,0.6021333162158413,0.0,0.0
381.98666,1.0,0.6021333162158413,82.0,55.3962650918574,1.0,0.6021333162158413,1.0,0.6021333162158413,0.0,0.0
559.365,1.0,0.6021333162158413,99.0,54.79413177564156,1.0,0.6021333162158413,1.0,0.6021333162158413,0.0,0.0
541.02,1.0,0.6021333162158413,99.0,65.03039815131086,1.0,0.6021333162158413,1.0,0.6021333162158413,0.0,0.0
488.41666,1.0,0.6021333162158413,81.0,65.03039815131086,1.0,0.6021333162158413,1.0,0.6021333162158413,0.0,0.0
339.91,1.0,0.6021333162158413,81.0,65.03039815131086,1.0,0.6021333162158413,1.0,0.6021333162158413,0.0,0.0
340.47833,1.0,0.6021333162158413,81.0,54.79413177564156,1.0,0.6021333162158413,1.0,0.6021333162158413,0.0,0.0
340.79666,1.0,0.6021333162158413,81.0,54.79413177564156,1.0,0.6021333162158413,1.0,0.6021333162158413,0.0,0.0
341.37,1.0,0.6021333162158413,81.0,54.79413177564156,1.0,0.6021333162158413,1.0,0.6021333162158413,0.0,0.0
341.42166,1.0,0.6021333162158413,80.0,54.19199845942572,1.0,0.6021333162158413,1.0,0.6021333162158413,0.0,0.0
342.06833,1.0,0.6021333162158413,81.0,54.19199845942572,1.0,0.6021333162158413,1.0,0.6021333162158413,0.0,0.0
341.5,1.0,0.6021333162158413,81.0,54.79413177564156,1.0,0.6021333162158413,1.0,0.6021333162158413,0.0,0.0
341.60666,1.0,0.6021333162158413,81.0,54.19199845942572,1.0,0.6021333162158413,1.0,0.6021333162158413,0.0,0.0
341.71832,1.0,0.6021333162158413,81.0,53.58986514320988,1.0,0.6021333162158413,1.0,0.6021333162158413,0.0,0.0
341.29166,1.0,0.6021333162158413,82.0,53.58986514320988,1.0,0.6021333162158413,1.0,0.6021333162158413,0.0,0.0
341.13666,1.0,0.6021333162158413,81.0,54.19199845942572,1.0,0.6021333162158413,1.0,0.6021333162158413,0.0,0.0
341.15,1.0,0.6021333162158413,81.0,53.58986514320988,1.0,0.6021333162158413,1.0,0.6021333162158413,0.0,0.0
340.89,1.0,0.6021333162158413,81.0,53.58986514320988,1.0,0.6021333162158413,1.0,0.6021333162158413,0.0,0.0
341.30167,1.0,0.6021333162158413,81.0,53.58986514320988,1.0,0.6021333162158413,1.0,0.6021333162158413,0.0,0.0
340.785,1.0,0.6021333162158413,81.0,52.987731826994036,1.0,0.6021333162158413,1.0,0.6021333162158413,0.0,0.0
341.08334,1.0,0.6021333162158413,81.0,53.58986514320988,1.0,0.6021333162158413,1.0,0.6021333162158413,0.0,0.0
340.99835,1.0,0.6021333162158413,81.0,53.58986514320988,1.0,0.6021333162158413,1.0,0.6021333162158413,0.0,0.0
340.98666,1.0,0.6021333162158413,80.0,52.987731826994036,1.0,0.6021333162158413,1.0,0.6021333162158413,0.0,0.0
341.52167,1.0,0.6021333162158413,80.0,52.987731826994036,1.0,0.6021333162158413,1.0,0.6021333162158413,0.0,0.0
341.13333,1.0,0.6021333162158413,81.0,53.58986514320988,1.0,0.6021333162158413,1.0,0.6021333162158413,0.0,0.0
340.92334,1.0,0.6021333162158413,80.0,52.987731826994036,1.0,0.6021333162158413,1.0,0.6021333162158413,0.0,0.0
339.075,1.0,0.6021333162158413,80.0,52.987731826994036,1.0,0.6021333162158413,1.0,0.6021333162158413,0.0,0.0
338.175,1.0,0.6021333162158413,80.0,52.987731826994036,1.0,0.6021333162158413,1.0,0.6021333162158413,0.0,0.0
338.54666,1.0,0.6021333162158413,80.0,52.987731826994036,1.0,0.6021333162158413,1.0,0.6021333162158413,0.0,0.0
338.04333,1.0,0.6021333162158413,80.0,52.987731826994036,1.0,0.6021333162158413,1.0,0.6021333162158413,0.0,0.0
342.73666,1.0,0.6021679409156198,88.0,59.01245820973074,1.0,0.6021679409156198,1.0,0.6021679409156198,0.0,0.0
342.245,1.0,0.6021679409156198,88.0,58.41029026881512,1.0,0.6021679409156198,1.0,0.6021679409156198,0.0,0.0
343.07834,1.0,0.6021679409156198,88.0,58.41029026881512,1.0,0.6021679409156198,1.0,0.6021679409156198,0.0,0.0
343.248,1.0,0.6021679409156198,88.0,58.41029026881512,1.0,0.6021679409156198,1.0,0.6021679409156198,0.0,0.0
342.39334,1.0,0.6021679409156198,88.0,57.8081223278995,1.0,0.6021679409156198,1.0,0.6021679409156198,0.0,0.0
342.10333,1.0,0.6021679409156198,88.0,58.41029026881512,1.0,0.6021679409156198,1.0,0.6021679409156198,0.0,0.0
342.66666,1.0,0.6021679409156198,87.0,57.205954386983876,1.0,0.6021679409156198,1.0,0.6021679409156198,0.0,0.0
342.06,1.0,0.6021679409156198,87.0,57.8081223278995,1.0,0.6021679409156198,1.0,0.6021679409156198,0.0,0.0
341.85834,1.0,0.6021679409156198,87.0,57.205954386983876,1.0,0.6021679409156198,1.0,0.6021679409156198,0.0,0.0
342.645,1.0,0.6021679409156198,87.0,57.205954386983876,1.0,0.6021679409156198,1.0,0.6021679409156198,0.0,0.0
342.39334,1.0,0.6021679409156198,88.0,56.603786446068256,1.0,0.6021679409156198,1.0,0.6021679409156198,0.0,0.0
342.46832,1.0,0.6021679409156198,88.0,56.603786446068256,1.0,0.6021679409156198,1.0,0.6021679409156198,0.0,0.0
342.30667,1.0,0.6021679409156198,88.0,57.205954386983876,1.0,0.6021679409156198,1.0,0.6021679409156198,0.0,0.0
342.89,1.0,0.6021679409156198,88.0,56.603786446068256,1.0,0.6021679409156198,1.0,0.6021679409156198,0.0,0.0
339.03168,1.0,0.6021679409156198,88.0,56.603786446068256,1.0,0.6021679409156198,1.0,0.6021679409156198,0.0,0.0
323.57333,1.0,0.6021679409156198,88.0,56.603786446068256,1.0,0.6021679409156198,1.0,0.6021679409156198,0.0,0.0
323.72,1.0,0.6021679409156198,88.0,56.603786446068256,1.0,0.6021679409156198,1.0,0.6021679409156198,0.0,0.0
323.43332,1.0,0.6021679409156198,88.0,56.603786446068256,1.0,0.6021679409156198,1.0,0.6021679409156198,0.0,0.0
359.13333,1.0,0.6021679409156198,83.0,56.001618505152635,1.0,0.6021679409156198,1.0,0.6021679409156198,0.0,0.0
368.83832,1.0,0.6021679409156198,83.0,56.001618505152635,1.0,0.6021679409156198,1.0,0.6021679409156198,0.0,0.0
368.51334,1.0,0.6021679409156198,83.0,56.603786446068256,1.0,0.6021679409156198,1.0,0.6021679409156198,0.0,0.0
368.015,1.0,0.6021679409156198,83.0,56.001618505152635,1.0,0.6021679409156198,1.0,0.6021679409156198,0.0,0.0
367.49,1.0,0.6021679409156198,83.0,56.001618505152635,1.0,0.6021679409156198,1.0,0.6021679409156198,0.0,0.0
372.99335,1.0,0.6021679409156198,82.0,55.399450564237014,1.0,0.6021679409156198,1.0,0.6021679409156198,0.0,0.0
366.72168,1.0,0.6021679409156198,82.0,56.001618505152635,1.0,0.6021679409156198,1.0,0.6021679409156198,0.0,0.0
325.525,1.0,0.6021679409156198,82.0,56.001618505152635,1.0,0.6021679409156198,1.0,0.6021679409156198,0.0,0.0
338.76666,1.0,0.6021679409156198,82.0,55.399450564237014,1.0,0.6021679409156198,1.0,0.6021679409156198,0.0,0.0
340.625,1.0,0.6021679409156198,81.0,55.399450564237014,1.0,0.6021679409156198,1.0,0.6021679409156198,0.0,0.0
341.34833,1.0,0.6021679409156198,81.0,55.399450564237014,1.0,0.6021679409156198,1.0,0.6021679409156198,0.0,0.0
342.02667,1.0,0.6021679409156198,82.0,55.399450564237014,1.0,0.6021679409156198,1.0,0.6021679409156198,0.0,0.0
381.98666,1.0,0.6021679409156198,82.0,55.399450564237014,1.0,0.6021679409156198,1.0,0.6021679409156198,0.0,0.0
559.365,1.0,0.6021679409156198,99.0,54.7972826233214,1.0,0.6021679409156198,1.0,0.6021679409156198,0.0,0.0
541.02,1.0,0.6021679409156198,99.0,65.03413761888693,1.0,0.6021679409156198,1.0,0.6021679409156198,0.0,0.0
488.41666,1.0,0.6021679409156198,81.0,65.03413761888693,1.0,0.6021679409156198,1.0,0.6021679409156198,0.0,0.0
339.91,1.0,0.6021679409156198,81.0,65.03413761888693,1.0,0.6021679409156198,1.0,0.6021679409156198,0.0,0.0
340.47833,1.0,0.6021679409156198,81.0,54.7972826233214,1.0,0.6021679409156198,1.0,0.6021679409156198,0.0,0.0
340.79666,1.0,0.6021679409156198,81.0,54.7972826233214,1.0,0.6021679409156198,1.0,0.6021679409156198,0.0,0.0
341.37,1.0,0.6021679409156198,81.0,54.7972826233214,1.0,0.6021679409156198,1.0,0.6021679409156198,0.0,0.0
341.42166,1.0,0.6021679409156198,80.0,54.19511468240578,1.0,0.6021679409156198,1.0,0.6021679409156198,0.0,0.0
342.06833,1.0,0.6021679409156198,81.0,54.19511468240578,1.0,0.6021679409156198,1.0,0.6021679409156198,0.0,0.0
341.5,1.0,0.6021679409156198,81.0,54.7972826233214,1.0,0.6021679409156198,1.0,0.6021679409156198,0.0,0.0
341.60666,1.0,0.6021679409156198,81.0,54.19511468240578,1.0,0.6021679409156198,1.0,0.6021679409156198,0.0,0.0
341.71832,1.0,0.6021679409156198,81.0,53.59294674149016,1.0,0.6021679409156198,1.0,0.6021679409156198,0.0,0.0
341.29166,1.0,0.6021679409156198,82.0,53.59294674149016,1.0,0.6021679409156198,1.0,0.6021679409156198,0.0,0.0
341.13666,1.0,0.6021679409156198,81.0,54.19511468240578,1.0,0.6021679409156198,1.0,0.6021679409156198,0.0,0.0
341.15,1.0,0.6021679409156198,81.0,53.59294674149016,1.0,0.6021679409156198,1.0,0.6021679409156198,0.0,0.0
340.89,1.0,0.6021679409156198,81.0,53.59294674149016,1.0,0.6021679409156198,1.0,0.6021679409156198,0.0,0.0
341.30167,1.0,0.6021679409156198,81.0,53.59294674149016,1.0,0.6021679409156198,1.0,0.6021679409156198,0.0,0.0
340.785,1.0,0.6021679409156198,81.0,52.99077880057454,1.0,0.6021679409156198,1.0,0.6021679409156198,0.0,0.0
341.08334,1.0,0.6021679409156198,81.0,53.59294674149016,1.0,0.6021679409156198,1.0,0.6021679409156198,0.0,0.0
340.99835,1.0,0.6021679409156198,81.0,53.59294674149016,1.0,0.6021679409156198,1.0,0.6021679409156198,0.0,0.0
340.98666,1.0,0.6021679409156198,80.0,52.99077880057454,1.0,0.6021679409156198,1.0,0.6021679409156198,0.0,0.0
341.52167,1.0,0.6021679409156198,80.0,52.99077880057454,1.0,0.6021679409156198,1.0,0.6021679409156198,0.0,0.0
341.13333,1.0,0.6021679409156198,81.0,53.59294674149016,1.0,0.6021679409156198,1.0,0.6021679409156198,0.0,0.0
340.92334,1.0,0.6021679409156198,80.0,52.99077880057454,1.0,0.6021679409156198,1.0,0.6021679409156198,0.0,0.0
339.075,1.0,0.6021679409156198,80.0,52.99077880057454,1.0,0.6021679409156198,1.0,0.6021679409156198,0.0,0.0
338.175,1.0,0.6021679409156198,80.0,52.99077880057454,1.0,0.6021679409156198,1.0,0.6021679409156198,0.0,0.0
338.54666,1.0,0.6021679409156198,80.0,52.99077880057454,1.0,0.6021679409156198,1.0,0.6021679409156198,0.0,0.0
338.04333,1.0,0.6021679409156198,80.0,52.99077880057454,1.0,0.6021679409156198,1.0,0.6021679409156198,0.0,0.0
338.334,1.0,0.6021679409156198,79.0,52.99077880057454,1.0,0.6021679409156198,1.0,0.6021679409156198,0.0,0.0
342.245,1.0,0.6022842145664408,88.0,58.421568812944756,1.0,0.6022842145664408,1.0,0.6022842145664408,0.0,0.0
343.07834,1.0,0.6022842145664408,88.0,58.421568812944756,1.0,0.6022842145664408,1.0,0.6022842145664408,0.0,0.0
343.248,1.0,0.6022842145664408,88.0,58.421568812944756,1.0,0.6022842145664408,1.0,0.6022842145664408,0.0,0.0
342.39334,1.0,0.6022842145664408,88.0,57.81928459837832,1.0,0.6022842145664408,1.0,0.6022842145664408,0.0,0.0
342.10333,1.0,0.6022842145664408,88.0,58.421568812944756,1.0,0.6022842145664408,1.0,0.6022842145664408,0.0,0.0
342.66666,1.0,0.6022842145664408,87.0,57.21700038381187,1.0,0.6022842145664408,1.0,0.6022842145664408,0.0,0.0
342.06,1.0,0.6022842145664408,87.0,57.81928459837832,1.0,0.6022842145664408,1.0,0.6022842145664408,0.0,0.0
341.85834,1.0,0.6022842145664408,87.0,57.21700038381187,1.0,0.6022842145664408,1.0,0.6022842145664408,0.0,0.0
342.645,1.0,0.6022842145664408,87.0,57.21700038381187,1.0,0.6022842145664408,1.0,0.6022842145664408,0.0,0.0
342.39334,1.0,0.6022842145664408,88.0,56.61471616924543,1.0,0.6022842145664408,1.0,0.6022842145664408,0.0,0.0
342.46832,1.0,0.6022842145664408,88.0,56.61471616924543,1.0,0.6022842145664408,1.0,0.6022842145664408,0.0,0.0
342.30667,1.0,0.6022842145664408,88.0,57.21700038381187,1.0,0.6022842145664408,1.0,0.6022842145664408,0.0,0.0
342.89,1.0,0.6022842145664408,88.0,56.61471616924543,1.0,0.6022842145664408,1.0,0.6022842145664408,0.0,0.0
339.03168,1.0,0.6022842145664408,88.0,56.61471616924543,1.0,0.6022842145664408,1.0,0.6022842145664408,0.0,0.0
323.57333,1.0,0.6022842145664408,88.0,56.61471616924543,1.0,0.6022842145664408,1.0,0.6022842145664408,0.0,0.0
323.72,1.0,0.6022842145664408,88.0,56.61471616924543,1.0,0.6022842145664408,1.0,0.6022842145664408,0.0,0.0
323.43332,1.0,0.6022842145664408,88.0,56.61471616924543,1.0,0.6022842145664408,1.0,0.6022842145664408,0.0,0.0
359.13333,1.0,0.6022842145664408,83.0,56.012431954678995,1.0,0.6022842145664408,1.0,0.6022842145664408,0.0,0.0
368.83832,1.0,0.6022842145664408,83.0,56.012431954678995,1.0,0.6022842145664408,1.0,0.6022842145664408,0.0,0.0
368.51334,1.0,0.6022842145664408,83.0,56.61471616924543,1.0,0.6022842145664408,1.0,0.6022842145664408,0.0,0.0
368.015,1.0,0.6022842145664408,83.0,56.012431954678995,1.0,0.6022842145664408,1.0,0.6022842145664408,0.0,0.0
367.49,1.0,0.6022842145664408,83.0,56.012431954678995,1.0,0.6022842145664408,1.0,0.6022842145664408,0.0,0.0
372.99335,1.0,0.6022842145664408,82.0,55.41014774011255,1.0,0.6022842145664408,1.0,0.6022842145664408,0.0,0.0
366.72168,1.0,0.6022842145664408,82.0,56.012431954678995,1.0,0.6022842145664408,1.0,0.6022842145664408,0.0,0.0
325.525,1.0,0.6022842145664408,82.0,56.012431954678995,1.0,0.6022842145664408,1.0,0.6022842145664408,0.0,0.0
338.76666,1.0,0.6022842145664408,82.0,55.41014774011255,1.0,0.6022842145664408,1.0,0.6022842145664408,0.0,0.0
340.625,1.0,0.6022842145664408,81.0,55.41014774011255,1.0,0.6022842145664408,1.0,0.6022842145664408,0.0,0.0
341.34833,1.0,0.6022842145664408,81.0,55.41014774011255,1.0,0.6022842145664408,1.0,0.6022842145664408,0.0,0.0
342.02667,1.0,0.6022842145664408,82.0,55.41014774011255,1.0,0.6022842145664408,1.0,0.6022842145664408,0.0,0.0
381.98666,1.0,0.6022842145664408,82.0,55.41014774011255,1.0,0.6022842145664408,1.0,0.6022842145664408,0.0,0.0
559.365,1.0,0.6022842145664408,99.0,54.80786352554611,1.0,0.6022842145664408,1.0,0.6022842145664408,0.0,0.0
541.02,1.0,0.6022842145664408,99.0,65.0466951731756,1.0,0.6022842145664408,1.0,0.6022842145664408,0.0,0.0
488.41666,1.0,0.6022842145664408,81.0,65.0466951731756,1.0,0.6022842145664408,1.0,0.6022842145664408,0.0,0.0
339.91,1.0,0.6022842145664408,81.0,65.0466951731756,1.0,0.6022842145664408,1.0,0.6022842145664408,0.0,0.0
340.47833,1.0,0.6022842145664408,81.0,54.80786352554611,1.0,0.6022842145664408,1.0,0.6022842145664408,0.0,0.0
340.79666,1.0,0.6022842145664408,81.0,54.80786352554611,1.0,0.6022842145664408,1.0,0.6022842145664408,0.0,0.0
341.37,1.0,0.6022842145664408,81.0,54.80786352554611,1.0,0.6022842145664408,1.0,0.6022842145664408,0.0,0.0
341.42166,1.0,0.6022842145664408,80.0,54.20557931097967,1.0,0.6022842145664408,1.0,0.6022842145664408,0.0,0.0
342.06833,1.0,0.6022842145664408,81.0,54.20557931097967,1.0,0.6022842145664408,1.0,0.6022842145664408,0.0,0.0
341.5,1.0,0.6022842145664408,81.0,54.80786352554611,1.0,0.6022842145664408,1.0,0.6022842145664408,0.0,0.0
341.60666,1.0,0.6022842145664408,81.0,54.20557931097967,1.0,0.6022842145664408,1.0,0.6022842145664408,0.0,0.0
341.71832,1.0,0.6022842145664408,81.0,53.60329509641323,1.0,0.6022842145664408,1.0,0.6022842145664408,0.0,0.0
341.29166,1.0,0.6022842145664408,82.0,53.60329509641323,1.0,0.6022842145664408,1.0,0.6022842145664408,0.0,0.0
341.13666,1.0,0.6022842145664408,81.0,54.20557931097967,1.0,0.6022842145664408,1.0,0.6022842145664408,0.0,0.0
341.15,1.0,0.6022842145664408,81.0,53.60329509641323,1.0,0.6022842145664408,1.0,0.6022842145664408,0.0,0.0
340.89,1.0,0.6022842145664408,81.0,53.60329509641323,1.0,0.6022842145664408,1.0,0.6022842145664408,0.0,0.0
341.30167,1.0,0.6022842145664408,81.0,53.60329509641323,1.0,0.6022842145664408,1.0,0.6022842145664408,0.0,0.0
340.785,1.0,0.6022842145664408,81.0,53.00101088184679,1.0,0.6022842145664408,1.0,0.6022842145664408,0.0,0.0
341.08334,1.0,0.6022842145664408,81.0,53.60329509641323,1.0,0.6022842145664408,1.0,0.6022842145664408,0.0,0.0
340.99835,1.0,0.6022842145664408,81.0,53.60329509641323,1.0,0.6022842145664408,1.0,0.6022842145664408,0.0,0.0
340.98666,1.0,0.6022842145664408,80.0,53.00101088184679,1.0,0.6022842145664408,1.0,0.6022842145664408,0.0,0.0
341.52167,1.0,0.6022842145664408,80.0,53.00101088184679,1.0,0.6022842145664408,1.0,0.6022842145664408,0.0,0.0
341.13333,1.0,0.6022842145664408,81.0,53.60329509641323,1.0,0.6022842145664408,1.0,0.6022842145664408,0.0,0.0
340.92334,1.0,0.6022842145664408,80.0,53.00101088184679,1.0,0.6022842145664408,1.0,0.6022842145664408,0.0,0.0
339.075,1.0,0.6022842145664408,80.0,53.00101088184679,1.0,0.6022842145664408,1.0,0.6022842145664408,0.0,0.0
338.175,1.0,0.6022842145664408,80.0,53.00101088184679,1.0,0.6022842145664408,1.0,0.6022842145664408,0.0,0.0
338.54666,1.0,0.6022842145664408,80.0,53.00101088184679,1.0,0.6022842145664408,1.0,0.6022842145664408,0.0,0.0
338.04333,1.0,0.6022842145664408,80.0,53.00101088184679,1.0,0.6022842145664408,1.0,0.6022842145664408,0.0,0.0
338.334,1.0,0.6022842145664408,79.0,53.00101088184679,1.0,0.6022842145664408,1.0,0.6022842145664408,0.0,0.0
338.25668,1.0,0.6022842145664408,79.0,53.00101088184679,1.0,0.6022842145664408,1.0,0.6022842145664408,0.0,0.0
343.07834,1.0,0.6025635608716604,88.0,58.44866540455106,1.0,0.6025635608716604,1.0,0.6025635608716604,0.0,0.0
343.248,1.0,0.6025635608716604,88.0,58.44866540455106,1.0,0.6025635608716604,1.0,0.6025635608716604,0.0,0.0
342.39334,1.0,0.6025635608716604,88.0,57.8461018436794,1.0,0.6025635608716604,1.0,0.6025635608716604,0.0,0.0
342.10333,1.0,0.6025635608716604,88.0,58.44866540455106,1.0,0.6025635608716604,1.0,0.6025635608716604,0.0,0.0
342.66666,1.0,0.6025635608716604,87.0,57.24353828280774,1.0,0.6025635608716604,1.0,0.6025635608716604,0.0,0.0
342.06,1.0,0.6025635608716604,87.0,57.8461018436794,1.0,0.6025635608716604,1.0,0.6025635608716604,0.0,0.0
341.85834,1.0,0.6025635608716604,87.0,57.24353828280774,1.0,0.6025635608716604,1.0,0.6025635608716604,0.0,0.0
342.645,1.0,0.6025635608716604,87.0,57.24353828280774,1.0,0.6025635608716604,1.0,0.6025635608716604,0.0,0.0
342.39334,1.0,0.6025635608716604,88.0,56.640974721936075,1.0,0.6025635608716604,1.0,0.6025635608716604,0.0,0.0
342.46832,1.0,0.6025635608716604,88.0,56.640974721936075,1.0,0.6025635608716604,1.0,0.6025635608716604,0.0,0.0
342.30667,1.0,0.6025635608716604,88.0,57.24353828280774,1.0,0.6025635608716604,1.0,0.6025635608716604,0.0,0.0
342.89,1.0,0.6025635608716604,88.0,56.640974721936075,1.0,0.6025635608716604,1.0,0.6025635608716604,0.0,0.0
339.03168,1.0,0.6025635608716604,88.0,56.640974721936075,1.0,0.6025635608716604,1.0,0.6025635608716604,0.0,0.0
323.57333,1.0,0.6025635608716604,88.0,56.640974721936075,1.0,0.6025635608716604,1.0,0.6025635608716604,0.0,0.0
323.72,1.0,0.6025635608716604,88.0,56.640974721936075,1.0,0.6025635608716604,1.0,0.6025635608716604,0.0,0.0
323.43332,1.0,0.6025635608716604,88.0,56.640974721936075,1.0,0.6025635608716604,1.0,0.6025635608716604,0.0,0.0
359.13333,1.0,0.6025635608716604,83.0,56.03841116106442,1.0,0.6025635608716604,1.0,0.6025635608716604,0.0,0.0
368.83832,1.0,0.6025635608716604,83.0,56.03841116106442,1.0,0.6025635608716604,1.0,0.6025635608716604,0.0,0.0
368.51334,1.0,0.6025635608716604,83.0,56.640974721936075,1.0,0.6025635608716604,1.0,0.6025635608716604,0.0,0.0
368.015,1.0,0.6025635608716604,83.0,56.03841116106442,1.0,0.6025635608716604,1.0,0.6025635608716604,0.0,0.0
367.49,1.0,0.6025635608716604,83.0,56.03841116106442,1.0,0.6025635608716604,1.0,0.6025635608716604,0.0,0.0
372.99335,1.0,0.6025635608716604,82.0,55.43584760019276,1.0,0.6025635608716604,1.0,0.6025635608716604,0.0,0.0
366.72168,1.0,0.6025635608716604,82.0,56.03841116106442,1.0,0.6025635608716604,1.0,0.6025635608716604,0.0,0.0
325.525,1.0,0.6025635608716604,82.0,56.03841116106442,1.0,0.6025635608716604,1.0,0.6025635608716604,0.0,0.0
338.76666,1.0,0.6025635608716604,82.0,55.43584760019276,1.0,0.6025635608716604,1.0,0.6025635608716604,0.0,0.0
340.625,1.0,0.6025635608716604,81.0,55.43584760019276,1.0,0.6025635608716604,1.0,0.6025635608716604,0.0,0.0
341.34833,1.0,0.6025635608716604,81.0,55.43584760019276,1.0,0.6025635608716604,1.0,0.6025635608716604,0.0,0.0
342.02667,1.0,0.6025635608716604,82.0,55.43584760019276,1.0,0.6025635608716604,1.0,0.6025635608716604,0.0,0.0
381.98666,1.0,0.6025635608716604,82.0,55.43584760019276,1.0,0.6025635608716604,1.0,0.6025635608716604,0.0,0.0
559.365,1.0,0.6025635608716604,99.0,54.8332840393211,1.0,0.6025635608716604,1.0,0.6025635608716604,0.0,0.0
541.02,1.0,0.6025635608716604,99.0,65.07686457413932,1.0,0.6025635608716604,1.0,0.6025635608716604,0.0,0.0
488.41666,1.0,0.6025635608716604,81.0,65.07686457413932,1.0,0.6025635608716604,1.0,0.6025635608716604,0.0,0.0
339.91,1.0,0.6025635608716604,81.0,65.07686457413932,1.0,0.6025635608716604,1.0,0.6025635608716604,0.0,0.0
340.47833,1.0,0.6025635608716604,81.0,54.8332840393211,1.0,0.6025635608716604,1.0,0.6025635608716604,0.0,0.0
340.79666,1.0,0.6025635608716604,81.0,54.8332840393211,1.0,0.6025635608716604,1.0,0.6025635608716604,0.0,0.0
341.37,1.0,0.6025635608716604,81.0,54.8332840393211,1.0,0.6025635608716604,1.0,0.6025635608716604,0.0,0.0
341.42166,1.0,0.6025635608716604,80.0,54.230720478449435,1.0,0.6025635608716604,1.0,0.6025635608716604,0.0,0.0
342.06833,1.0,0.6025635608716604,81.0,54.230720478449435,1.0,0.6025635608716604,1.0,0.6025635608716604,0.0,0.0
341.5,1.0,0.6025635608716604,81.0,54.8332840393211,1.0,0.6025635608716604,1.0,0.6025635608716604,0.0,0.0
341.60666,1.0,0.6025635608716604,81.0,54.230720478449435,1.0,0.6025635608716604,1.0,0.6025635608716604,0.0,0.0
341.71832,1.0,0.6025635608716604,81.0,53.628156917577776,1.0,0.6025635608716604,1.0,0.6025635608716604,0.0,0.0
341.29166,1.0,0.6025635608716604,82.0,53.628156917577776,1.0,0.6025635608716604,1.0,0.6025635608716604,0.0,0.0
341.13666,1.0,0.6025635608716604,81.0,54.230720478449435,1.0,0.6025635608716604,1.0,0.6025635608716604,0.0,0.0
341.15,1.0,0.6025635608716604,81.0,53.628156917577776,1.0,0.6025635608716604,1.0,0.6025635608716604,0.0,0.0
340.89,1.0,0.6025635608716604,81.0,53.628156917577776,1.0,0.6025635608716604,1.0,0.6025635608716604,0.0,0.0
341.30167,1.0,0.6025635608716604,81.0,53.628156917577776,1.0,0.6025635608716604,1.0,0.6025635608716604,0.0,0.0
340.785,1.0,0.6025635608716604,81.0,53.02559335670612,1.0,0.6025635608716604,1.0,0.6025635608716604,0.0,0.0
341.08334,1.0,0.6025635608716604,81.0,53.628156917577776,1.0,0.6025635608716604,1.0,0.6025635608716604,0.0,0.0
340.99835,1.0,0.6025635608716604,81.0,53.628156917577776,1.0,0.6025635608716604,1.0,0.6025635608716604,0.0,0.0
340.98666,1.0,0.6025635608716604,80.0,53.02559335670612,1.0,0.6025635608716604,1.0,0.6025635608716604,0.0,0.0
341.52167,1.0,0.6025635608716604,80.0,53.02559335670612,1.0,0.6025635608716604,1.0,0.6025635608716604,0.0,0.0
341.13333,1.0,0.6025635608716604,81.0,53.628156917577776,1.0,0.6025635608716604,1.0,0.6025635608716604,0.0,0.0
340.92334,1.0,0.6025635608716604,80.0,53.02559335670612,1.0,0.6025635608716604,1.0,0.6025635608716604,0.0,0.0
339.075,1.0,0.6025635608716604,80.0,53.02559335670612,1.0,0.6025635608716604,1.0,0.6025635608716604,0.0,0.0
338.175,1.0,0.6025635608716604,80.0,53.02559335670612,1.0,0.6025635608716604,1.0,0.6025635608716604,0.0,0.0
338.54666,1.0,0.6025635608716604,80.0,53.02559335670612,1.0,0.6025635608716604,1.0,0.6025635608716604,0.0,0.0
338.04333,1.0,0.6025635608716604,80.0,53.02559335670612,1.0,0.6025635608716604,1.0,0.6025635608716604,0.0,0.0
338.334,1.0,0.6025635608716604,79.0,53.02559335670612,1.0,0.6025635608716604,1.0,0.6025635608716604,0.0,0.0
338.25668,1.0,0.6025635608716604,79.0,53.02559335670612,1.0,0.6025635608716604,1.0,0.6025635608716604,0.0,0.0
337.71,1.0,0.6025635608716604,80.0,52.42302979583445,1.0,0.6025635608716604,1.0,0.6025635608716604,0.0,0.0
343.248,1.0,0.602579266688574,88.0,58.45018886879168,1.0,0.602579266688574,1.0,0.602579266688574,0.0,0.0
342.39334,1.0,0.602579266688574,88.0,57.847609602103105,1.0,0.602579266688574,1.0,0.602579266688574,0.0,0.0
342.10333,1.0,0.602579266688574,88.0,58.45018886879168,1.0,0.602579266688574,1.0,0.602579266688574,0.0,0.0
342.66666,1.0,0.602579266688574,87.0,57.245030335414526,1.0,0.602579266688574,1.0,0.602579266688574,0.0,0.0
342.06,1.0,0.602579266688574,87.0,57.847609602103105,1.0,0.602579266688574,1.0,0.602579266688574,0.0,0.0
341.85834,1.0,0.602579266688574,87.0,57.245030335414526,1.0,0.602579266688574,1.0,0.602579266688574,0.0,0.0
342.645,1.0,0.602579266688574,87.0,57.245030335414526,1.0,0.602579266688574,1.0,0.602579266688574,0.0,0.0
342.39334,1.0,0.602579266688574,88.0,56.642451068725954,1.0,0.602579266688574,1.0,0.602579266688574,0.0,0.0
342.46832,1.0,0.602579266688574,88.0,56.642451068725954,1.0,0.602579266688574,1.0,0.602579266688574,0.0,0.0
342.30667,1.0,0.602579266688574,88.0,57.245030335414526,1.0,0.602579266688574,1.0,0.602579266688574,0.0,0.0
342.89,1.0,0.602579266688574,88.0,56.642451068725954,1.0,0.602579266688574,1.0,0.602579266688574,0.0,0.0
339.03168,1.0,0.602579266688574,88.0,56.642451068725954,1.0,0.602579266688574,1.0,0.602579266688574,0.0,0.0
323.57333,1.0,0.602579266688574,88.0,56.642451068725954,1.0,0.602579266688574,1.0,0.602579266688574,0.0,0.0
323.72,1.0,0.602579266688574,88.0,56.642451068725954,1.0,0.602579266688574,1.0,0.602579266688574,0.0,0.0
323.43332,1.0,0.602579266688574,88.0,56.642451068725954,1.0,0.602579266688574,1.0,0.602579266688574,0.0,0.0
359.13333,1.0,0.602579266688574,83.0,56.03987180203738,1.0,0.602579266688574,1.0,0.602579266688574,0.0,0.0
368.83832,1.0,0.602579266688574,83.0,56.03987180203738,1.0,0.602579266688574,1.0,0.602579266688574,0.0,0.0
368.51334,1.0,0.602579266688574,83.0,56.642451068725954,1.0,0.602579266688574,1.0,0.602579266688574,0.0,0.0
368.015,1.0,0.602579266688574,83.0,56.03987180203738,1.0,0.602579266688574,1.0,0.602579266688574,0.0,0.0
367.49,1.0,0.602579266688574,83.0,56.03987180203738,1.0,0.602579266688574,1.0,0.602579266688574,0.0,0.0
372.99335,1.0,0.602579266688574,82.0,55.4372925353488,1.0,0.602579266688574,1.0,0.602579266688574,0.0,0.0
366.72168,1.0,0.602579266688574,82.0,56.03987180203738,1.0,0.602579266688574,1.0,0.602579266688574,0.0,0.0
325.525,1.0,0.602579266688574,82.0,56.03987180203738,1.0,0.602579266688574,1.0,0.602579266688574,0.0,0.0
338.76666,1.0,0.602579266688574,82.0,55.4372925353488,1.0,0.602579266688574,1.0,0.602579266688574,0.0,0.0
340.625,1.0,0.602579266688574,81.0,55.4372925353488,1.0,0.602579266688574,1.0,0.602579266688574,0.0,0.0
341.34833,1.0,0.602579266688574,81.0,55.4372925353488,1.0,0.602579266688574,1.0,0.602579266688574,0.0,0.0
342.02667,1.0,0.602579266688574,82.0,55.4372925353488,1.0,0.602579266688574,1.0,0.602579266688574,0.0,0.0
381.98666,1.0,0.602579266688574,82.0,55.4372925353488,1.0,0.602579266688574,1.0,0.602579266688574,0.0,0.0
559.365,1.0,0.602579266688574,99.0,54.83471326866023,1.0,0.602579266688574,1.0,0.602579266688574,0.0,0.0
541.02,1.0,0.602579266688574,99.0,65.07856080236598,1.0,0.602579266688574,1.0,0.602579266688574,0.0,0.0
488.41666,1.0,0.602579266688574,81.0,65.07856080236598,1.0,0.602579266688574,1.0,0.602579266688574,0.0,0.0
339.91,1.0,0.602579266688574,81.0,65.07856080236598,1.0,0.602579266688574,1.0,0.602579266688574,0.0,0.0
340.47833,1.0,0.602579266688574,81.0,54.83471326866023,1.0,0.602579266688574,1.0,0.602579266688574,0.0,0.0
340.79666,1.0,0.602579266688574,81.0,54.83471326866023,1.0,0.602579266688574,1.0,0.602579266688574,0.0,0.0
341.37,1.0,0.602579266688574,81.0,54.83471326866023,1.0,0.602579266688574,1.0,0.602579266688574,0.0,0.0
341.42166,1.0,0.602579266688574,80.0,54.23213400197166,1.0,0.602579266688574,1.0,0.602579266688574,0.0,0.0
342.06833,1.0,0.602579266688574,81.0,54.23213400197166,1.0,0.602579266688574,1.0,0.602579266688574,0.0,0.0
341.5,1.0,0.602579266688574,81.0,54.83471326866023,1.0,0.602579266688574,1.0,0.602579266688574,0.0,0.0
341.60666,1.0,0.602579266688574,81.0,54.23213400197166,1.0,0.602579266688574,1.0,0.602579266688574,0.0,0.0
341.71832,1.0,0.602579266688574,81.0,53.62955473528309,1.0,0.602579266688574,1.0,0.602579266688574,0.0,0.0
341.29166,1.0,0.602579266688574,82.0,53.62955473528309,1.0,0.602579266688574,1.0,0.602579266688574,0.0,0.0
341.13666,1.0,0.602579266688574,81.0,54.23213400197166,1.0,0.602579266688574,1.0,0.602579266688574,0.0,0.0
341.15,1.0,0.602579266688574,81.0,53.62955473528309,1.0,0.602579266688574,1.0,0.602579266688574,0.0,0.0
340.89,1.0,0.602579266688574,81.0,53.62955473528309,1.0,0.602579266688574,1.0,0.602579266688574,0.0,0.0
341.30167,1.0,0.602579266688574,81.0,53.62955473528309,1.0,0.602579266688574,1.0,0.602579266688574,0.0,0.0
340.785,1.0,0.602579266688574,81.0,53.02697546859451,1.0,0.602579266688574,1.0,0.602579266688574,0.0,0.0
341.08334,1.0,0.602579266688574,81.0,53.62955473528309,1.0,0.602579266688574,1.0,0.602579266688574,0.0,0.0
340.99835,1.0,0.602579266688574,81.0,53.62955473528309,1.0,0.602579266688574,1.0,0.602579266688574,0.0,0.0
340.98666,1.0,0.602579266688574,80.0,53.02697546859451,1.0,0.602579266688574,1.0,0.602579266688574,0.0,0.0
341.52167,1.0,0.602579266688574,80.0,53.02697546859451,1.0,0.602579266688574,1.0,0.602579266688574,0.0,0.0
341.13333,1.0,0.602579266688574,81.0,53.62955473528309,1.0,0.602579266688574,1.0,0.602579266688574,0.0,0.0
340.92334,1.0,0.602579266688574,80.0,53.02697546859451,1.0,0.602579266688574,1.0,0.602579266688574,0.0,0.0
339.075,1.0,0.602579266688574,80.0,53.02697546859451,1.0,0.602579266688574,1.0,0.602579266688574,0.0,0.0
338.175,1.0,0.602579266688574,80.0,53.02697546859451,1.0,0.602579266688574,1.0,0.602579266688574,0.0,0.0
338.54666,1.0,0.602579266688574,80.0,53.02697546859451,1.0,0.602579266688574,1.0,0.602579266688574,0.0,0.0
338.04333,1.0,0.602579266688574,80.0,53.02697546859451,1.0,0.602579266688574,1.0,0.602579266688574,0.0,0.0
338.334,1.0,0.602579266688574,79.0,53.02697546859451,1.0,0.602579266688574,1.0,0.602579266688574,0.0,0.0
338.25668,1.0,0.602579266688574,79.0,53.02697546859451,1.0,0.602579266688574,1.0,0.602579266688574,0.0,0.0
337.71,1.0,0.602579266688574,80.0,52.424396201905935,1.0,0.602579266688574,1.0,0.602579266688574,0.0,0.0
337.71,1.0,0.602579266688574,79.0,53.02697546859451,1.0,0.602579266688574,1.0,0.602579266688574,0.0,0.0
342.39334,1.0,0.6025811815008548,88.0,57.84779342408206,1.0,0.6025811815008548,1.0,0.6025811815008548,0.0,0.0
342.10333,1.0,0.6025811815008548,88.0,58.450374605582915,1.0,0.6025811815008548,1.0,0.6025811815008548,0.0,0.0
342.66666,1.0,0.6025811815008548,87.0,57.24521224258121,1.0,0.6025811815008548,1.0,0.6025811815008548,0.0,0.0
342.06,1.0,0.6025811815008548,87.0,57.84779342408206,1.0,0.6025811815008548,1.0,0.6025811815008548,0.0,0.0
341.85834,1.0,0.6025811815008548,87.0,57.24521224258121,1.0,0.6025811815008548,1.0,0.6025811815008548,0.0,0.0
342.645,1.0,0.6025811815008548,87.0,57.24521224258121,1.0,0.6025811815008548,1.0,0.6025811815008548,0.0,0.0
342.39334,1.0,0.6025811815008548,88.0,56.64263106108035,1.0,0.6025811815008548,1.0,0.6025811815008548,0.0,0.0
342.46832,1.0,0.6025811815008548,88.0,56.64263106108035,1.0,0.6025811815008548,1.0,0.6025811815008548,0.0,0.0
342.30667,1.0,0.6025811815008548,88.0,57.24521224258121,1.0,0.6025811815008548,1.0,0.6025811815008548,0.0,0.0
342.89,1.0,0.6025811815008548,88.0,56.64263106108035,1.0,0.6025811815008548,1.0,0.6025811815008548,0.0,0.0
339.03168,1.0,0.6025811815008548,88.0,56.64263106108035,1.0,0.6025811815008548,1.0,0.6025811815008548,0.0,0.0
323.57333,1.0,0.6025811815008548,88.0,56.64263106108035,1.0,0.6025811815008548,1.0,0.6025811815008548,0.0,0.0
323.72,1.0,0.6025811815008548,88.0,56.64263106108035,1.0,0.6025811815008548,1.0,0.6025811815008548,0.0,0.0
323.43332,1.0,0.6025811815008548,88.0,56.64263106108035,1.0,0.6025811815008548,1.0,0.6025811815008548,0.0,0.0
359.13333,1.0,0.6025811815008548,83.0,56.0400498795795,1.0,0.6025811815008548,1.0,0.6025811815008548,0.0,0.0
368.83832,1.0,0.6025811815008548,83.0,56.0400498795795,1.0,0.6025811815008548,1.0,0.6025811815008548,0.0,0.0
368.51334,1.0,0.6025811815008548,83.0,56.64263106108035,1.0,0.6025811815008548,1.0,0.6025811815008548,0.0,0.0
368.015,1.0,0.6025811815008548,83.0,56.0400498795795,1.0,0.6025811815008548,1.0,0.6025811815008548,0.0,0.0
367.49,1.0,0.6025811815008548,83.0,56.0400498795795,1.0,0.6025811815008548,1.0,0.6025811815008548,0.0,0.0
372.99335,1.0,0.6025811815008548,82.0,55.437468698078646,1.0,0.6025811815008548,1.0,0.6025811815008548,0.0,0.0
366.72168,1.0,0.6025811815008548,82.0,56.0400498795795,1.0,0.6025811815008548,1.0,0.6025811815008548,0.0,0.0
325.525,1.0,0.6025811815008548,82.0,56.0400498795795,1.0,0.6025811815008548,1.0,0.6025811815008548,0.0,0.0
338.76666,1.0,0.6025811815008548,82.0,55.437468698078646,1.0,0.6025811815008548,1.0,0.6025811815008548,0.0,0.0
340.625,1.0,0.6025811815008548,81.0,55.437468698078646,1.0,0.6025811815008548,1.0,0.6025811815008548,0.0,0.0
341.34833,1.0,0.6025811815008548,81.0,55.437468698078646,1.0,0.6025811815008548,1.0,0.6025811815008548,0.0,0.0
342.02667,1.0,0.6025811815008548,82.0,55.437468698078646,1.0,0.6025811815008548,1.0,0.6025811815008548,0.0,0.0
381.98666,1.0,0.6025811815008548,82.0,55.437468698078646,1.0,0.6025811815008548,1.0,0.6025811815008548,0.0,0.0
559.365,1.0,0.6025811815008548,99.0,54.83488751657779,1.0,0.6025811815008548,1.0,0.6025811815008548,0.0,0.0
541.02,1.0,0.6025811815008548,99.0,65.07876760209233,1.0,0.6025811815008548,1.0,0.6025811815008548,0.0,0.0
488.41666,1.0,0.6025811815008548,81.0,65.07876760209233,1.0,0.6025811815008548,1.0,0.6025811815008548,0.0,0.0
339.91,1.0,0.6025811815008548,81.0,65.07876760209233,1.0,0.6025811815008548,1.0,0.6025811815008548,0.0,0.0
340.47833,1.0,0.6025811815008548,81.0,54.83488751657779,1.0,0.6025811815008548,1.0,0.6025811815008548,0.0,0.0
340.79666,1.0,0.6025811815008548,81.0,54.83488751657779,1.0,0.6025811815008548,1.0,0.6025811815008548,0.0,0.0
341.37,1.0,0.6025811815008548,81.0,54.83488751657779,1.0,0.6025811815008548,1.0,0.6025811815008548,0.0,0.0
341.42166,1.0,0.6025811815008548,80.0,54.232306335076935,1.0,0.6025811815008548,1.0,0.6025811815008548,0.0,0.0
342.06833,1.0,0.6025811815008548,81.0,54.232306335076935,1.0,0.6025811815008548,1.0,0.6025811815008548,0.0,0.0
341.5,1.0,0.6025811815008548,81.0,54.83488751657779,1.0,0.6025811815008548,1.0,0.6025811815008548,0.0,0.0
341.60666,1.0,0.6025811815008548,81.0,54.232306335076935,1.0,0.6025811815008548,1.0,0.6025811815008548,0.0,0.0
341.71832,1.0,0.6025811815008548,81.0,53.62972515357608,1.0,0.6025811815008548,1.0,0.6025811815008548,0.0,0.0
341.29166,1.0,0.6025811815008548,82.0,53.62972515357608,1.0,0.6025811815008548,1.0,0.6025811815008548,0.0,0.0
341.13666,1.0,0.6025811815008548,81.0,54.232306335076935,1.0,0.6025811815008548,1.0,0.6025811815008548,0.0,0.0
341.15,1.0,0.6025811815008548,81.0,53.62972515357608,1.0,0.6025811815008548,1.0,0.6025811815008548,0.0,0.0
340.89,1.0,0.6025811815008548,81.0,53.62972515357608,1.0,0.6025811815008548,1.0,0.6025811815008548,0.0,0.0
341.30167,1.0,0.6025811815008548,81.0,53.62972515357608,1.0,0.6025811815008548,1.0,0.6025811815008548,0.0,0.0
340.785,1.0,0.6025811815008548,81.0,53.02714397207522,1.0,0.6025811815008548,1.0,0.6025811815008548,0.0,0.0
341.08334,1.0,0.6025811815008548,81.0,53.62972515357608,1.0,0.6025811815008548,1.0,0.6025811815008548,0.0,0.0
340.99835,1.0,0.6025811815008548,81.0,53.62972515357608,1.0,0.6025811815008548,1.0,0.6025811815008548,0.0,0.0
340.98666,1.0,0.6025811815008548,80.0,53.02714397207522,1.0,0.6025811815008548,1.0,0.6025811815008548,0.0,0.0
341.52167,1.0,0.6025811815008548,80.0,53.02714397207522,1.0,0.6025811815008548,1.0,0.6025811815008548,0.0,0.0
341.13333,1.0,0.6025811815008548,81.0,53.62972515357608,1.0,0.6025811815008548,1.0,0.6025811815008548,0.0,0.0
340.92334,1.0,0.6025811815008548,80.0,53.02714397207522,1.0,0.6025811815008548,1.0,0.6025811815008548,0.0,0.0
339.075,1.0,0.6025811815008548,80.0,53.02714397207522,1.0,0.6025811815008548,1.0,0.6025811815008548,0.0,0.0
338.175,1.0,0.6025811815008548,80.0,53.02714397207522,1.0,0.6025811815008548,1.0,0.6025811815008548,0.0,0.0
338.54666,1.0,0.6025811815008548,80.0,53.02714397207522,1.0,0.6025811815008548,1.0,0.6025811815008548,0.0,0.0
338.04333,1.0,0.6025811815008548,80.0,53.02714397207522,1.0,0.6025811815008548,1.0,0.6025811815008548,0.0,0.0
338.334,1.0,0.6025811815008548,79.0,53.02714397207522,1.0,0.6025811815008548,1.0,0.6025811815008548,0.0,0.0
338.25668,1.0,0.6025811815008548,79.0,53.02714397207522,1.0,0.6025811815008548,1.0,0.6025811815008548,0.0,0.0
337.71,1.0,0.6025811815008548,80.0,52.42456279057437,1.0,0.6025811815008548,1.0,0.6025811815008548,0.0,0.0
337.71,1.0,0.6025811815008548,79.0,53.02714397207522,1.0,0.6025811815008548,1.0,0.6025811815008548,0.0,0.0
337.06,1.0,0.6025811815008548,79.0,53.02714397207522,1.0,0.6025811815008548,1.0,0.6025811815008548,0.0,0.0
342.10333,1.0,0.6022423331594746,88.0,58.41750631646904,1.0,0.6022423331594746,1.0,0.6022423331594746,0.0,0.0
342.66666,1.0,0.6022423331594746,87.0,57.21302165015009,1.0,0.6022423331594746,1.0,0.6022423331594746,0.0,0.0
342.06,1.0,0.6022423331594746,87.0,57.81526398330956,1.0,0.6022423331594746,1.0,0.6022423331594746,0.0,0.0
341.85834,1.0,0.6022423331594746,87.0,57.21302165015009,1.0,0.6022423331594746,1.0,0.6022423331594746,0.0,0.0
342.645,1.0,0.6022423331594746,87.0,57.21302165015009,1.0,0.6022423331594746,1.0,0.6022423331594746,0.0,0.0
342.39334,1.0,0.6022423331594746,88.0,56.610779316990616,1.0,0.6022423331594746,1.0,0.6022423331594746,0.0,0.0
342.46832,1.0,0.6022423331594746,88.0,56.610779316990616,1.0,0.6022423331594746,1.0,0.6022423331594746,0.0,0.0
342.30667,1.0,0.6022423331594746,88.0,57.21302165015009,1.0,0.6022423331594746,1.0,0.6022423331594746,0.0,0.0
342.89,1.0,0.6022423331594746,88.0,56.610779316990616,1.0,0.6022423331594746,1.0,0.6022423331594746,0.0,0.0
339.03168,1.0,0.6022423331594746,88.0,56.610779316990616,1.0,0.6022423331594746,1.0,0.6022423331594746,0.0,0.0
323.57333,1.0,0.6022423331594746,88.0,56.610779316990616,1.0,0.6022423331594746,1.0,0.6022423331594746,0.0,0.0
323.72,1.0,0.6022423331594746,88.0,56.610779316990616,1.0,0.6022423331594746,1.0,0.6022423331594746,0.0,0.0
323.43332,1.0,0.6022423331594746,88.0,56.610779316990616,1.0,0.6022423331594746,1.0,0.6022423331594746,0.0,0.0
359.13333,1.0,0.6022423331594746,83.0,56.00853698383114,1.0,0.6022423331594746,1.0,0.6022423331594746,0.0,0.0
368.83832,1.0,0.6022423331594746,83.0,56.00853698383114,1.0,0.6022423331594746,1.0,0.6022423331594746,0.0,0.0
368.51334,1.0,0.6022423331594746,83.0,56.610779316990616,1.0,0.6022423331594746,1.0,0.6022423331594746,0.0,0.0
368.015,1.0,0.6022423331594746,83.0,56.00853698383114,1.0,0.6022423331594746,1.0,0.6022423331594746,0.0,0.0
367.49,1.0,0.6022423331594746,83.0,56.00853698383114,1.0,0.6022423331594746,1.0,0.6022423331594746,0.0,0.0
372.99335,1.0,0.6022423331594746,82.0,55.40629465067167,1.0,0.6022423331594746,1.0,0.6022423331594746,0.0,0.0
366.72168,1.0,0.6022423331594746,82.0,56.00853698383114,1.0,0.6022423331594746,1.0,0.6022423331594746,0.0,0.0
325.525,1.0,0.6022423331594746,82.0,56.00853698383114,1.0,0.6022423331594746,1.0,0.6022423331594746,0.0,0.0
338.76666,1.0,0.6022423331594746,82.0,55.40629465067167,1.0,0.6022423331594746,1.0,0.6022423331594746,0.0,0.0
340.625,1.0,0.6022423331594746,81.0,55.40629465067167,1.0,0.6022423331594746,1.0,0.6022423331594746,0.0,0.0
341.34833,1.0,0.6022423331594746,81.0,55.40629465067167,1.0,0.6022423331594746,1.0,0.6022423331594746,0.0,0.0
342.02667,1.0,0.6022423331594746,82.0,55.40629465067167,1.0,0.6022423331594746,1.0,0.6022423331594746,0.0,0.0
381.98666,1.0,0.6022423331594746,82.0,55.40629465067167,1.0,0.6022423331594746,1.0,0.6022423331594746,0.0,0.0
559.365,1.0,0.6022423331594746,99.0,54.80405231751219,1.0,0.6022423331594746,1.0,0.6022423331594746,0.0,0.0
541.02,1.0,0.6022423331594746,99.0,65.04217198122326,1.0,0.6022423331594746,1.0,0.6022423331594746,0.0,0.0
488.41666,1.0,0.6022423331594746,81.0,65.04217198122326,1.0,0.6022423331594746,1.0,0.6022423331594746,0.0,0.0
339.91,1.0,0.6022423331594746,81.0,65.04217198122326,1.0,0.6022423331594746,1.0,0.6022423331594746,0.0,0.0
340.47833,1.0,0.6022423331594746,81.0,54.80405231751219,1.0,0.6022423331594746,1.0,0.6022423331594746,0.0,0.0
340.79666,1.0,0.6022423331594746,81.0,54.80405231751219,1.0,0.6022423331594746,1.0,0.6022423331594746,0.0,0.0
341.37,1.0,0.6022423331594746,81.0,54.80405231751219,1.0,0.6022423331594746,1.0,0.6022423331594746,0.0,0.0
341.42166,1.0,0.6022423331594746,80.0,54.201809984352714,1.0,0.6022423331594746,1.0,0.6022423331594746,0.0,0.0
342.06833,1.0,0.6022423331594746,81.0,54.201809984352714,1.0,0.6022423331594746,1.0,0.6022423331594746,0.0,0.0
341.5,1.0,0.6022423331594746,81.0,54.80405231751219,1.0,0.6022423331594746,1.0,0.6022423331594746,0.0,0.0
341.60666,1.0,0.6022423331594746,81.0,54.201809984352714,1.0,0.6022423331594746,1.0,0.6022423331594746,0.0,0.0
341.71832,1.0,0.6022423331594746,81.0,53.59956765119324,1.0,0.6022423331594746,1.0,0.6022423331594746,0.0,0.0
341.29166,1.0,0.6022423331594746,82.0,53.59956765119324,1.0,0.6022423331594746,1.0,0.6022423331594746,0.0,0.0
341.13666,1.0,0.6022423331594746,81.0,54.201809984352714,1.0,0.6022423331594746,1.0,0.6022423331594746,0.0,0.0
341.15,1.0,0.6022423331594746,81.0,53.59956765119324,1.0,0.6022423331594746,1.0,0.6022423331594746,0.0,0.0
340.89,1.0,0.6022423331594746,81.0,53.59956765119324,1.0,0.6022423331594746,1.0,0.6022423331594746,0.0,0.0
341.30167,1.0,0.6022423331594746,81.0,53.59956765119324,1.0,0.6022423331594746,1.0,0.6022423331594746,0.0,0.0
340.785,1.0,0.6022423331594746,81.0,52.99732531803377,1.0,0.6022423331594746,1.0,0.6022423331594746,0.0,0.0
341.08334,1.0,0.6022423331594746,81.0,53.59956765119324,1.0,0.6022423331594746,1.0,0.6022423331594746,0.0,0.0
340.99835,1.0,0.6022423331594746,81.0,53.59956765119324,1.0,0.6022423331594746,1.0,0.6022423331594746,0.0,0.0
340.98666,1.0,0.6022423331594746,80.0,52.99732531803377,1.0,0.6022423331594746,1.0,0.6022423331594746,0.0,0.0
341.52167,1.0,0.6022423331594746,80.0,52.99732531803377,1.0,0.6022423331594746,1.0,0.6022423331594746,0.0,0.0
341.13333,1.0,0.6022423331594746,81.0,53.59956765119324,1.0,0.6022423331594746,1.0,0.6022423331594746,0.0,0.0
340.92334,1.0,0.6022423331594746,80.0,52.99732531803377,1.0,0.6022423331594746,1.0,0.6022423331594746,0.0,0.0
339.075,1.0,0.6022423331594746,80.0,52.99732531803377,1.0,0.6022423331594746,1.0,0.6022423331594746,0.0,0.0
338.175,1.0,0.6022423331594746,80.0,52.99732531803377,1.0,0.6022423331594746,1.0,0.6022423331594746,0.0,0.0
338.54666,1.0,0.6022423331594746,80.0,52.99732531803377,1.0,0.6022423331594746,1.0,0.6022423331594746,0.0,0.0
338.04333,1.0,0.6022423331594746,80.0,52.99732531803377,1.0,0.6022423331594746,1.0,0.6022423331594746,0.0,0.0
338.334,1.0,0.6022423331594746,79.0,52.99732531803377,1.0,0.6022423331594746,1.0,0.6022423331594746,0.0,0.0
338.25668,1.0,0.6022423331594746,79.0,52.99732531803377,1.0,0.6022423331594746,1.0,0.6022423331594746,0.0,0.0
337.71,1.0,0.6022423331594746,80.0,52.39508298487429,1.0,0.6022423331594746,1.0,0.6022423331594746,0.0,0.0
337.71,1.0,0.6022423331594746,79.0,52.99732531803377,1.0,0.6022423331594746,1.0,0.6022423331594746,0.0,0.0
337.06,1.0,0.6022423331594746,79.0,52.99732531803377,1.0,0.6022423331594746,1.0,0.6022423331594746,0.0,0.0
337.12335,1.0,0.6022423331594746,79.0,52.39508298487429,1.0,0.6022423331594746,1.0,0.6022423331594746,0.0,0.0
342.66666,1.0,0.6018168672007063,87.0,57.1726023840671,1.0,0.6018168672007063,1.0,0.6018168672007063,0.0,0.0
342.06,1.0,0.6018168672007063,87.0,57.7744192512678,1.0,0.6018168672007063,1.0,0.6018168672007063,0.0,0.0
341.85834,1.0,0.6018168672007063,87.0,57.1726023840671,1.0,0.6018168672007063,1.0,0.6018168672007063,0.0,0.0
342.645,1.0,0.6018168672007063,87.0,57.1726023840671,1.0,0.6018168672007063,1.0,0.6018168672007063,0.0,0.0
342.39334,1.0,0.6018168672007063,88.0,56.57078551686639,1.0,0.6018168672007063,1.0,0.6018168672007063,0.0,0.0
342.46832,1.0,0.6018168672007063,88.0,56.57078551686639,1.0,0.6018168672007063,1.0,0.6018168672007063,0.0,0.0
342.30667,1.0,0.6018168672007063,88.0,57.1726023840671,1.0,0.6018168672007063,1.0,0.6018168672007063,0.0,0.0
342.89,1.0,0.6018168672007063,88.0,56.57078551686639,1.0,0.6018168672007063,1.0,0.6018168672007063,0.0,0.0
339.03168,1.0,0.6018168672007063,88.0,56.57078551686639,1.0,0.6018168672007063,1.0,0.6018168672007063,0.0,0.0
323.57333,1.0,0.6018168672007063,88.0,56.57078551686639,1.0,0.6018168672007063,1.0,0.6018168672007063,0.0,0.0
323.72,1.0,0.6018168672007063,88.0,56.57078551686639,1.0,0.6018168672007063,1.0,0.6018168672007063,0.0,0.0
323.43332,1.0,0.6018168672007063,88.0,56.57078551686639,1.0,0.6018168672007063,1.0,0.6018168672007063,0.0,0.0
359.13333,1.0,0.6018168672007063,83.0,55.96896864966568,1.0,0.6018168672007063,1.0,0.6018168672007063,0.0,0.0
368.83832,1.0,0.6018168672007063,83.0,55.96896864966568,1.0,0.6018168672007063,1.0,0.6018168672007063,0.0,0.0
368.51334,1.0,0.6018168672007063,83.0,56.57078551686639,1.0,0.6018168672007063,1.0,0.6018168672007063,0.0,0.0
368.015,1.0,0.6018168672007063,83.0,55.96896864966568,1.0,0.6018168672007063,1.0,0.6018168672007063,0.0,0.0
367.49,1.0,0.6018168672007063,83.0,55.96896864966568,1.0,0.6018168672007063,1.0,0.6018168672007063,0.0,0.0
372.99335,1.0,0.6018168672007063,82.0,55.36715178246497,1.0,0.6018168672007063,1.0,0.6018168672007063,0.0,0.0
366.72168,1.0,0.6018168672007063,82.0,55.96896864966568,1.0,0.6018168672007063,1.0,0.6018168672007063,0.0,0.0
325.525,1.0,0.6018168672007063,82.0,55.96896864966568,1.0,0.6018168672007063,1.0,0.6018168672007063,0.0,0.0
338.76666,1.0,0.6018168672007063,82.0,55.36715178246497,1.0,0.6018168672007063,1.0,0.6018168672007063,0.0,0.0
340.625,1.0,0.6018168672007063,81.0,55.36715178246497,1.0,0.6018168672007063,1.0,0.6018168672007063,0.0,0.0
341.34833,1.0,0.6018168672007063,81.0,55.36715178246497,1.0,0.6018168672007063,1.0,0.6018168672007063,0.0,0.0
342.02667,1.0,0.6018168672007063,82.0,55.36715178246497,1.0,0.6018168672007063,1.0,0.6018168672007063,0.0,0.0
381.98666,1.0,0.6018168672007063,82.0,55.36715178246497,1.0,0.6018168672007063,1.0,0.6018168672007063,0.0,0.0
559.365,1.0,0.6018168672007063,99.0,54.76533491526427,1.0,0.6018168672007063,1.0,0.6018168672007063,0.0,0.0
541.02,1.0,0.6018168672007063,99.0,64.99622165767627,1.0,0.6018168672007063,1.0,0.6018168672007063,0.0,0.0
488.41666,1.0,0.6018168672007063,81.0,64.99622165767627,1.0,0.6018168672007063,1.0,0.6018168672007063,0.0,0.0
339.91,1.0,0.6018168672007063,81.0,64.99622165767627,1.0,0.6018168672007063,1.0,0.6018168672007063,0.0,0.0
340.47833,1.0,0.6018168672007063,81.0,54.76533491526427,1.0,0.6018168672007063,1.0,0.6018168672007063,0.0,0.0
340.79666,1.0,0.6018168672007063,81.0,54.76533491526427,1.0,0.6018168672007063,1.0,0.6018168672007063,0.0,0.0
341.37,1.0,0.6018168672007063,81.0,54.76533491526427,1.0,0.6018168672007063,1.0,0.6018168672007063,0.0,0.0
341.42166,1.0,0.6018168672007063,80.0,54.163518048063565,1.0,0.6018168672007063,1.0,0.6018168672007063,0.0,0.0
342.06833,1.0,0.6018168672007063,81.0,54.163518048063565,1.0,0.6018168672007063,1.0,0.6018168672007063,0.0,0.0
341.5,1.0,0.6018168672007063,81.0,54.76533491526427,1.0,0.6018168672007063,1.0,0.6018168672007063,0.0,0.0
341.60666,1.0,0.6018168672007063,81.0,54.163518048063565,1.0,0.6018168672007063,1.0,0.6018168672007063,0.0,0.0
341.71832,1.0,0.6018168672007063,81.0,53.561701180862855,1.0,0.6018168672007063,1.0,0.6018168672007063,0.0,0.0
341.29166,1.0,0.6018168672007063,82.0,53.561701180862855,1.0,0.6018168672007063,1.0,0.6018168672007063,0.0,0.0
341.13666,1.0,0.6018168672007063,81.0,54.163518048063565,1.0,0.6018168672007063,1.0,0.6018168672007063,0.0,0.0
341.15,1.0,0.6018168672007063,81.0,53.561701180862855,1.0,0.6018168672007063,1.0,0.6018168672007063,0.0,0.0
340.89,1.0,0.6018168672007063,81.0,53.561701180862855,1.0,0.6018168672007063,1.0,0.6018168672007063,0.0,0.0
341.30167,1.0,0.6018168672007063,81.0,53.561701180862855,1.0,0.6018168672007063,1.0,0.6018168672007063,0.0,0.0
340.785,1.0,0.6018168672007063,81.0,52.95988431366215,1.0,0.6018168672007063,1.0,0.6018168672007063,0.0,0.0
341.08334,1.0,0.6018168672007063,81.0,53.561701180862855,1.0,0.6018168672007063,1.0,0.6018168672007063,0.0,0.0
340.99835,1.0,0.6018168672007063,81.0,53.561701180862855,1.0,0.6018168672007063,1.0,0.6018168672007063,0.0,0.0
340.98666,1.0,0.6018168672007063,80.0,52.95988431366215,1.0,0.6018168672007063,1.0,0.6018168672007063,0.0,0.0
341.52167,1.0,0.6018168672007063,80.0,52.95988431366215,1.0,0.6018168672007063,1.0,0.6018168672007063,0.0,0.0
341.13333,1.0,0.6018168672007063,81.0,53.561701180862855,1.0,0.6018168672007063,1.0,0.6018168672007063,0.0,0.0
340.92334,1.0,0.6018168672007063,80.0,52.95988431366215,1.0,0.6018168672007063,1.0,0.6018168672007063,0.0,0.0
339.075,1.0,0.6018168672007063,80.0,52.95988431366215,1.0,0.6018168672007063,1.0,0.6018168672007063,0.0,0.0
338.175,1.0,0.6018168672007063,80.0,52.95988431366215,1.0,0.6018168672007063,1.0,0.6018168672007063,0.0,0.0
338.54666,1.0,0.6018168672007063,80.0,52.95988431366215,1.0,0.6018168672007063,1.0,0.6018168672007063,0.0,0.0
338.04333,1.0,0.6018168672007063,80.0,52.95988431366215,1.0,0.6018168672007063,1.0,0.6018168672007063,0.0,0.0
338.334,1.0,0.6018168672007063,79.0,52.95988431366215,1.0,0.6018168672007063,1.0,0.6018168672007063,0.0,0.0
338.25668,1.0,0.6018168672007063,79.0,52.95988431366215,1.0,0.6018168672007063,1.0,0.6018168672007063,0.0,0.0
337.71,1.0,0.6018168672007063,80.0,52.35806744646145,1.0,0.6018168672007063,1.0,0.6018168672007063,0.0,0.0
337.71,1.0,0.6018168672007063,79.0,52.95988431366215,1.0,0.6018168672007063,1.0,0.6018168672007063,0.0,0.0
337.06,1.0,0.6018168672007063,79.0,52.95988431366215,1.0,0.6018168672007063,1.0,0.6018168672007063,0.0,0.0
337.12335,1.0,0.6018168672007063,79.0,52.35806744646145,1.0,0.6018168672007063,1.0,0.6018168672007063,0.0,0.0
336.59167,1.0,0.6018168672007063,108.0,52.35806744646145,1.0,0.6018168672007063,1.0,0.6018168672007063,0.0,0.0
342.06,1.0,0.6014142693653758,87.0,57.73576985907607,1.0,0.6014142693653758,1.0,0.6014142693653758,0.0,0.0
341.85834,1.0,0.6014142693653758,87.0,57.1343555897107,1.0,0.6014142693653758,1.0,0.6014142693653758,0.0,0.0
342.645,1.0,0.6014142693653758,87.0,57.1343555897107,1.0,0.6014142693653758,1.0,0.6014142693653758,0.0,0.0
342.39334,1.0,0.6014142693653758,88.0,56.53294132034532,1.0,0.6014142693653758,1.0,0.6014142693653758,0.0,0.0
342.46832,1.0,0.6014142693653758,88.0,56.53294132034532,1.0,0.6014142693653758,1.0,0.6014142693653758,0.0,0.0
342.30667,1.0,0.6014142693653758,88.0,57.1343555897107,1.0,0.6014142693653758,1.0,0.6014142693653758,0.0,0.0
342.89,1.0,0.6014142693653758,88.0,56.53294132034532,1.0,0.6014142693653758,1.0,0.6014142693653758,0.0,0.0
339.03168,1.0,0.6014142693653758,88.0,56.53294132034532,1.0,0.6014142693653758,1.0,0.6014142693653758,0.0,0.0
323.57333,1.0,0.6014142693653758,88.0,56.53294132034532,1.0,0.6014142693653758,1.0,0.6014142693653758,0.0,0.0
323.72,1.0,0.6014142693653758,88.0,56.53294132034532,1.0,0.6014142693653758,1.0,0.6014142693653758,0.0,0.0
323.43332,1.0,0.6014142693653758,88.0,56.53294132034532,1.0,0.6014142693653758,1.0,0.6014142693653758,0.0,0.0
359.13333,1.0,0.6014142693653758,83.0,55.931527050979945,1.0,0.6014142693653758,1.0,0.6014142693653758,0.0,0.0
368.83832,1.0,0.6014142693653758,83.0,55.931527050979945,1.0,0.6014142693653758,1.0,0.6014142693653758,0.0,0.0
368.51334,1.0,0.6014142693653758,83.0,56.53294132034532,1.0,0.6014142693653758,1.0,0.6014142693653758,0.0,0.0
368.015,1.0,0.6014142693653758,83.0,55.931527050979945,1.0,0.6014142693653758,1.0,0.6014142693653758,0.0,0.0
367.49,1.0,0.6014142693653758,83.0,55.931527050979945,1.0,0.6014142693653758,1.0,0.6014142693653758,0.0,0.0
372.99335,1.0,0.6014142693653758,82.0,55.330112781614574,1.0,0.6014142693653758,1.0,0.6014142693653758,0.0,0.0
366.72168,1.0,0.6014142693653758,82.0,55.931527050979945,1.0,0.6014142693653758,1.0,0.6014142693653758,0.0,0.0
325.525,1.0,0.6014142693653758,82.0,55.931527050979945,1.0,0.6014142693653758,1.0,0.6014142693653758,0.0,0.0
338.76666,1.0,0.6014142693653758,82.0,55.330112781614574,1.0,0.6014142693653758,1.0,0.6014142693653758,0.0,0.0
340.625,1.0,0.6014142693653758,81.0,55.330112781614574,1.0,0.6014142693653758,1.0,0.6014142693653758,0.0,0.0
341.34833,1.0,0.6014142693653758,81.0,55.330112781614574,1.0,0.6014142693653758,1.0,0.6014142693653758,0.0,0.0
342.02667,1.0,0.6014142693653758,82.0,55.330112781614574,1.0,0.6014142693653758,1.0,0.6014142693653758,0.0,0.0
381.98666,1.0,0.6014142693653758,82.0,55.330112781614574,1.0,0.6014142693653758,1.0,0.6014142693653758,0.0,0.0
559.365,1.0,0.6014142693653758,99.0,54.728698512249196,1.0,0.6014142693653758,1.0,0.6014142693653758,0.0,0.0
541.02,1.0,0.6014142693653758,99.0,64.95274109146058,1.0,0.6014142693653758,1.0,0.6014142693653758,0.0,0.0
488.41666,1.0,0.6014142693653758,81.0,64.95274109146058,1.0,0.6014142693653758,1.0,0.6014142693653758,0.0,0.0
339.91,1.0,0.6014142693653758,81.0,64.95274109146058,1.0,0.6014142693653758,1.0,0.6014142693653758,0.0,0.0
340.47833,1.0,0.6014142693653758,81.0,54.728698512249196,1.0,0.6014142693653758,1.0,0.6014142693653758,0.0,0.0
340.79666,1.0,0.6014142693653758,81.0,54.728698512249196,1.0,0.6014142693653758,1.0,0.6014142693653758,0.0,0.0
341.37,1.0,0.6014142693653758,81.0,54.728698512249196,1.0,0.6014142693653758,1.0,0.6014142693653758,0.0,0.0
341.42166,1.0,0.6014142693653758,80.0,54.12728424288382,1.0,0.6014142693653758,1.0,0.6014142693653758,0.0,0.0
342.06833,1.0,0.6014142693653758,81.0,54.12728424288382,1.0,0.6014142693653758,1.0,0.6014142693653758,0.0,0.0
341.5,1.0,0.6014142693653758,81.0,54.728698512249196,1.0,0.6014142693653758,1.0,0.6014142693653758,0.0,0.0
341.60666,1.0,0.6014142693653758,81.0,54.12728424288382,1.0,0.6014142693653758,1.0,0.6014142693653758,0.0,0.0
341.71832,1.0,0.6014142693653758,81.0,53.525869973518446,1.0,0.6014142693653758,1.0,0.6014142693653758,0.0,0.0
341.29166,1.0,0.6014142693653758,82.0,53.525869973518446,1.0,0.6014142693653758,1.0,0.6014142693653758,0.0,0.0
341.13666,1.0,0.6014142693653758,81.0,54.12728424288382,1.0,0.6014142693653758,1.0,0.6014142693653758,0.0,0.0
341.15,1.0,0.6014142693653758,81.0,53.525869973518446,1.0,0.6014142693653758,1.0,0.6014142693653758,0.0,0.0
340.89,1.0,0.6014142693653758,81.0,53.525869973518446,1.0,0.6014142693653758,1.0,0.6014142693653758,0.0,0.0
341.30167,1.0,0.6014142693653758,81.0,53.525869973518446,1.0,0.6014142693653758,1.0,0.6014142693653758,0.0,0.0
340.785,1.0,0.6014142693653758,81.0,52.92445570415307,1.0,0.6014142693653758,1.0,0.6014142693653758,0.0,0.0
341.08334,1.0,0.6014142693653758,81.0,53.525869973518446,1.0,0.6014142693653758,1.0,0.6014142693653758,0.0,0.0
340.99835,1.0,0.6014142693653758,81.0,53.525869973518446,1.0,0.6014142693653758,1.0,0.6014142693653758,0.0,0.0
340.98666,1.0,0.6014142693653758,80.0,52.92445570415307,1.0,0.6014142693653758,1.0,0.6014142693653758,0.0,0.0
341.52167,1.0,0.6014142693653758,80.0,52.92445570415307,1.0,0.6014142693653758,1.0,0.6014142693653758,0.0,0.0
341.13333,1.0,0.6014142693653758,81.0,53.525869973518446,1.0,0.6014142693653758,1.0,0.6014142693653758,0.0,0.0
340.92334,1.0,0.6014142693653758,80.0,52.92445570415307,1.0,0.6014142693653758,1.0,0.6014142693653758,0.0,0.0
339.075,1.0,0.6014142693653758,80.0,52.92445570415307,1.0,0.6014142693653758,1.0,0.6014142693653758,0.0,0.0
338.175,1.0,0.6014142693653758,80.0,52.92445570415307,1.0,0.6014142693653758,1.0,0.6014142693653758,0.0,0.0
338.54666,1.0,0.6014142693653758,80.0,52.92445570415307,1.0,0.6014142693653758,1.0,0.6014142693653758,0.0,0.0
338.04333,1.0,0.6014142693653758,80.0,52.92445570415307,1.0,0.6014142693653758,1.0,0.6014142693653758,0.0,0.0
338.334,1.0,0.6014142693653758,79.0,52.92445570415307,1.0,0.6014142693653758,1.0,0.6014142693653758,0.0,0.0
338.25668,1.0,0.6014142693653758,79.0,52.92445570415307,1.0,0.6014142693653758,1.0,0.6014142693653758,0.0,0.0
337.71,1.0,0.6014142693653758,80.0,52.32304143478769,1.0,0.6014142693653758,1.0,0.6014142693653758,0.0,0.0
337.71,1.0,0.6014142693653758,79.0,52.92445570415307,1.0,0.6014142693653758,1.0,0.6014142693653758,0.0,0.0
337.06,1.0,0.6014142693653758,79.0,52.92445570415307,1.0,0.6014142693653758,1.0,0.6014142693653758,0.0,0.0
337.12335,1.0,0.6014142693653758,79.0,52.32304143478769,1.0,0.6014142693653758,1.0,0.6014142693653758,0.0,0.0
336.59167,1.0,0.6014142693653758,108.0,52.32304143478769,1.0,0.6014142693653758,1.0,0.6014142693653758,0.0,0.0
336.995,1.0,0.6014142693653758,80.0,52.32304143478769,1.0,0.6014142693653758,1.0,0.6014142693653758,0.0,0.0
341.85834,1.0,0.6013740178722567,87.0,57.13053169786439,1.0,0.6013740178722567,1.0,0.6013740178722567,0.0,0.0
342.645,1.0,0.6013740178722567,87.0,57.13053169786439,1.0,0.6013740178722567,1.0,0.6013740178722567,0.0,0.0
342.39334,1.0,0.6013740178722567,88.0,56.52915767999213,1.0,0.6013740178722567,1.0,0.6013740178722567,0.0,0.0
342.46832,1.0,0.6013740178722567,88.0,56.52915767999213,1.0,0.6013740178722567,1.0,0.6013740178722567,0.0,0.0
342.30667,1.0,0.6013740178722567,88.0,57.13053169786439,1.0,0.6013740178722567,1.0,0.6013740178722567,0.0,0.0
342.89,1.0,0.6013740178722567,88.0,56.52915767999213,1.0,0.6013740178722567,1.0,0.6013740178722567,0.0,0.0
339.03168,1.0,0.6013740178722567,88.0,56.52915767999213,1.0,0.6013740178722567,1.0,0.6013740178722567,0.0,0.0
323.57333,1.0,0.6013740178722567,88.0,56.52915767999213,1.0,0.6013740178722567,1.0,0.6013740178722567,0.0,0.0
323.72,1.0,0.6013740178722567,88.0,56.52915767999213,1.0,0.6013740178722567,1.0,0.6013740178722567,0.0,0.0
323.43332,1.0,0.6013740178722567,88.0,56.52915767999213,1.0,0.6013740178722567,1.0,0.6013740178722567,0.0,0.0
359.13333,1.0,0.6013740178722567,83.0,55.92778366211988,1.0,0.6013740178722567,1.0,0.6013740178722567,0.0,0.0
368.83832,1.0,0.6013740178722567,83.0,55.92778366211988,1.0,0.6013740178722567,1.0,0.6013740178722567,0.0,0.0
368.51334,1.0,0.6013740178722567,83.0,56.52915767999213,1.0,0.6013740178722567,1.0,0.6013740178722567,0.0,0.0
368.015,1.0,0.6013740178722567,83.0,55.92778366211988,1.0,0.6013740178722567,1.0,0.6013740178722567,0.0,0.0
367.49,1.0,0.6013740178722567,83.0,55.92778366211988,1.0,0.6013740178722567,1.0,0.6013740178722567,0.0,0.0
372.99335,1.0,0.6013740178722567,82.0,55.32640964424762,1.0,0.6013740178722567,1.0,0.6013740178722567,0.0,0.0
366.72168,1.0,0.6013740178722567,82.0,55.92778366211988,1.0,0.6013740178722567,1.0,0.6013740178722567,0.0,0.0
325.525,1.0,0.6013740178722567,82.0,55.92778366211988,1.0,0.6013740178722567,1.0,0.6013740178722567,0.0,0.0
338.76666,1.0,0.6013740178722567,82.0,55.32640964424762,1.0,0.6013740178722567,1.0,0.6013740178722567,0.0,0.0
340.625,1.0,0.6013740178722567,81.0,55.32640964424762,1.0,0.6013740178722567,1.0,0.6013740178722567,0.0,0.0
341.34833,1.0,0.6013740178722567,81.0,55.32640964424762,1.0,0.6013740178722567,1.0,0.6013740178722567,0.0,0.0
342.02667,1.0,0.6013740178722567,82.0,55.32640964424762,1.0,0.6013740178722567,1.0,0.6013740178722567,0.0,0.0
381.98666,1.0,0.6013740178722567,82.0,55.32640964424762,1.0,0.6013740178722567,1.0,0.6013740178722567,0.0,0.0
559.365,1.0,0.6013740178722567,99.0,54.725035626375366,1.0,0.6013740178722567,1.0,0.6013740178722567,0.0,0.0
541.02,1.0,0.6013740178722567,99.0,64.94839393020374,1.0,0.6013740178722567,1.0,0.6013740178722567,0.0,0.0
488.41666,1.0,0.6013740178722567,81.0,64.94839393020374,1.0,0.6013740178722567,1.0,0.6013740178722567,0.0,0.0
339.91,1.0,0.6013740178722567,81.0,64.94839393020374,1.0,0.6013740178722567,1.0,0.6013740178722567,0.0,0.0
340.47833,1.0,0.6013740178722567,81.0,54.725035626375366,1.0,0.6013740178722567,1.0,0.6013740178722567,0.0,0.0
340.79666,1.0,0.6013740178722567,81.0,54.725035626375366,1.0,0.6013740178722567,1.0,0.6013740178722567,0.0,0.0
341.37,1.0,0.6013740178722567,81.0,54.725035626375366,1.0,0.6013740178722567,1.0,0.6013740178722567,0.0,0.0
341.42166,1.0,0.6013740178722567,80.0,54.123661608503106,1.0,0.6013740178722567,1.0,0.6013740178722567,0.0,0.0
342.06833,1.0,0.6013740178722567,81.0,54.123661608503106,1.0,0.6013740178722567,1.0,0.6013740178722567,0.0,0.0
341.5,1.0,0.6013740178722567,81.0,54.725035626375366,1.0,0.6013740178722567,1.0,0.6013740178722567,0.0,0.0
341.60666,1.0,0.6013740178722567,81.0,54.123661608503106,1.0,0.6013740178722567,1.0,0.6013740178722567,0.0,0.0
341.71832,1.0,0.6013740178722567,81.0,53.52228759063085,1.0,0.6013740178722567,1.0,0.6013740178722567,0.0,0.0
341.29166,1.0,0.6013740178722567,82.0,53.52228759063085,1.0,0.6013740178722567,1.0,0.6013740178722567,0.0,0.0
341.13666,1.0,0.6013740178722567,81.0,54.123661608503106,1.0,0.6013740178722567,1.0,0.6013740178722567,0.0,0.0
341.15,1.0,0.6013740178722567,81.0,53.52228759063085,1.0,0.6013740178722567,1.0,0.6013740178722567,0.0,0.0
340.89,1.0,0.6013740178722567,81.0,53.52228759063085,1.0,0.6013740178722567,1.0,0.6013740178722567,0.0,0.0
341.30167,1.0,0.6013740178722567,81.0,53.52228759063085,1.0,0.6013740178722567,1.0,0.6013740178722567,0.0,0.0
340.785,1.0,0.6013740178722567,81.0,52.92091357275859,1.0,0.6013740178722567,1.0,0.6013740178722567,0.0,0.0
341.08334,1.0,0.6013740178722567,81.0,53.52228759063085,1.0,0.6013740178722567,1.0,0.6013740178722567,0.0,0.0
340.99835,1.0,0.6013740178722567,81.0,53.52228759063085,1.0,0.6013740178722567,1.0,0.6013740178722567,0.0,0.0
340.98666,1.0,0.6013740178722567,80.0,52.92091357275859,1.0,0.6013740178722567,1.0,0.6013740178722567,0.0,0.0
341.52167,1.0,0.6013740178722567,80.0,52.92091357275859,1.0,0.6013740178722567,1.0,0.6013740178722567,0.0,0.0
341.13333,1.0,0.6013740178722567,81.0,53.52228759063085,1.0,0.6013740178722567,1.0,0.6013740178722567,0.0,0.0
340.92334,1.0,0.6013740178722567,80.0,52.92091357275859,1.0,0.6013740178722567,1.0,0.6013740178722567,0.0,0.0
339.075,1.0,0.6013740178722567,80.0,52.92091357275859,1.0,0.6013740178722567,1.0,0.6013740178722567,0.0,0.0
338.175,1.0,0.6013740178722567,80.0,52.92091357275859,1.0,0.6013740178722567,1.0,0.6013740178722567,0.0,0.0
338.54666,1.0,0.6013740178722567,80.0,52.92091357275859,1.0,0.6013740178722567,1.0,0.6013740178722567,0.0,0.0
338.04333,1.0,0.6013740178722567,80.0,52.92091357275859,1.0,0.6013740178722567,1.0,0.6013740178722567,0.0,0.0
338.334,1.0,0.6013740178722567,79.0,52.92091357275859,1.0,0.6013740178722567,1.0,0.6013740178722567,0.0,0.0
338.25668,1.0,0.6013740178722567,79.0,52.92091357275859,1.0,0.6013740178722567,1.0,0.6013740178722567,0.0,0.0
337.71,1.0,0.6013740178722567,80.0,52.31953955488634,1.0,0.6013740178722567,1.0,0.6013740178722567,0.0,0.0
337.71,1.0,0.6013740178722567,79.0,52.92091357275859,1.0,0.6013740178722567,1.0,0.6013740178722567,0.0,0.0
337.06,1.0,0.6013740178722567,79.0,52.92091357275859,1.0,0.6013740178722567,1.0,0.6013740178722567,0.0,0.0
337.12335,1.0,0.6013740178722567,79.0,52.31953955488634,1.0,0.6013740178722567,1.0,0.6013740178722567,0.0,0.0
336.59167,1.0,0.6013740178722567,108.0,52.31953955488634,1.0,0.6013740178722567,1.0,0.6013740178722567,0.0,0.0
336.995,1.0,0.6013740178722567,80.0,52.31953955488634,1.0,0.6013740178722567,1.0,0.6013740178722567,0.0,0.0
337.175,1.0,0.6013740178722567,79.0,52.31953955488634,1.0,0.6013740178722567,1.0,0.6013740178722567,0.0,0.0
342.645,1.0,0.6011197335746846,87.0,57.106374689595036,1.0,0.6011197335746846,1.0,0.6011197335746846,0.0,0.0
342.39334,1.0,0.6011197335746846,88.0,56.50525495602035,1.0,0.6011197335746846,1.0,0.6011197335746846,0.0,0.0
342.46832,1.0,0.6011197335746846,88.0,56.50525495602035,1.0,0.6011197335746846,1.0,0.6011197335746846,0.0,0.0
342.30667,1.0,0.6011197335746846,88.0,57.106374689595036,1.0,0.6011197335746846,1.0,0.6011197335746846,0.0,0.0
342.89,1.0,0.6011197335746846,88.0,56.50525495602035,1.0,0.6011197335746846,1.0,0.6011197335746846,0.0,0.0
339.03168,1.0,0.6011197335746846,88.0,56.50525495602035,1.0,0.6011197335746846,1.0,0.6011197335746846,0.0,0.0
323.57333,1.0,0.6011197335746846,88.0,56.50525495602035,1.0,0.6011197335746846,1.0,0.6011197335746846,0.0,0.0
323.72,1.0,0.6011197335746846,88.0,56.50525495602035,1.0,0.6011197335746846,1.0,0.6011197335746846,0.0,0.0
323.43332,1.0,0.6011197335746846,88.0,56.50525495602035,1.0,0.6011197335746846,1.0,0.6011197335746846,0.0,0.0
359.13333,1.0,0.6011197335746846,83.0,55.90413522244567,1.0,0.6011197335746846,1.0,0.6011197335746846,0.0,0.0
368.83832,1.0,0.6011197335746846,83.0,55.90413522244567,1.0,0.6011197335746846,1.0,0.6011197335746846,0.0,0.0
368.51334,1.0,0.6011197335746846,83.0,56.50525495602035,1.0,0.6011197335746846,1.0,0.6011197335746846,0.0,0.0
368.015,1.0,0.6011197335746846,83.0,55.90413522244567,1.0,0.6011197335746846,1.0,0.6011197335746846,0.0,0.0
367.49,1.0,0.6011197335746846,83.0,55.90413522244567,1.0,0.6011197335746846,1.0,0.6011197335746846,0.0,0.0
372.99335,1.0,0.6011197335746846,82.0,55.30301548887098,1.0,0.6011197335746846,1.0,0.6011197335746846,0.0,0.0
366.72168,1.0,0.6011197335746846,82.0,55.90413522244567,1.0,0.6011197335746846,1.0,0.6011197335746846,0.0,0.0
325.525,1.0,0.6011197335746846,82.0,55.90413522244567,1.0,0.6011197335746846,1.0,0.6011197335746846,0.0,0.0
338.76666,1.0,0.6011197335746846,82.0,55.30301548887098,1.0,0.6011197335746846,1.0,0.6011197335746846,0.0,0.0
340.625,1.0,0.6011197335746846,81.0,55.30301548887098,1.0,0.6011197335746846,1.0,0.6011197335746846,0.0,0.0
341.34833,1.0,0.6011197335746846,81.0,55.30301548887098,1.0,0.6011197335746846,1.0,0.6011197335746846,0.0,0.0
342.02667,1.0,0.6011197335746846,82.0,55.30301548887098,1.0,0.6011197335746846,1.0,0.6011197335746846,0.0,0.0
381.98666,1.0,0.6011197335746846,82.0,55.30301548887098,1.0,0.6011197335746846,1.0,0.6011197335746846,0.0,0.0
559.365,1.0,0.6011197335746846,99.0,54.7018957552963,1.0,0.6011197335746846,1.0,0.6011197335746846,0.0,0.0
541.02,1.0,0.6011197335746846,99.0,64.92093122606595,1.0,0.6011197335746846,1.0,0.6011197335746846,0.0,0.0
488.41666,1.0,0.6011197335746846,81.0,64.92093122606595,1.0,0.6011197335746846,1.0,0.6011197335746846,0.0,0.0
339.91,1.0,0.6011197335746846,81.0,64.92093122606595,1.0,0.6011197335746846,1.0,0.6011197335746846,0.0,0.0
340.47833,1.0,0.6011197335746846,81.0,54.7018957552963,1.0,0.6011197335746846,1.0,0.6011197335746846,0.0,0.0
340.79666,1.0,0.6011197335746846,81.0,54.7018957552963,1.0,0.6011197335746846,1.0,0.6011197335746846,0.0,0.0
341.37,1.0,0.6011197335746846,81.0,54.7018957552963,1.0,0.6011197335746846,1.0,0.6011197335746846,0.0,0.0
341.42166,1.0,0.6011197335746846,80.0,54.100776021721614,1.0,0.6011197335746846,1.0,0.6011197335746846,0.0,0.0
342.06833,1.0,0.6011197335746846,81.0,54.100776021721614,1.0,0.6011197335746846,1.0,0.6011197335746846,0.0,0.0
341.5,1.0,0.6011197335746846,81.0,54.7018957552963,1.0,0.6011197335746846,1.0,0.6011197335746846,0.0,0.0
341.60666,1.0,0.6011197335746846,81.0,54.100776021721614,1.0,0.6011197335746846,1.0,0.6011197335746846,0.0,0.0
341.71832,1.0,0.6011197335746846,81.0,53.49965628814693,1.0,0.6011197335746846,1.0,0.6011197335746846,0.0,0.0
341.29166,1.0,0.6011197335746846,82.0,53.49965628814693,1.0,0.6011197335746846,1.0,0.6011197335746846,0.0,0.0
341.13666,1.0,0.6011197335746846,81.0,54.100776021721614,1.0,0.6011197335746846,1.0,0.6011197335746846,0.0,0.0
341.15,1.0,0.6011197335746846,81.0,53.49965628814693,1.0,0.6011197335746846,1.0,0.6011197335746846,0.0,0.0
340.89,1.0,0.6011197335746846,81.0,53.49965628814693,1.0,0.6011197335746846,1.0,0.6011197335746846,0.0,0.0
341.30167,1.0,0.6011197335746846,81.0,53.49965628814693,1.0,0.6011197335746846,1.0,0.6011197335746846,0.0,0.0
340.785,1.0,0.6011197335746846,81.0,52.898536554572246,1.0,0.6011197335746846,1.0,0.6011197335746846,0.0,0.0
341.08334,1.0,0.6011197335746846,81.0,53.49965628814693,1.0,0.6011197335746846,1.0,0.6011197335746846,0.0,0.0
340.99835,1.0,0.6011197335746846,81.0,53.49965628814693,1.0,0.6011197335746846,1.0,0.6011197335746846,0.0,0.0
340.98666,1.0,0.6011197335746846,80.0,52.898536554572246,1.0,0.6011197335746846,1.0,0.6011197335746846,0.0,0.0
341.52167,1.0,0.6011197335746846,80.0,52.898536554572246,1.0,0.6011197335746846,1.0,0.6011197335746846,0.0,0.0
341.13333,1.0,0.6011197335746846,81.0,53.49965628814693,1.0,0.6011197335746846,1.0,0.6011197335746846,0.0,0.0
340.92334,1.0,0.6011197335746846,80.0,52.898536554572246,1.0,0.6011197335746846,1.0,0.6011197335746846,0.0,0.0
339.075,1.0,0.6011197335746846,80.0,52.898536554572246,1.0,0.6011197335746846,1.0,0.6011197335746846,0.0,0.0
338.175,1.0,0.6011197335746846,80.0,52.898536554572246,1.0,0.6011197335746846,1.0,0.6011197335746846,0.0,0.0
338.54666,1.0,0.6011197335746846,80.0,52.898536554572246,1.0,0.6011197335746846,1.0,0.6011197335746846,0.0,0.0
338.04333,1.0,0.6011197335746846,80.0,52.898536554572246,1.0,0.6011197335746846,1.0,0.6011197335746846,0.0,0.0
338.334,1.0,0.6011197335746846,79.0,52.898536554572246,1.0,0.6011197335746846,1.0,0.6011197335746846,0.0,0.0
338.25668,1.0,0.6011197335746846,79.0,52.898536554572246,1.0,0.6011197335746846,1.0,0.6011197335746846,0.0,0.0
337.71,1.0,0.6011197335746846,80.0,52.29741682099756,1.0,0.6011197335746846,1.0,0.6011197335746846,0.0,0.0
337.71,1.0,0.6011197335746846,79.0,52.898536554572246,1.0,0.6011197335746846,1.0,0.6011197335746846,0.0,0.0
337.06,1.0,0.6011197335746846,79.0,52.898536554572246,1.0,0.6011197335746846,1.0,0.6011197335746846,0.0,0.0
337.12335,1.0,0.6011197335746846,79.0,52.29741682099756,1.0,0.6011197335746846,1.0,0.6011197335746846,0.0,0.0
336.59167,1.0,0.6011197335746846,108.0,52.29741682099756,1.0,0.6011197335746846,1.0,0.6011197335746846,0.0,0.0
336.995,1.0,0.6011197335746846,80.0,52.29741682099756,1.0,0.6011197335746846,1.0,0.6011197335746846,0.0,0.0
337.175,1.0,0.6011197335746846,79.0,52.29741682099756,1.0,0.6011197335746846,1.0,0.6011197335746846,0.0,0.0
335.99335,1.0,0.6011197335746846,79.0,52.29741682099756,1.0,0.6011197335746846,1.0,0.6011197335746846,0.0,0.0
342.39334,1.0,0.6005779044884803,88.0,56.45432302191714,1.0,0.6005779044884803,1.0,0.6005779044884803,0.0,0.0
342.46832,1.0,0.6005779044884803,88.0,56.45432302191714,1.0,0.6005779044884803,1.0,0.6005779044884803,0.0,0.0
342.30667,1.0,0.6005779044884803,88.0,57.05490092640562,1.0,0.6005779044884803,1.0,0.6005779044884803,0.0,0.0
342.89,1.0,0.6005779044884803,88.0,56.45432302191714,1.0,0.6005779044884803,1.0,0.6005779044884803,0.0,0.0
339.03168,1.0,0.6005779044884803,88.0,56.45432302191714,1.0,0.6005779044884803,1.0,0.6005779044884803,0.0,0.0
323.57333,1.0,0.6005779044884803,88.0,56.45432302191714,1.0,0.6005779044884803,1.0,0.6005779044884803,0.0,0.0
323.72,1.0,0.6005779044884803,88.0,56.45432302191714,1.0,0.6005779044884803,1.0,0.6005779044884803,0.0,0.0
323.43332,1.0,0.6005779044884803,88.0,56.45432302191714,1.0,0.6005779044884803,1.0,0.6005779044884803,0.0,0.0
359.13333,1.0,0.6005779044884803,83.0,55.853745117428666,1.0,0.6005779044884803,1.0,0.6005779044884803,0.0,0.0
368.83832,1.0,0.6005779044884803,83.0,55.853745117428666,1.0,0.6005779044884803,1.0,0.6005779044884803,0.0,0.0
368.51334,1.0,0.6005779044884803,83.0,56.45432302191714,1.0,0.6005779044884803,1.0,0.6005779044884803,0.0,0.0
368.015,1.0,0.6005779044884803,83.0,55.853745117428666,1.0,0.6005779044884803,1.0,0.6005779044884803,0.0,0.0
367.49,1.0,0.6005779044884803,83.0,55.853745117428666,1.0,0.6005779044884803,1.0,0.6005779044884803,0.0,0.0
372.99335,1.0,0.6005779044884803,82.0,55.253167212940184,1.0,0.6005779044884803,1.0,0.6005779044884803,0.0,0.0
366.72168,1.0,0.6005779044884803,82.0,55.853745117428666,1.0,0.6005779044884803,1.0,0.6005779044884803,0.0,0.0
325.525,1.0,0.6005779044884803,82.0,55.853745117428666,1.0,0.6005779044884803,1.0,0.6005779044884803,0.0,0.0
338.76666,1.0,0.6005779044884803,82.0,55.253167212940184,1.0,0.6005779044884803,1.0,0.6005779044884803,0.0,0.0
340.625,1.0,0.6005779044884803,81.0,55.253167212940184,1.0,0.6005779044884803,1.0,0.6005779044884803,0.0,0.0
341.34833,1.0,0.6005779044884803,81.0,55.253167212940184,1.0,0.6005779044884803,1.0,0.6005779044884803,0.0,0.0
342.02667,1.0,0.6005779044884803,82.0,55.253167212940184,1.0,0.6005779044884803,1.0,0.6005779044884803,0.0,0.0
381.98666,1.0,0.6005779044884803,82.0,55.253167212940184,1.0,0.6005779044884803,1.0,0.6005779044884803,0.0,0.0
559.365,1.0,0.6005779044884803,99.0,54.6525893084517,1.0,0.6005779044884803,1.0,0.6005779044884803,0.0,0.0
541.02,1.0,0.6005779044884803,99.0,64.86241368475586,1.0,0.6005779044884803,1.0,0.6005779044884803,0.0,0.0
488.41666,1.0,0.6005779044884803,81.0,64.86241368475586,1.0,0.6005779044884803,1.0,0.6005779044884803,0.0,0.0
339.91,1.0,0.6005779044884803,81.0,64.86241368475586,1.0,0.6005779044884803,1.0,0.6005779044884803,0.0,0.0
340.47833,1.0,0.6005779044884803,81.0,54.6525893084517,1.0,0.6005779044884803,1.0,0.6005779044884803,0.0,0.0
340.79666,1.0,0.6005779044884803,81.0,54.6525893084517,1.0,0.6005779044884803,1.0,0.6005779044884803,0.0,0.0
341.37,1.0,0.6005779044884803,81.0,54.6525893084517,1.0,0.6005779044884803,1.0,0.6005779044884803,0.0,0.0
341.42166,1.0,0.6005779044884803,80.0,54.05201140396322,1.0,0.6005779044884803,1.0,0.6005779044884803,0.0,0.0
342.06833,1.0,0.6005779044884803,81.0,54.05201140396322,1.0,0.6005779044884803,1.0,0.6005779044884803,0.0,0.0
341.5,1.0,0.6005779044884803,81.0,54.6525893084517,1.0,0.6005779044884803,1.0,0.6005779044884803,0.0,0.0
341.60666,1.0,0.6005779044884803,81.0,54.05201140396322,1.0,0.6005779044884803,1.0,0.6005779044884803,0.0,0.0
341.71832,1.0,0.6005779044884803,81.0,53.451433499474746,1.0,0.6005779044884803,1.0,0.6005779044884803,0.0,0.0
341.29166,1.0,0.6005779044884803,82.0,53.451433499474746,1.0,0.6005779044884803,1.0,0.6005779044884803,0.0,0.0
341.13666,1.0,0.6005779044884803,81.0,54.05201140396322,1.0,0.6005779044884803,1.0,0.6005779044884803,0.0,0.0
341.15,1.0,0.6005779044884803,81.0,53.451433499474746,1.0,0.6005779044884803,1.0,0.6005779044884803,0.0,0.0
340.89,1.0,0.6005779044884803,81.0,53.451433499474746,1.0,0.6005779044884803,1.0,0.6005779044884803,0.0,0.0
341.30167,1.0,0.6005779044884803,81.0,53.451433499474746,1.0,0.6005779044884803,1.0,0.6005779044884803,0.0,0.0
340.785,1.0,0.6005779044884803,81.0,52.850855594986264,1.0,0.6005779044884803,1.0,0.6005779044884803,0.0,0.0
341.08334,1.0,0.6005779044884803,81.0,53.451433499474746,1.0,0.6005779044884803,1.0,0.6005779044884803,0.0,0.0
340.99835,1.0,0.6005779044884803,81.0,53.451433499474746,1.0,0.6005779044884803,1.0,0.6005779044884803,0.0,0.0
340.98666,1.0,0.6005779044884803,80.0,52.850855594986264,1.0,0.6005779044884803,1.0,0.6005779044884803,0.0,0.0
341.52167,1.0,0.6005779044884803,80.0,52.850855594986264,1.0,0.6005779044884803,1.0,0.6005779044884803,0.0,0.0
341.13333,1.0,0.6005779044884803,81.0,53.451433499474746,1.0,0.6005779044884803,1.0,0.6005779044884803,0.0,0.0
340.92334,1.0,0.6005779044884803,80.0,52.850855594986264,1.0,0.6005779044884803,1.0,0.6005779044884803,0.0,0.0
339.075,1.0,0.6005779044884803,80.0,52.850855594986264,1.0,0.6005779044884803,1.0,0.6005779044884803,0.0,0.0
338.175,1.0,0.6005779044884803,80.0,52.850855594986264,1.0,0.6005779044884803,1.0,0.6005779044884803,0.0,0.0
338.54666,1.0,0.6005779044884803,80.0,52.850855594986264,1.0,0.6005779044884803,1.0,0.6005779044884803,0.0,0.0
338.04333,1.0,0.6005779044884803,80.0,52.850855594986264,1.0,0.6005779044884803,1.0,0.6005779044884803,0.0,0.0
338.334,1.0,0.6005779044884803,79.0,52.850855594986264,1.0,0.6005779044884803,1.0,0.6005779044884803,0.0,0.0
338.25668,1.0,0.6005779044884803,79.0,52.850855594986264,1.0,0.6005779044884803,1.0,0.6005779044884803,0.0,0.0
337.71,1.0,0.6005779044884803,80.0,52.25027769049778,1.0,0.6005779044884803,1.0,0.6005779044884803,0.0,0.0
337.71,1.0,0.6005779044884803,79.0,52.850855594986264,1.0,0.6005779044884803,1.0,0.6005779044884803,0.0,0.0
337.06,1.0,0.6005779044884803,79.0,52.850855594986264,1.0,0.6005779044884803,1.0,0.6005779044884803,0.0,0.0
337.12335,1.0,0.6005779044884803,79.0,52.25027769049778,1.0,0.6005779044884803,1.0,0.6005779044884803,0.0,0.0
336.59167,1.0,0.6005779044884803,108.0,52.25027769049778,1.0,0.6005779044884803,1.0,0.6005779044884803,0.0,0.0
336.995,1.0,0.6005779044884803,80.0,52.25027769049778,1.0,0.6005779044884803,1.0,0.6005779044884803,0.0,0.0
337.175,1.0,0.6005779044884803,79.0,52.25027769049778,1.0,0.6005779044884803,1.0,0.6005779044884803,0.0,0.0
335.99335,1.0,0.6005779044884803,79.0,52.25027769049778,1.0,0.6005779044884803,1.0,0.6005779044884803,0.0,0.0
337.12668,1.0,0.6005779044884803,78.0,52.25027769049778,1.0,0.6005779044884803,1.0,0.6005779044884803,0.0,0.0
342.46832,1.0,0.6001988760150967,88.0,56.41869434541909,1.0,0.6001988760150967,1.0,0.6001988760150967,0.0,0.0
342.30667,1.0,0.6001988760150967,88.0,57.01889322143418,1.0,0.6001988760150967,1.0,0.6001988760150967,0.0,0.0
342.89,1.0,0.6001988760150967,88.0,56.41869434541909,1.0,0.6001988760150967,1.0,0.6001988760150967,0.0,0.0
339.03168,1.0,0.6001988760150967,88.0,56.41869434541909,1.0,0.6001988760150967,1.0,0.6001988760150967,0.0,0.0
323.57333,1.0,0.6001988760150967,88.0,56.41869434541909,1.0,0.6001988760150967,1.0,0.6001988760150967,0.0,0.0
323.72,1.0,0.6001988760150967,88.0,56.41869434541909,1.0,0.6001988760150967,1.0,0.6001988760150967,0.0,0.0
323.43332,1.0,0.6001988760150967,88.0,56.41869434541909,1.0,0.6001988760150967,1.0,0.6001988760150967,0.0,0.0
359.13333,1.0,0.6001988760150967,83.0,55.81849546940399,1.0,0.6001988760150967,1.0,0.6001988760150967,0.0,0.0
368.83832,1.0,0.6001988760150967,83.0,55.81849546940399,1.0,0.6001988760150967,1.0,0.6001988760150967,0.0,0.0
368.51334,1.0,0.6001988760150967,83.0,56.41869434541909,1.0,0.6001988760150967,1.0,0.6001988760150967,0.0,0.0
368.015,1.0,0.6001988760150967,83.0,55.81849546940399,1.0,0.6001988760150967,1.0,0.6001988760150967,0.0,0.0
367.49,1.0,0.6001988760150967,83.0,55.81849546940399,1.0,0.6001988760150967,1.0,0.6001988760150967,0.0,0.0
372.99335,1.0,0.6001988760150967,82.0,55.2182965933889,1.0,0.6001988760150967,1.0,0.6001988760150967,0.0,0.0
366.72168,1.0,0.6001988760150967,82.0,55.81849546940399,1.0,0.6001988760150967,1.0,0.6001988760150967,0.0,0.0
325.525,1.0,0.6001988760150967,82.0,55.81849546940399,1.0,0.6001988760150967,1.0,0.6001988760150967,0.0,0.0
338.76666,1.0,0.6001988760150967,82.0,55.2182965933889,1.0,0.6001988760150967,1.0,0.6001988760150967,0.0,0.0
340.625,1.0,0.6001988760150967,81.0,55.2182965933889,1.0,0.6001988760150967,1.0,0.6001988760150967,0.0,0.0
341.34833,1.0,0.6001988760150967,81.0,55.2182965933889,1.0,0.6001988760150967,1.0,0.6001988760150967,0.0,0.0
342.02667,1.0,0.6001988760150967,82.0,55.2182965933889,1.0,0.6001988760150967,1.0,0.6001988760150967,0.0,0.0
381.98666,1.0,0.6001988760150967,82.0,55.2182965933889,1.0,0.6001988760150967,1.0,0.6001988760150967,0.0,0.0
559.365,1.0,0.6001988760150967,99.0,54.6180977173738,1.0,0.6001988760150967,1.0,0.6001988760150967,0.0,0.0
541.02,1.0,0.6001988760150967,99.0,64.82147860963045,1.0,0.6001988760150967,1.0,0.6001988760150967,0.0,0.0
488.41666,1.0,0.6001988760150967,81.0,64.82147860963045,1.0,0.6001988760150967,1.0,0.6001988760150967,0.0,0.0
339.91,1.0,0.6001988760150967,81.0,64.82147860963045,1.0,0.6001988760150967,1.0,0.6001988760150967,0.0,0.0
340.47833,1.0,0.6001988760150967,81.0,54.6180977173738,1.0,0.6001988760150967,1.0,0.6001988760150967,0.0,0.0
340.79666,1.0,0.6001988760150967,81.0,54.6180977173738,1.0,0.6001988760150967,1.0,0.6001988760150967,0.0,0.0
341.37,1.0,0.6001988760150967,81.0,54.6180977173738,1.0,0.6001988760150967,1.0,0.6001988760150967,0.0,0.0
341.42166,1.0,0.6001988760150967,80.0,54.0178988413587,1.0,0.6001988760150967,1.0,0.6001988760150967,0.0,0.0
342.06833,1.0,0.6001988760150967,81.0,54.0178988413587,1.0,0.6001988760150967,1.0,0.6001988760150967,0.0,0.0
341.5,1.0,0.6001988760150967,81.0,54.6180977173738,1.0,0.6001988760150967,1.0,0.6001988760150967,0.0,0.0
341.60666,1.0,0.6001988760150967,81.0,54.0178988413587,1.0,0.6001988760150967,1.0,0.6001988760150967,0.0,0.0
341.71832,1.0,0.6001988760150967,81.0,53.41769996534361,1.0,0.6001988760150967,1.0,0.6001988760150967,0.0,0.0
341.29166,1.0,0.6001988760150967,82.0,53.41769996534361,1.0,0.6001988760150967,1.0,0.6001988760150967,0.0,0.0
341.13666,1.0,0.6001988760150967,81.0,54.0178988413587,1.0,0.6001988760150967,1.0,0.6001988760150967,0.0,0.0
341.15,1.0,0.6001988760150967,81.0,53.41769996534361,1.0,0.6001988760150967,1.0,0.6001988760150967,0.0,0.0
340.89,1.0,0.6001988760150967,81.0,53.41769996534361,1.0,0.6001988760150967,1.0,0.6001988760150967,0.0,0.0
341.30167,1.0,0.6001988760150967,81.0,53.41769996534361,1.0,0.6001988760150967,1.0,0.6001988760150967,0.0,0.0
340.785,1.0,0.6001988760150967,81.0,52.81750108932851,1.0,0.6001988760150967,1.0,0.6001988760150967,0.0,0.0
341.08334,1.0,0.6001988760150967,81.0,53.41769996534361,1.0,0.6001988760150967,1.0,0.6001988760150967,0.0,0.0
340.99835,1.0,0.6001988760150967,81.0,53.41769996534361,1.0,0.6001988760150967,1.0,0.6001988760150967,0.0,0.0
340.98666,1.0,0.6001988760150967,80.0,52.81750108932851,1.0,0.6001988760150967,1.0,0.6001988760150967,0.0,0.0
341.52167,1.0,0.6001988760150967,80.0,52.81750108932851,1.0,0.6001988760150967,1.0,0.6001988760150967,0.0,0.0
341.13333,1.0,0.6001988760150967,81.0,53.41769996534361,1.0,0.6001988760150967,1.0,0.6001988760150967,0.0,0.0
340.92334,1.0,0.6001988760150967,80.0,52.81750108932851,1.0,0.6001988760150967,1.0,0.6001988760150967,0.0,0.0
339.075,1.0,0.6001988760150967,80.0,52.81750108932851,1.0,0.6001988760150967,1.0,0.6001988760150967,0.0,0.0
338.175,1.0,0.6001988760150967,80.0,52.81750108932851,1.0,0.6001988760150967,1.0,0.6001988760150967,0.0,0.0
338.54666,1.0,0.6001988760150967,80.0,52.81750108932851,1.0,0.6001988760150967,1.0,0.6001988760150967,0.0,0.0
338.04333,1.0,0.6001988760150967,80.0,52.81750108932851,1.0,0.6001988760150967,1.0,0.6001988760150967,0.0,0.0
338.334,1.0,0.6001988760150967,79.0,52.81750108932851,1.0,0.6001988760150967,1.0,0.6001988760150967,0.0,0.0
338.25668,1.0,0.6001988760150967,79.0,52.81750108932851,1.0,0.6001988760150967,1.0,0.6001988760150967,0.0,0.0
337.71,1.0,0.6001988760150967,80.0,52.21730221331341,1.0,0.6001988760150967,1.0,0.6001988760150967,0.0,0.0
337.71,1.0,0.6001988760150967,79.0,52.81750108932851,1.0,0.6001988760150967,1.0,0.6001988760150967,0.0,0.0
337.06,1.0,0.6001988760150967,79.0,52.81750108932851,1.0,0.6001988760150967,1.0,0.6001988760150967,0.0,0.0
337.12335,1.0,0.6001988760150967,79.0,52.21730221331341,1.0,0.6001988760150967,1.0,0.6001988760150967,0.0,0.0
336.59167,1.0,0.6001988760150967,108.0,52.21730221331341,1.0,0.6001988760150967,1.0,0.6001988760150967,0.0,0.0
336.995,1.0,0.6001988760150967,80.0,52.21730221331341,1.0,0.6001988760150967,1.0,0.6001988760150967,0.0,0.0
337.175,1.0,0.6001988760150967,79.0,52.21730221331341,1.0,0.6001988760150967,1.0,0.6001988760150967,0.0,0.0
335.99335,1.0,0.6001988760150967,79.0,52.21730221331341,1.0,0.6001988760150967,1.0,0.6001988760150967,0.0,0.0
337.12668,1.0,0.6001988760150967,78.0,52.21730221331341,1.0,0.6001988760150967,1.0,0.6001988760150967,0.0,0.0
337.225,1.0,0.6001988760150967,78.0,52.21730221331341,1.0,0.6001988760150967,1.0,0.6001988760150967,0.0,0.0
342.30667,1.0,0.5998371310989301,88.0,56.98452745439836,1.0,0.5998371310989301,1.0,0.5998371310989301,0.0,0.0
342.89,1.0,0.5998371310989301,88.0,56.38469032329943,1.0,0.5998371310989301,1.0,0.5998371310989301,0.0,0.0
339.03168,1.0,0.5998371310989301,88.0,56.38469032329943,1.0,0.5998371310989301,1.0,0.5998371310989301,0.0,0.0
323.57333,1.0,0.5998371310989301,88.0,56.38469032329943,1.0,0.5998371310989301,1.0,0.5998371310989301,0.0,0.0
323.72,1.0,0.5998371310989301,88.0,56.38469032329943,1.0,0.5998371310989301,1.0,0.5998371310989301,0.0,0.0
323.43332,1.0,0.5998371310989301,88.0,56.38469032329943,1.0,0.5998371310989301,1.0,0.5998371310989301,0.0,0.0
359.13333,1.0,0.5998371310989301,83.0,55.7848531922005,1.0,0.5998371310989301,1.0,0.5998371310989301,0.0,0.0
368.83832,1.0,0.5998371310989301,83.0,55.7848531922005,1.0,0.5998371310989301,1.0,0.5998371310989301,0.0,0.0
368.51334,1.0,0.5998371310989301,83.0,56.38469032329943,1.0,0.5998371310989301,1.0,0.5998371310989301,0.0,0.0
368.015,1.0,0.5998371310989301,83.0,55.7848531922005,1.0,0.5998371310989301,1.0,0.5998371310989301,0.0,0.0
367.49,1.0,0.5998371310989301,83.0,55.7848531922005,1.0,0.5998371310989301,1.0,0.5998371310989301,0.0,0.0
372.99335,1.0,0.5998371310989301,82.0,55.18501606110157,1.0,0.5998371310989301,1.0,0.5998371310989301,0.0,0.0
366.72168,1.0,0.5998371310989301,82.0,55.7848531922005,1.0,0.5998371310989301,1.0,0.5998371310989301,0.0,0.0
325.525,1.0,0.5998371310989301,82.0,55.7848531922005,1.0,0.5998371310989301,1.0,0.5998371310989301,0.0,0.0
338.76666,1.0,0.5998371310989301,82.0,55.18501606110157,1.0,0.5998371310989301,1.0,0.5998371310989301,0.0,0.0
340.625,1.0,0.5998371310989301,81.0,55.18501606110157,1.0,0.5998371310989301,1.0,0.5998371310989301,0.0,0.0
341.34833,1.0,0.5998371310989301,81.0,55.18501606110157,1.0,0.5998371310989301,1.0,0.5998371310989301,0.0,0.0
342.02667,1.0,0.5998371310989301,82.0,55.18501606110157,1.0,0.5998371310989301,1.0,0.5998371310989301,0.0,0.0
381.98666,1.0,0.5998371310989301,82.0,55.18501606110157,1.0,0.5998371310989301,1.0,0.5998371310989301,0.0,0.0
559.365,1.0,0.5998371310989301,99.0,54.58517893000264,1.0,0.5998371310989301,1.0,0.5998371310989301,0.0,0.0
541.02,1.0,0.5998371310989301,99.0,64.78241015868446,1.0,0.5998371310989301,1.0,0.5998371310989301,0.0,0.0
488.41666,1.0,0.5998371310989301,81.0,64.78241015868446,1.0,0.5998371310989301,1.0,0.5998371310989301,0.0,0.0
339.91,1.0,0.5998371310989301,81.0,64.78241015868446,1.0,0.5998371310989301,1.0,0.5998371310989301,0.0,0.0
340.47833,1.0,0.5998371310989301,81.0,54.58517893000264,1.0,0.5998371310989301,1.0,0.5998371310989301,0.0,0.0
340.79666,1.0,0.5998371310989301,81.0,54.58517893000264,1.0,0.5998371310989301,1.0,0.5998371310989301,0.0,0.0
341.37,1.0,0.5998371310989301,81.0,54.58517893000264,1.0,0.5998371310989301,1.0,0.5998371310989301,0.0,0.0
341.42166,1.0,0.5998371310989301,80.0,53.98534179890371,1.0,0.5998371310989301,1.0,0.5998371310989301,0.0,0.0
342.06833,1.0,0.5998371310989301,81.0,53.98534179890371,1.0,0.5998371310989301,1.0,0.5998371310989301,0.0,0.0
341.5,1.0,0.5998371310989301,81.0,54.58517893000264,1.0,0.5998371310989301,1.0,0.5998371310989301,0.0,0.0
341.60666,1.0,0.5998371310989301,81.0,53.98534179890371,1.0,0.5998371310989301,1.0,0.5998371310989301,0.0,0.0
341.71832,1.0,0.5998371310989301,81.0,53.38550466780478,1.0,0.5998371310989301,1.0,0.5998371310989301,0.0,0.0
341.29166,1.0,0.5998371310989301,82.0,53.38550466780478,1.0,0.5998371310989301,1.0,0.5998371310989301,0.0,0.0
341.13666,1.0,0.5998371310989301,81.0,53.98534179890371,1.0,0.5998371310989301,1.0,0.5998371310989301,0.0,0.0
341.15,1.0,0.5998371310989301,81.0,53.38550466780478,1.0,0.5998371310989301,1.0,0.5998371310989301,0.0,0.0
340.89,1.0,0.5998371310989301,81.0,53.38550466780478,1.0,0.5998371310989301,1.0,0.5998371310989301,0.0,0.0
341.30167,1.0,0.5998371310989301,81.0,53.38550466780478,1.0,0.5998371310989301,1.0,0.5998371310989301,0.0,0.0
340.785,1.0,0.5998371310989301,81.0,52.78566753670585,1.0,0.5998371310989301,1.0,0.5998371310989301,0.0,0.0
341.08334,1.0,0.5998371310989301,81.0,53.38550466780478,1.0,0.5998371310989301,1.0,0.5998371310989301,0.0,0.0
340.99835,1.0,0.5998371310989301,81.0,53.38550466780478,1.0,0.5998371310989301,1.0,0.5998371310989301,0.0,0.0
340.98666,1.0,0.5998371310989301,80.0,52.78566753670585,1.0,0.5998371310989301,1.0,0.5998371310989301,0.0,0.0
341.52167,1.0,0.5998371310989301,80.0,52.78566753670585,1.0,0.5998371310989301,1.0,0.5998371310989301,0.0,0.0
341.13333,1.0,0.5998371310989301,81.0,53.38550466780478,1.0,0.5998371310989301,1.0,0.5998371310989301,0.0,0.0
340.92334,1.0,0.5998371310989301,80.0,52.78566753670585,1.0,0.5998371310989301,1.0,0.5998371310989301,0.0,0.0
339.075,1.0,0.5998371310989301,80.0,52.78566753670585,1.0,0.5998371310989301,1.0,0.5998371310989301,0.0,0.0
338.175,1.0,0.5998371310989301,80.0,52.78566753670585,1.0,0.5998371310989301,1.0,0.5998371310989301,0.0,0.0
338.54666,1.0,0.5998371310989301,80.0,52.78566753670585,1.0,0.5998371310989301,1.0,0.5998371310989301,0.0,0.0
338.04333,1.0,0.5998371310989301,80.0,52.78566753670585,1.0,0.5998371310989301,1.0,0.5998371310989301,0.0,0.0
338.334,1.0,0.5998371310989301,79.0,52.78566753670585,1.0,0.5998371310989301,1.0,0.5998371310989301,0.0,0.0
338.25668,1.0,0.5998371310989301,79.0,52.78566753670585,1.0,0.5998371310989301,1.0,0.5998371310989301,0.0,0.0
337.71,1.0,0.5998371310989301,80.0,52.18583040560692,1.0,0.5998371310989301,1.0,0.5998371310989301,0.0,0.0
337.71,1.0,0.5998371310989301,79.0,52.78566753670585,1.0,0.5998371310989301,1.0,0.5998371310989301,0.0,0.0
337.06,1.0,0.5998371310989301,79.0,52.78566753670585,1.0,0.5998371310989301,1.0,0.5998371310989301,0.0,0.0
337.12335,1.0,0.5998371310989301,79.0,52.18583040560692,1.0,0.5998371310989301,1.0,0.5998371310989301,0.0,0.0
336.59167,1.0,0.5998371310989301,108.0,52.18583040560692,1.0,0.5998371310989301,1.0,0.5998371310989301,0.0,0.0
336.995,1.0,0.5998371310989301,80.0,52.18583040560692,1.0,0.5998371310989301,1.0,0.5998371310989301,0.0,0.0
337.175,1.0,0.5998371310989301,79.0,52.18583040560692,1.0,0.5998371310989301,1.0,0.5998371310989301,0.0,0.0
335.99335,1.0,0.5998371310989301,79.0,52.18583040560692,1.0,0.5998371310989301,1.0,0.5998371310989301,0.0,0.0
337.12668,1.0,0.5998371310989301,78.0,52.18583040560692,1.0,0.5998371310989301,1.0,0.5998371310989301,0.0,0.0
337.225,1.0,0.5998371310989301,78.0,52.18583040560692,1.0,0.5998371310989301,1.0,0.5998371310989301,0.0,0.0
337.73834,1.0,0.5998371310989301,78.0,52.18583040560692,1.0,0.5998371310989301,1.0,0.5998371310989301,0.0,0.0
342.89,1.0,0.5997008270376919,88.0,56.37187774154304,1.0,0.5997008270376919,1.0,0.5997008270376919,0.0,0.0
339.03168,1.0,0.5997008270376919,88.0,56.37187774154304,1.0,0.5997008270376919,1.0,0.5997008270376919,0.0,0.0
323.57333,1.0,0.5997008270376919,88.0,56.37187774154304,1.0,0.5997008270376919,1.0,0.5997008270376919,0.0,0.0
323.72,1.0,0.5997008270376919,88.0,56.37187774154304,1.0,0.5997008270376919,1.0,0.5997008270376919,0.0,0.0
323.43332,1.0,0.5997008270376919,88.0,56.37187774154304,1.0,0.5997008270376919,1.0,0.5997008270376919,0.0,0.0
359.13333,1.0,0.5997008270376919,83.0,55.772176914505344,1.0,0.5997008270376919,1.0,0.5997008270376919,0.0,0.0
368.83832,1.0,0.5997008270376919,83.0,55.772176914505344,1.0,0.5997008270376919,1.0,0.5997008270376919,0.0,0.0
368.51334,1.0,0.5997008270376919,83.0,56.37187774154304,1.0,0.5997008270376919,1.0,0.5997008270376919,0.0,0.0
368.015,1.0,0.5997008270376919,83.0,55.772176914505344,1.0,0.5997008270376919,1.0,0.5997008270376919,0.0,0.0
367.49,1.0,0.5997008270376919,83.0,55.772176914505344,1.0,0.5997008270376919,1.0,0.5997008270376919,0.0,0.0
372.99335,1.0,0.5997008270376919,82.0,55.17247608746766,1.0,0.5997008270376919,1.0,0.5997008270376919,0.0,0.0
366.72168,1.0,0.5997008270376919,82.0,55.772176914505344,1.0,0.5997008270376919,1.0,0.5997008270376919,0.0,0.0
325.525,1.0,0.5997008270376919,82.0,55.772176914505344,1.0,0.5997008270376919,1.0,0.5997008270376919,0.0,0.0
338.76666,1.0,0.5997008270376919,82.0,55.17247608746766,1.0,0.5997008270376919,1.0,0.5997008270376919,0.0,0.0
340.625,1.0,0.5997008270376919,81.0,55.17247608746766,1.0,0.5997008270376919,1.0,0.5997008270376919,0.0,0.0
341.34833,1.0,0.5997008270376919,81.0,55.17247608746766,1.0,0.5997008270376919,1.0,0.5997008270376919,0.0,0.0
342.02667,1.0,0.5997008270376919,82.0,55.17247608746766,1.0,0.5997008270376919,1.0,0.5997008270376919,0.0,0.0
381.98666,1.0,0.5997008270376919,82.0,55.17247608746766,1.0,0.5997008270376919,1.0,0.5997008270376919,0.0,0.0
559.365,1.0,0.5997008270376919,99.0,54.572775260429964,1.0,0.5997008270376919,1.0,0.5997008270376919,0.0,0.0
541.02,1.0,0.5997008270376919,99.0,64.76768932007073,1.0,0.5997008270376919,1.0,0.5997008270376919,0.0,0.0
488.41666,1.0,0.5997008270376919,81.0,64.76768932007073,1.0,0.5997008270376919,1.0,0.5997008270376919,0.0,0.0
339.91,1.0,0.5997008270376919,81.0,64.76768932007073,1.0,0.5997008270376919,1.0,0.5997008270376919,0.0,0.0
340.47833,1.0,0.5997008270376919,81.0,54.572775260429964,1.0,0.5997008270376919,1.0,0.5997008270376919,0.0,0.0
340.79666,1.0,0.5997008270376919,81.0,54.572775260429964,1.0,0.5997008270376919,1.0,0.5997008270376919,0.0,0.0
341.37,1.0,0.5997008270376919,81.0,54.572775260429964,1.0,0.5997008270376919,1.0,0.5997008270376919,0.0,0.0
341.42166,1.0,0.5997008270376919,80.0,53.97307443339227,1.0,0.5997008270376919,1.0,0.5997008270376919,0.0,0.0
342.06833,1.0,0.5997008270376919,81.0,53.97307443339227,1.0,0.5997008270376919,1.0,0.5997008270376919,0.0,0.0
341.5,1.0,0.5997008270376919,81.0,54.572775260429964,1.0,0.5997008270376919,1.0,0.5997008270376919,0.0,0.0
341.60666,1.0,0.5997008270376919,81.0,53.97307443339227,1.0,0.5997008270376919,1.0,0.5997008270376919,0.0,0.0
341.71832,1.0,0.5997008270376919,81.0,53.373373606354576,1.0,0.5997008270376919,1.0,0.5997008270376919,0.0,0.0
341.29166,1.0,0.5997008270376919,82.0,53.373373606354576,1.0,0.5997008270376919,1.0,0.5997008270376919,0.0,0.0
341.13666,1.0,0.5997008270376919,81.0,53.97307443339227,1.0,0.5997008270376919,1.0,0.5997008270376919,0.0,0.0
341.15,1.0,0.5997008270376919,81.0,53.373373606354576,1.0,0.5997008270376919,1.0,0.5997008270376919,0.0,0.0
340.89,1.0,0.5997008270376919,81.0,53.373373606354576,1.0,0.5997008270376919,1.0,0.5997008270376919,0.0,0.0
341.30167,1.0,0.5997008270376919,81.0,53.373373606354576,1.0,0.5997008270376919,1.0,0.5997008270376919,0.0,0.0
340.785,1.0,0.5997008270376919,81.0,52.77367277931689,1.0,0.5997008270376919,1.0,0.5997008270376919,0.0,0.0
341.08334,1.0,0.5997008270376919,81.0,53.373373606354576,1.0,0.5997008270376919,1.0,0.5997008270376919,0.0,0.0
340.99835,1.0,0.5997008270376919,81.0,53.373373606354576,1.0,0.5997008270376919,1.0,0.5997008270376919,0.0,0.0
340.98666,1.0,0.5997008270376919,80.0,52.77367277931689,1.0,0.5997008270376919,1.0,0.5997008270376919,0.0,0.0
341.52167,1.0,0.5997008270376919,80.0,52.77367277931689,1.0,0.5997008270376919,1.0,0.5997008270376919,0.0,0.0
341.13333,1.0,0.5997008270376919,81.0,53.373373606354576,1.0,0.5997008270376919,1.0,0.5997008270376919,0.0,0.0
340.92334,1.0,0.5997008270376919,80.0,52.77367277931689,1.0,0.5997008270376919,1.0,0.5997008270376919,0.0,0.0
339.075,1.0,0.5997008270376919,80.0,52.77367277931689,1.0,0.5997008270376919,1.0,0.5997008270376919,0.0,0.0
338.175,1.0,0.5997008270376919,80.0,52.77367277931689,1.0,0.5997008270376919,1.0,0.5997008270376919,0.0,0.0
338.54666,1.0,0.5997008270376919,80.0,52.77367277931689,1.0,0.5997008270376919,1.0,0.5997008270376919,0.0,0.0
338.04333,1.0,0.5997008270376919,80.0,52.77367277931689,1.0,0.5997008270376919,1.0,0.5997008270376919,0.0,0.0
338.334,1.0,0.5997008270376919,79.0,52.77367277931689,1.0,0.5997008270376919,1.0,0.5997008270376919,0.0,0.0
338.25668,1.0,0.5997008270376919,79.0,52.77367277931689,1.0,0.5997008270376919,1.0,0.5997008270376919,0.0,0.0
337.71,1.0,0.5997008270376919,80.0,52.173971952279196,1.0,0.5997008270376919,1.0,0.5997008270376919,0.0,0.0
337.71,1.0,0.5997008270376919,79.0,52.77367277931689,1.0,0.5997008270376919,1.0,0.5997008270376919,0.0,0.0
337.06,1.0,0.5997008270376919,79.0,52.77367277931689,1.0,0.5997008270376919,1.0,0.5997008270376919,0.0,0.0
337.12335,1.0,0.5997008270376919,79.0,52.173971952279196,1.0,0.5997008270376919,1.0,0.5997008270376919,0.0,0.0
336.59167,1.0,0.5997008270376919,108.0,52.173971952279196,1.0,0.5997008270376919,1.0,0.5997008270376919,0.0,0.0
336.995,1.0,0.5997008270376919,80.0,52.173971952279196,1.0,0.5997008270376919,1.0,0.5997008270376919,0.0,0.0
337.175,1.0,0.5997008270376919,79.0,52.173971952279196,1.0,0.5997008270376919,1.0,0.5997008270376919,0.0,0.0
335.99335,1.0,0.5997008270376919,79.0,52.173971952279196,1.0,0.5997008270376919,1.0,0.5997008270376919,0.0,0.0
337.12668,1.0,0.5997008270376919,78.0,52.173971952279196,1.0,0.5997008270376919,1.0,0.5997008270376919,0.0,0.0
337.225,1.0,0.5997008270376919,78.0,52.173971952279196,1.0,0.5997008270376919,1.0,0.5997008270376919,0.0,0.0
337.73834,1.0,0.5997008270376919,78.0,52.173971952279196,1.0,0.5997008270376919,1.0,0.5997008270376919,0.0,0.0
337.27,1.0,0.5997008270376919,78.0,51.5742711252415,1.0,0.5997008270376919,1.0,0.5997008270376919,0.0,0.0
339.03168,1.0,0.5995005884727022,88.0,56.353055316434,1.0,0.5995005884727022,1.0,0.5995005884727022,0.0,0.0
323.57333,1.0,0.5995005884727022,88.0,56.353055316434,1.0,0.5995005884727022,1.0,0.5995005884727022,0.0,0.0
323.72,1.0,0.5995005884727022,88.0,56.353055316434,1.0,0.5995005884727022,1.0,0.5995005884727022,0.0,0.0
323.43332,1.0,0.5995005884727022,88.0,56.353055316434,1.0,0.5995005884727022,1.0,0.5995005884727022,0.0,0.0
359.13333,1.0,0.5995005884727022,83.0,55.7535547279613,1.0,0.5995005884727022,1.0,0.5995005884727022,0.0,0.0
368.83832,1.0,0.5995005884727022,83.0,55.7535547279613,1.0,0.5995005884727022,1.0,0.5995005884727022,0.0,0.0
368.51334,1.0,0.5995005884727022,83.0,56.353055316434,1.0,0.5995005884727022,1.0,0.5995005884727022,0.0,0.0
368.015,1.0,0.5995005884727022,83.0,55.7535547279613,1.0,0.5995005884727022,1.0,0.5995005884727022,0.0,0.0
367.49,1.0,0.5995005884727022,83.0,55.7535547279613,1.0,0.5995005884727022,1.0,0.5995005884727022,0.0,0.0
372.99335,1.0,0.5995005884727022,82.0,55.1540541394886,1.0,0.5995005884727022,1.0,0.5995005884727022,0.0,0.0
366.72168,1.0,0.5995005884727022,82.0,55.7535547279613,1.0,0.5995005884727022,1.0,0.5995005884727022,0.0,0.0
325.525,1.0,0.5995005884727022,82.0,55.7535547279613,1.0,0.5995005884727022,1.0,0.5995005884727022,0.0,0.0
338.76666,1.0,0.5995005884727022,82.0,55.1540541394886,1.0,0.5995005884727022,1.0,0.5995005884727022,0.0,0.0
340.625,1.0,0.5995005884727022,81.0,55.1540541394886,1.0,0.5995005884727022,1.0,0.5995005884727022,0.0,0.0
341.34833,1.0,0.5995005884727022,81.0,55.1540541394886,1.0,0.5995005884727022,1.0,0.5995005884727022,0.0,0.0
342.02667,1.0,0.5995005884727022,82.0,55.1540541394886,1.0,0.5995005884727022,1.0,0.5995005884727022,0.0,0.0
381.98666,1.0,0.5995005884727022,82.0,55.1540541394886,1.0,0.5995005884727022,1.0,0.5995005884727022,0.0,0.0
559.365,1.0,0.5995005884727022,99.0,54.55455355101589,1.0,0.5995005884727022,1.0,0.5995005884727022,0.0,0.0
541.02,1.0,0.5995005884727022,99.0,64.74606355505183,1.0,0.5995005884727022,1.0,0.5995005884727022,0.0,0.0
488.41666,1.0,0.5995005884727022,81.0,64.74606355505183,1.0,0.5995005884727022,1.0,0.5995005884727022,0.0,0.0
339.91,1.0,0.5995005884727022,81.0,64.74606355505183,1.0,0.5995005884727022,1.0,0.5995005884727022,0.0,0.0
340.47833,1.0,0.5995005884727022,81.0,54.55455355101589,1.0,0.5995005884727022,1.0,0.5995005884727022,0.0,0.0
340.79666,1.0,0.5995005884727022,81.0,54.55455355101589,1.0,0.5995005884727022,1.0,0.5995005884727022,0.0,0.0
341.37,1.0,0.5995005884727022,81.0,54.55455355101589,1.0,0.5995005884727022,1.0,0.5995005884727022,0.0,0.0
341.42166,1.0,0.5995005884727022,80.0,53.95505296254319,1.0,0.5995005884727022,1.0,0.5995005884727022,0.0,0.0
342.06833,1.0,0.5995005884727022,81.0,53.95505296254319,1.0,0.5995005884727022,1.0,0.5995005884727022,0.0,0.0
341.5,1.0,0.5995005884727022,81.0,54.55455355101589,1.0,0.5995005884727022,1.0,0.5995005884727022,0.0,0.0
341.60666,1.0,0.5995005884727022,81.0,53.95505296254319,1.0,0.5995005884727022,1.0,0.5995005884727022,0.0,0.0
341.71832,1.0,0.5995005884727022,81.0,53.35555237407049,1.0,0.5995005884727022,1.0,0.5995005884727022,0.0,0.0
341.29166,1.0,0.5995005884727022,82.0,53.35555237407049,1.0,0.5995005884727022,1.0,0.5995005884727022,0.0,0.0
341.13666,1.0,0.5995005884727022,81.0,53.95505296254319,1.0,0.5995005884727022,1.0,0.5995005884727022,0.0,0.0
341.15,1.0,0.5995005884727022,81.0,53.35555237407049,1.0,0.5995005884727022,1.0,0.5995005884727022,0.0,0.0
340.89,1.0,0.5995005884727022,81.0,53.35555237407049,1.0,0.5995005884727022,1.0,0.5995005884727022,0.0,0.0
341.30167,1.0,0.5995005884727022,81.0,53.35555237407049,1.0,0.5995005884727022,1.0,0.5995005884727022,0.0,0.0
340.785,1.0,0.5995005884727022,81.0,52.75605178559779,1.0,0.5995005884727022,1.0,0.5995005884727022,0.0,0.0
341.08334,1.0,0.5995005884727022,81.0,53.35555237407049,1.0,0.5995005884727022,1.0,0.5995005884727022,0.0,0.0
340.99835,1.0,0.5995005884727022,81.0,53.35555237407049,1.0,0.5995005884727022,1.0,0.5995005884727022,0.0,0.0
340.98666,1.0,0.5995005884727022,80.0,52.75605178559779,1.0,0.5995005884727022,1.0,0.5995005884727022,0.0,0.0
341.52167,1.0,0.5995005884727022,80.0,52.75605178559779,1.0,0.5995005884727022,1.0,0.5995005884727022,0.0,0.0
341.13333,1.0,0.5995005884727022,81.0,53.35555237407049,1.0,0.5995005884727022,1.0,0.5995005884727022,0.0,0.0
340.92334,1.0,0.5995005884727022,80.0,52.75605178559779,1.0,0.5995005884727022,1.0,0.5995005884727022,0.0,0.0
339.075,1.0,0.5995005884727022,80.0,52.75605178559779,1.0,0.5995005884727022,1.0,0.5995005884727022,0.0,0.0
338.175,1.0,0.5995005884727022,80.0,52.75605178559779,1.0,0.5995005884727022,1.0,0.5995005884727022,0.0,0.0
338.54666,1.0,0.5995005884727022,80.0,52.75605178559779,1.0,0.5995005884727022,1.0,0.5995005884727022,0.0,0.0
338.04333,1.0,0.5995005884727022,80.0,52.75605178559779,1.0,0.5995005884727022,1.0,0.5995005884727022,0.0,0.0
338.334,1.0,0.5995005884727022,79.0,52.75605178559779,1.0,0.5995005884727022,1.0,0.5995005884727022,0.0,0.0
338.25668,1.0,0.5995005884727022,79.0,52.75605178559779,1.0,0.5995005884727022,1.0,0.5995005884727022,0.0,0.0
337.71,1.0,0.5995005884727022,80.0,52.15655119712509,1.0,0.5995005884727022,1.0,0.5995005884727022,0.0,0.0
337.71,1.0,0.5995005884727022,79.0,52.75605178559779,1.0,0.5995005884727022,1.0,0.5995005884727022,0.0,0.0
337.06,1.0,0.5995005884727022,79.0,52.75605178559779,1.0,0.5995005884727022,1.0,0.5995005884727022,0.0,0.0
337.12335,1.0,0.5995005884727022,79.0,52.15655119712509,1.0,0.5995005884727022,1.0,0.5995005884727022,0.0,0.0
336.59167,1.0,0.5995005884727022,108.0,52.15655119712509,1.0,0.5995005884727022,1.0,0.5995005884727022,0.0,0.0
336.995,1.0,0.5995005884727022,80.0,52.15655119712509,1.0,0.5995005884727022,1.0,0.5995005884727022,0.0,0.0
337.175,1.0,0.5995005884727022,79.0,52.15655119712509,1.0,0.5995005884727022,1.0,0.5995005884727022,0.0,0.0
335.99335,1.0,0.5995005884727022,79.0,52.15655119712509,1.0,0.5995005884727022,1.0,0.5995005884727022,0.0,0.0
337.12668,1.0,0.5995005884727022,78.0,52.15655119712509,1.0,0.5995005884727022,1.0,0.5995005884727022,0.0,0.0
337.225,1.0,0.5995005884727022,78.0,52.15655119712509,1.0,0.5995005884727022,1.0,0.5995005884727022,0.0,0.0
337.73834,1.0,0.5995005884727022,78.0,52.15655119712509,1.0,0.5995005884727022,1.0,0.5995005884727022,0.0,0.0
337.27,1.0,0.5995005884727022,78.0,51.55705060865238,1.0,0.5995005884727022,1.0,0.5995005884727022,0.0,0.0
337.32,1.0,0.5995005884727022,78.0,52.15655119712509,1.0,0.5995005884727022,1.0,0.5995005884727022,0.0,0.0
323.57333,1.0,0.5992744025574526,88.0,56.33179384040054,1.0,0.5992744025574526,1.0,0.5992744025574526,0.0,0.0
323.72,1.0,0.5992744025574526,88.0,56.33179384040054,1.0,0.5992744025574526,1.0,0.5992744025574526,0.0,0.0
323.43332,1.0,0.5992744025574526,88.0,56.33179384040054,1.0,0.5992744025574526,1.0,0.5992744025574526,0.0,0.0
359.13333,1.0,0.5992744025574526,83.0,55.73251943784309,1.0,0.5992744025574526,1.0,0.5992744025574526,0.0,0.0
368.83832,1.0,0.5992744025574526,83.0,55.73251943784309,1.0,0.5992744025574526,1.0,0.5992744025574526,0.0,0.0
368.51334,1.0,0.5992744025574526,83.0,56.33179384040054,1.0,0.5992744025574526,1.0,0.5992744025574526,0.0,0.0
368.015,1.0,0.5992744025574526,83.0,55.73251943784309,1.0,0.5992744025574526,1.0,0.5992744025574526,0.0,0.0
367.49,1.0,0.5992744025574526,83.0,55.73251943784309,1.0,0.5992744025574526,1.0,0.5992744025574526,0.0,0.0
372.99335,1.0,0.5992744025574526,82.0,55.13324503528564,1.0,0.5992744025574526,1.0,0.5992744025574526,0.0,0.0
366.72168,1.0,0.5992744025574526,82.0,55.73251943784309,1.0,0.5992744025574526,1.0,0.5992744025574526,0.0,0.0
325.525,1.0,0.5992744025574526,82.0,55.73251943784309,1.0,0.5992744025574526,1.0,0.5992744025574526,0.0,0.0
338.76666,1.0,0.5992744025574526,82.0,55.13324503528564,1.0,0.5992744025574526,1.0,0.5992744025574526,0.0,0.0
340.625,1.0,0.5992744025574526,81.0,55.13324503528564,1.0,0.5992744025574526,1.0,0.5992744025574526,0.0,0.0
341.34833,1.0,0.5992744025574526,81.0,55.13324503528564,1.0,0.5992744025574526,1.0,0.5992744025574526,0.0,0.0
342.02667,1.0,0.5992744025574526,82.0,55.13324503528564,1.0,0.5992744025574526,1.0,0.5992744025574526,0.0,0.0
381.98666,1.0,0.5992744025574526,82.0,55.13324503528564,1.0,0.5992744025574526,1.0,0.5992744025574526,0.0,0.0
559.365,1.0,0.5992744025574526,99.0,54.533970632728185,1.0,0.5992744025574526,1.0,0.5992744025574526,0.0,0.0
541.02,1.0,0.5992744025574526,99.0,64.72163547620488,1.0,0.5992744025574526,1.0,0.5992744025574526,0.0,0.0
488.41666,1.0,0.5992744025574526,81.0,64.72163547620488,1.0,0.5992744025574526,1.0,0.5992744025574526,0.0,0.0
339.91,1.0,0.5992744025574526,81.0,64.72163547620488,1.0,0.5992744025574526,1.0,0.5992744025574526,0.0,0.0
340.47833,1.0,0.5992744025574526,81.0,54.533970632728185,1.0,0.5992744025574526,1.0,0.5992744025574526,0.0,0.0
340.79666,1.0,0.5992744025574526,81.0,54.533970632728185,1.0,0.5992744025574526,1.0,0.5992744025574526,0.0,0.0
341.37,1.0,0.5992744025574526,81.0,54.533970632728185,1.0,0.5992744025574526,1.0,0.5992744025574526,0.0,0.0
341.42166,1.0,0.5992744025574526,80.0,53.93469623017073,1.0,0.5992744025574526,1.0,0.5992744025574526,0.0,0.0
342.06833,1.0,0.5992744025574526,81.0,53.93469623017073,1.0,0.5992744025574526,1.0,0.5992744025574526,0.0,0.0
341.5,1.0,0.5992744025574526,81.0,54.533970632728185,1.0,0.5992744025574526,1.0,0.5992744025574526,0.0,0.0
341.60666,1.0,0.5992744025574526,81.0,53.93469623017073,1.0,0.5992744025574526,1.0,0.5992744025574526,0.0,0.0
341.71832,1.0,0.5992744025574526,81.0,53.33542182761328,1.0,0.5992744025574526,1.0,0.5992744025574526,0.0,0.0
341.29166,1.0,0.5992744025574526,82.0,53.33542182761328,1.0,0.5992744025574526,1.0,0.5992744025574526,0.0,0.0
341.13666,1.0,0.5992744025574526,81.0,53.93469623017073,1.0,0.5992744025574526,1.0,0.5992744025574526,0.0,0.0
341.15,1.0,0.5992744025574526,81.0,53.33542182761328,1.0,0.5992744025574526,1.0,0.5992744025574526,0.0,0.0
340.89,1.0,0.5992744025574526,81.0,53.33542182761328,1.0,0.5992744025574526,1.0,0.5992744025574526,0.0,0.0
341.30167,1.0,0.5992744025574526,81.0,53.33542182761328,1.0,0.5992744025574526,1.0,0.5992744025574526,0.0,0.0
340.785,1.0,0.5992744025574526,81.0,52.736147425055826,1.0,0.5992744025574526,1.0,0.5992744025574526,0.0,0.0
341.08334,1.0,0.5992744025574526,81.0,53.33542182761328,1.0,0.5992744025574526,1.0,0.5992744025574526,0.0,0.0
340.99835,1.0,0.5992744025574526,81.0,53.33542182761328,1.0,0.5992744025574526,1.0,0.5992744025574526,0.0,0.0
340.98666,1.0,0.5992744025574526,80.0,52.736147425055826,1.0,0.5992744025574526,1.0,0.5992744025574526,0.0,0.0
341.52167,1.0,0.5992744025574526,80.0,52.736147425055826,1.0,0.5992744025574526,1.0,0.5992744025574526,0.0,0.0
341.13333,1.0,0.5992744025574526,81.0,53.33542182761328,1.0,0.5992744025574526,1.0,0.5992744025574526,0.0,0.0
340.92334,1.0,0.5992744025574526,80.0,52.736147425055826,1.0,0.5992744025574526,1.0,0.5992744025574526,0.0,0.0
339.075,1.0,0.5992744025574526,80.0,52.736147425055826,1.0,0.5992744025574526,1.0,0.5992744025574526,0.0,0.0
338.175,1.0,0.5992744025574526,80.0,52.736147425055826,1.0,0.5992744025574526,1.0,0.5992744025574526,0.0,0.0
338.54666,1.0,0.5992744025574526,80.0,52.736147425055826,1.0,0.5992744025574526,1.0,0.5992744025574526,0.0,0.0
338.04333,1.0,0.5992744025574526,80.0,52.736147425055826,1.0,0.5992744025574526,1.0,0.5992744025574526,0.0,0.0
338.334,1.0,0.5992744025574526,79.0,52.736147425055826,1.0,0.5992744025574526,1.0,0.5992744025574526,0.0,0.0
338.25668,1.0,0.5992744025574526,79.0,52.736147425055826,1.0,0.5992744025574526,1.0,0.5992744025574526,0.0,0.0
337.71,1.0,0.5992744025574526,80.0,52.13687302249837,1.0,0.5992744025574526,1.0,0.5992744025574526,0.0,0.0
337.71,1.0,0.5992744025574526,79.0,52.736147425055826,1.0,0.5992744025574526,1.0,0.5992744025574526,0.0,0.0
337.06,1.0,0.5992744025574526,79.0,52.736147425055826,1.0,0.5992744025574526,1.0,0.5992744025574526,0.0,0.0
337.12335,1.0,0.5992744025574526,79.0,52.13687302249837,1.0,0.5992744025574526,1.0,0.5992744025574526,0.0,0.0
336.59167,1.0,0.5992744025574526,108.0,52.13687302249837,1.0,0.5992744025574526,1.0,0.5992744025574526,0.0,0.0
336.995,1.0,0.5992744025574526,80.0,52.13687302249837,1.0,0.5992744025574526,1.0,0.5992744025574526,0.0,0.0
337.175,1.0,0.5992744025574526,79.0,52.13687302249837,1.0,0.5992744025574526,1.0,0.5992744025574526,0.0,0.0
335.99335,1.0,0.5992744025574526,79.0,52.13687302249837,1.0,0.5992744025574526,1.0,0.5992744025574526,0.0,0.0
337.12668,1.0,0.5992744025574526,78.0,52.13687302249837,1.0,0.5992744025574526,1.0,0.5992744025574526,0.0,0.0
337.225,1.0,0.5992744025574526,78.0,52.13687302249837,1.0,0.5992744025574526,1.0,0.5992744025574526,0.0,0.0
337.73834,1.0,0.5992744025574526,78.0,52.13687302249837,1.0,0.5992744025574526,1.0,0.5992744025574526,0.0,0.0
337.27,1.0,0.5992744025574526,78.0,51.53759861994092,1.0,0.5992744025574526,1.0,0.5992744025574526,0.0,0.0
337.32,1.0,0.5992744025574526,78.0,52.13687302249837,1.0,0.5992744025574526,1.0,0.5992744025574526,0.0,0.0
337.81665,1.0,0.5992744025574526,78.0,52.13687302249837,1.0,0.5992744025574526,1.0,0.5992744025574526,0.0,0.0
323.72,1.0,0.5996107451138415,88.0,56.3634100407011,1.0,0.5996107451138415,1.0,0.5996107451138415,0.0,0.0
323.43332,1.0,0.5996107451138415,88.0,56.3634100407011,1.0,0.5996107451138415,1.0,0.5996107451138415,0.0,0.0
359.13333,1.0,0.5996107451138415,83.0,55.76379929558726,1.0,0.5996107451138415,1.0,0.5996107451138415,0.0,0.0
368.83832,1.0,0.5996107451138415,83.0,55.76379929558726,1.0,0.5996107451138415,1.0,0.5996107451138415,0.0,0.0
368.51334,1.0,0.5996107451138415,83.0,56.3634100407011,1.0,0.5996107451138415,1.0,0.5996107451138415,0.0,0.0
368.015,1.0,0.5996107451138415,83.0,55.76379929558726,1.0,0.5996107451138415,1.0,0.5996107451138415,0.0,0.0
367.49,1.0,0.5996107451138415,83.0,55.76379929558726,1.0,0.5996107451138415,1.0,0.5996107451138415,0.0,0.0
372.99335,1.0,0.5996107451138415,82.0,55.16418855047342,1.0,0.5996107451138415,1.0,0.5996107451138415,0.0,0.0
366.72168,1.0,0.5996107451138415,82.0,55.76379929558726,1.0,0.5996107451138415,1.0,0.5996107451138415,0.0,0.0
325.525,1.0,0.5996107451138415,82.0,55.76379929558726,1.0,0.5996107451138415,1.0,0.5996107451138415,0.0,0.0
338.76666,1.0,0.5996107451138415,82.0,55.16418855047342,1.0,0.5996107451138415,1.0,0.5996107451138415,0.0,0.0
340.625,1.0,0.5996107451138415,81.0,55.16418855047342,1.0,0.5996107451138415,1.0,0.5996107451138415,0.0,0.0
341.34833,1.0,0.5996107451138415,81.0,55.16418855047342,1.0,0.5996107451138415,1.0,0.5996107451138415,0.0,0.0
342.02667,1.0,0.5996107451138415,82.0,55.16418855047342,1.0,0.5996107451138415,1.0,0.5996107451138415,0.0,0.0
381.98666,1.0,0.5996107451138415,82.0,55.16418855047342,1.0,0.5996107451138415,1.0,0.5996107451138415,0.0,0.0
559.365,1.0,0.5996107451138415,99.0,54.564577805359576,1.0,0.5996107451138415,1.0,0.5996107451138415,0.0,0.0
541.02,1.0,0.5996107451138415,99.0,64.75796047229488,1.0,0.5996107451138415,1.0,0.5996107451138415,0.0,0.0
488.41666,1.0,0.5996107451138415,81.0,64.75796047229488,1.0,0.5996107451138415,1.0,0.5996107451138415,0.0,0.0
339.91,1.0,0.5996107451138415,81.0,64.75796047229488,1.0,0.5996107451138415,1.0,0.5996107451138415,0.0,0.0
340.47833,1.0,0.5996107451138415,81.0,54.564577805359576,1.0,0.5996107451138415,1.0,0.5996107451138415,0.0,0.0
340.79666,1.0,0.5996107451138415,81.0,54.564577805359576,1.0,0.5996107451138415,1.0,0.5996107451138415,0.0,0.0
341.37,1.0,0.5996107451138415,81.0,54.564577805359576,1.0,0.5996107451138415,1.0,0.5996107451138415,0.0,0.0
341.42166,1.0,0.5996107451138415,80.0,53.96496706024573,1.0,0.5996107451138415,1.0,0.5996107451138415,0.0,0.0
342.06833,1.0,0.5996107451138415,81.0,53.96496706024573,1.0,0.5996107451138415,1.0,0.5996107451138415,0.0,0.0
341.5,1.0,0.5996107451138415,81.0,54.564577805359576,1.0,0.5996107451138415,1.0,0.5996107451138415,0.0,0.0
341.60666,1.0,0.5996107451138415,81.0,53.96496706024573,1.0,0.5996107451138415,1.0,0.5996107451138415,0.0,0.0
341.71832,1.0,0.5996107451138415,81.0,53.36535631513189,1.0,0.5996107451138415,1.0,0.5996107451138415,0.0,0.0
341.29166,1.0,0.5996107451138415,82.0,53.36535631513189,1.0,0.5996107451138415,1.0,0.5996107451138415,0.0,0.0
341.13666,1.0,0.5996107451138415,81.0,53.96496706024573,1.0,0.5996107451138415,1.0,0.5996107451138415,0.0,0.0
341.15,1.0,0.5996107451138415,81.0,53.36535631513189,1.0,0.5996107451138415,1.0,0.5996107451138415,0.0,0.0
340.89,1.0,0.5996107451138415,81.0,53.36535631513189,1.0,0.5996107451138415,1.0,0.5996107451138415,0.0,0.0
341.30167,1.0,0.5996107451138415,81.0,53.36535631513189,1.0,0.5996107451138415,1.0,0.5996107451138415,0.0,0.0
340.785,1.0,0.5996107451138415,81.0,52.765745570018055,1.0,0.5996107451138415,1.0,0.5996107451138415,0.0,0.0
341.08334,1.0,0.5996107451138415,81.0,53.36535631513189,1.0,0.5996107451138415,1.0,0.5996107451138415,0.0,0.0
340.99835,1.0,0.5996107451138415,81.0,53.36535631513189,1.0,0.5996107451138415,1.0,0.5996107451138415,0.0,0.0
340.98666,1.0,0.5996107451138415,80.0,52.765745570018055,1.0,0.5996107451138415,1.0,0.5996107451138415,0.0,0.0
341.52167,1.0,0.5996107451138415,80.0,52.765745570018055,1.0,0.5996107451138415,1.0,0.5996107451138415,0.0,0.0
341.13333,1.0,0.5996107451138415,81.0,53.36535631513189,1.0,0.5996107451138415,1.0,0.5996107451138415,0.0,0.0
340.92334,1.0,0.5996107451138415,80.0,52.765745570018055,1.0,0.5996107451138415,1.0,0.5996107451138415,0.0,0.0
339.075,1.0,0.5996107451138415,80.0,52.765745570018055,1.0,0.5996107451138415,1.0,0.5996107451138415,0.0,0.0
338.175,1.0,0.5996107451138415,80.0,52.765745570018055,1.0,0.5996107451138415,1.0,0.5996107451138415,0.0,0.0
338.54666,1.0,0.5996107451138415,80.0,52.765745570018055,1.0,0.5996107451138415,1.0,0.5996107451138415,0.0,0.0
338.04333,1.0,0.5996107451138415,80.0,52.765745570018055,1.0,0.5996107451138415,1.0,0.5996107451138415,0.0,0.0
338.334,1.0,0.5996107451138415,79.0,52.765745570018055,1.0,0.5996107451138415,1.0,0.5996107451138415,0.0,0.0
338.25668,1.0,0.5996107451138415,79.0,52.765745570018055,1.0,0.5996107451138415,1.0,0.5996107451138415,0.0,0.0
337.71,1.0,0.5996107451138415,80.0,52.16613482490421,1.0,0.5996107451138415,1.0,0.5996107451138415,0.0,0.0
337.71,1.0,0.5996107451138415,79.0,52.765745570018055,1.0,0.5996107451138415,1.0,0.5996107451138415,0.0,0.0
337.06,1.0,0.5996107451138415,79.0,52.765745570018055,1.0,0.5996107451138415,1.0,0.5996107451138415,0.0,0.0
337.12335,1.0,0.5996107451138415,79.0,52.16613482490421,1.0,0.5996107451138415,1.0,0.5996107451138415,0.0,0.0
336.59167,1.0,0.5996107451138415,108.0,52.16613482490421,1.0,0.5996107451138415,1.0,0.5996107451138415,0.0,0.0
336.995,1.0,0.5996107451138415,80.0,52.16613482490421,1.0,0.5996107451138415,1.0,0.5996107451138415,0.0,0.0
337.175,1.0,0.5996107451138415,79.0,52.16613482490421,1.0,0.5996107451138415,1.0,0.5996107451138415,0.0,0.0
335.99335,1.0,0.5996107451138415,79.0,52.16613482490421,1.0,0.5996107451138415,1.0,0.5996107451138415,0.0,0.0
337.12668,1.0,0.5996107451138415,78.0,52.16613482490421,1.0,0.5996107451138415,1.0,0.5996107451138415,0.0,0.0
337.225,1.0,0.5996107451138415,78.0,52.16613482490421,1.0,0.5996107451138415,1.0,0.5996107451138415,0.0,0.0
337.73834,1.0,0.5996107451138415,78.0,52.16613482490421,1.0,0.5996107451138415,1.0,0.5996107451138415,0.0,0.0
337.27,1.0,0.5996107451138415,78.0,51.56652407979037,1.0,0.5996107451138415,1.0,0.5996107451138415,0.0,0.0
337.32,1.0,0.5996107451138415,78.0,52.16613482490421,1.0,0.5996107451138415,1.0,0.5996107451138415,0.0,0.0
337.81665,1.0,0.5996107451138415,78.0,52.16613482490421,1.0,0.5996107451138415,1.0,0.5996107451138415,0.0,0.0
337.895,1.0,0.5996107451138415,78.0,52.16613482490421,1.0,0.5996107451138415,1.0,0.5996107451138415,0.0,0.0
323.43332,1.0,0.5997753626492472,88.0,56.37888408902924,1.0,0.5997753626492472,1.0,0.5997753626492472,0.0,0.0
359.13333,1.0,0.5997753626492472,83.0,55.779108726379995,1.0,0.5997753626492472,1.0,0.5997753626492472,0.0,0.0
368.83832,1.0,0.5997753626492472,83.0,55.779108726379995,1.0,0.5997753626492472,1.0,0.5997753626492472,0.0,0.0
368.51334,1.0,0.5997753626492472,83.0,56.37888408902924,1.0,0.5997753626492472,1.0,0.5997753626492472,0.0,0.0
368.015,1.0,0.5997753626492472,83.0,55.779108726379995,1.0,0.5997753626492472,1.0,0.5997753626492472,0.0,0.0
367.49,1.0,0.5997753626492472,83.0,55.779108726379995,1.0,0.5997753626492472,1.0,0.5997753626492472,0.0,0.0
372.99335,1.0,0.5997753626492472,82.0,55.17933336373075,1.0,0.5997753626492472,1.0,0.5997753626492472,0.0,0.0
366.72168,1.0,0.5997753626492472,82.0,55.779108726379995,1.0,0.5997753626492472,1.0,0.5997753626492472,0.0,0.0
325.525,1.0,0.5997753626492472,82.0,55.779108726379995,1.0,0.5997753626492472,1.0,0.5997753626492472,0.0,0.0
338.76666,1.0,0.5997753626492472,82.0,55.17933336373075,1.0,0.5997753626492472,1.0,0.5997753626492472,0.0,0.0
340.625,1.0,0.5997753626492472,81.0,55.17933336373075,1.0,0.5997753626492472,1.0,0.5997753626492472,0.0,0.0
341.34833,1.0,0.5997753626492472,81.0,55.17933336373075,1.0,0.5997753626492472,1.0,0.5997753626492472,0.0,0.0
342.02667,1.0,0.5997753626492472,82.0,55.17933336373075,1.0,0.5997753626492472,1.0,0.5997753626492472,0.0,0.0
381.98666,1.0,0.5997753626492472,82.0,55.17933336373075,1.0,0.5997753626492472,1.0,0.5997753626492472,0.0,0.0
559.365,1.0,0.5997753626492472,99.0,54.5795580010815,1.0,0.5997753626492472,1.0,0.5997753626492472,0.0,0.0
541.02,1.0,0.5997753626492472,99.0,64.7757391661187,1.0,0.5997753626492472,1.0,0.5997753626492472,0.0,0.0
488.41666,1.0,0.5997753626492472,81.0,64.7757391661187,1.0,0.5997753626492472,1.0,0.5997753626492472,0.0,0.0
339.91,1.0,0.5997753626492472,81.0,64.7757391661187,1.0,0.5997753626492472,1.0,0.5997753626492472,0.0,0.0
340.47833,1.0,0.5997753626492472,81.0,54.5795580010815,1.0,0.5997753626492472,1.0,0.5997753626492472,0.0,0.0
340.79666,1.0,0.5997753626492472,81.0,54.5795580010815,1.0,0.5997753626492472,1.0,0.5997753626492472,0.0,0.0
341.37,1.0,0.5997753626492472,81.0,54.5795580010815,1.0,0.5997753626492472,1.0,0.5997753626492472,0.0,0.0
341.42166,1.0,0.5997753626492472,80.0,53.979782638432255,1.0,0.5997753626492472,1.0,0.5997753626492472,0.0,0.0
342.06833,1.0,0.5997753626492472,81.0,53.979782638432255,1.0,0.5997753626492472,1.0,0.5997753626492472,0.0,0.0
341.5,1.0,0.5997753626492472,81.0,54.5795580010815,1.0,0.5997753626492472,1.0,0.5997753626492472,0.0,0.0
341.60666,1.0,0.5997753626492472,81.0,53.979782638432255,1.0,0.5997753626492472,1.0,0.5997753626492472,0.0,0.0
341.71832,1.0,0.5997753626492472,81.0,53.38000727578301,1.0,0.5997753626492472,1.0,0.5997753626492472,0.0,0.0
341.29166,1.0,0.5997753626492472,82.0,53.38000727578301,1.0,0.5997753626492472,1.0,0.5997753626492472,0.0,0.0
341.13666,1.0,0.5997753626492472,81.0,53.979782638432255,1.0,0.5997753626492472,1.0,0.5997753626492472,0.0,0.0
341.15,1.0,0.5997753626492472,81.0,53.38000727578301,1.0,0.5997753626492472,1.0,0.5997753626492472,0.0,0.0
340.89,1.0,0.5997753626492472,81.0,53.38000727578301,1.0,0.5997753626492472,1.0,0.5997753626492472,0.0,0.0
341.30167,1.0,0.5997753626492472,81.0,53.38000727578301,1.0,0.5997753626492472,1.0,0.5997753626492472,0.0,0.0
340.785,1.0,0.5997753626492472,81.0,52.78023191313376,1.0,0.5997753626492472,1.0,0.5997753626492472,0.0,0.0
341.08334,1.0,0.5997753626492472,81.0,53.38000727578301,1.0,0.5997753626492472,1.0,0.5997753626492472,0.0,0.0
340.99835,1.0,0.5997753626492472,81.0,53.38000727578301,1.0,0.5997753626492472,1.0,0.5997753626492472,0.0,0.0
340.98666,1.0,0.5997753626492472,80.0,52.78023191313376,1.0,0.5997753626492472,1.0,0.5997753626492472,0.0,0.0
341.52167,1.0,0.5997753626492472,80.0,52.78023191313376,1.0,0.5997753626492472,1.0,0.5997753626492472,0.0,0.0
341.13333,1.0,0.5997753626492472,81.0,53.38000727578301,1.0,0.5997753626492472,1.0,0.5997753626492472,0.0,0.0
340.92334,1.0,0.5997753626492472,80.0,52.78023191313376,1.0,0.5997753626492472,1.0,0.5997753626492472,0.0,0.0
339.075,1.0,0.5997753626492472,80.0,52.78023191313376,1.0,0.5997753626492472,1.0,0.5997753626492472,0.0,0.0
338.175,1.0,0.5997753626492472,80.0,52.78023191313376,1.0,0.5997753626492472,1.0,0.5997753626492472,0.0,0.0
338.54666,1.0,0.5997753626492472,80.0,52.78023191313376,1.0,0.5997753626492472,1.0,0.5997753626492472,0.0,0.0
338.04333,1.0,0.5997753626492472,80.0,52.78023191313376,1.0,0.5997753626492472,1.0,0.5997753626492472,0.0,0.0
338.334,1.0,0.5997753626492472,79.0,52.78023191313376,1.0,0.5997753626492472,1.0,0.5997753626492472,0.0,0.0
338.25668,1.0,0.5997753626492472,79.0,52.78023191313376,1.0,0.5997753626492472,1.0,0.5997753626492472,0.0,0.0
337.71,1.0,0.5997753626492472,80.0,52.18045655048451,1.0,0.5997753626492472,1.0,0.5997753626492472,0.0,0.0
337.71,1.0,0.5997753626492472,79.0,52.78023191313376,1.0,0.5997753626492472,1.0,0.5997753626492472,0.0,0.0
337.06,1.0,0.5997753626492472,79.0,52.78023191313376,1.0,0.5997753626492472,1.0,0.5997753626492472,0.0,0.0
337.12335,1.0,0.5997753626492472,79.0,52.18045655048451,1.0,0.5997753626492472,1.0,0.5997753626492472,0.0,0.0
336.59167,1.0,0.5997753626492472,108.0,52.18045655048451,1.0,0.5997753626492472,1.0,0.5997753626492472,0.0,0.0
336.995,1.0,0.5997753626492472,80.0,52.18045655048451,1.0,0.5997753626492472,1.0,0.5997753626492472,0.0,0.0
337.175,1.0,0.5997753626492472,79.0,52.18045655048451,1.0,0.5997753626492472,1.0,0.5997753626492472,0.0,0.0
335.99335,1.0,0.5997753626492472,79.0,52.18045655048451,1.0,0.5997753626492472,1.0,0.5997753626492472,0.0,0.0
337.12668,1.0,0.5997753626492472,78.0,52.18045655048451,1.0,0.5997753626492472,1.0,0.5997753626492472,0.0,0.0
337.225,1.0,0.5997753626492472,78.0,52.18045655048451,1.0,0.5997753626492472,1.0,0.5997753626492472,0.0,0.0
337.73834,1.0,0.5997753626492472,78.0,52.18045655048451,1.0,0.5997753626492472,1.0,0.5997753626492472,0.0,0.0
337.27,1.0,0.5997753626492472,78.0,51.58068118783526,1.0,0.5997753626492472,1.0,0.5997753626492472,0.0,0.0
337.32,1.0,0.5997753626492472,78.0,52.18045655048451,1.0,0.5997753626492472,1.0,0.5997753626492472,0.0,0.0
337.81665,1.0,0.5997753626492472,78.0,52.18045655048451,1.0,0.5997753626492472,1.0,0.5997753626492472,0.0,0.0
337.895,1.0,0.5997753626492472,78.0,52.18045655048451,1.0,0.5997753626492472,1.0,0.5997753626492472,0.0,0.0
338.30167,1.0,0.5997753626492472,78.0,51.58068118783526,1.0,0.5997753626492472,1.0,0.5997753626492472,0.0,0.0
359.13333,1.0,0.600220226781431,83.0,55.82048109067309,1.0,0.600220226781431,1.0,0.600220226781431,0.0,0.0
368.83832,1.0,0.600220226781431,83.0,55.82048109067309,1.0,0.600220226781431,1.0,0.600220226781431,0.0,0.0
368.51334,1.0,0.600220226781431,83.0,56.42070131745452,1.0,0.600220226781431,1.0,0.600220226781431,0.0,0.0
368.015,1.0,0.600220226781431,83.0,55.82048109067309,1.0,0.600220226781431,1.0,0.600220226781431,0.0,0.0
367.49,1.0,0.600220226781431,83.0,55.82048109067309,1.0,0.600220226781431,1.0,0.600220226781431,0.0,0.0
372.99335,1.0,0.600220226781431,82.0,55.22026086389166,1.0,0.600220226781431,1.0,0.600220226781431,0.0,0.0
366.72168,1.0,0.600220226781431,82.0,55.82048109067309,1.0,0.600220226781431,1.0,0.600220226781431,0.0,0.0
325.525,1.0,0.600220226781431,82.0,55.82048109067309,1.0,0.600220226781431,1.0,0.600220226781431,0.0,0.0
338.76666,1.0,0.600220226781431,82.0,55.22026086389166,1.0,0.600220226781431,1.0,0.600220226781431,0.0,0.0
340.625,1.0,0.600220226781431,81.0,55.22026086389166,1.0,0.600220226781431,1.0,0.600220226781431,0.0,0.0
341.34833,1.0,0.600220226781431,81.0,55.22026086389166,1.0,0.600220226781431,1.0,0.600220226781431,0.0,0.0
342.02667,1.0,0.600220226781431,82.0,55.22026086389166,1.0,0.600220226781431,1.0,0.600220226781431,0.0,0.0
381.98666,1.0,0.600220226781431,82.0,55.22026086389166,1.0,0.600220226781431,1.0,0.600220226781431,0.0,0.0
559.365,1.0,0.600220226781431,99.0,54.62004063711023,1.0,0.600220226781431,1.0,0.600220226781431,0.0,0.0
541.02,1.0,0.600220226781431,99.0,64.82378449239455,1.0,0.600220226781431,1.0,0.600220226781431,0.0,0.0
488.41666,1.0,0.600220226781431,81.0,64.82378449239455,1.0,0.600220226781431,1.0,0.600220226781431,0.0,0.0
339.91,1.0,0.600220226781431,81.0,64.82378449239455,1.0,0.600220226781431,1.0,0.600220226781431,0.0,0.0
340.47833,1.0,0.600220226781431,81.0,54.62004063711023,1.0,0.600220226781431,1.0,0.600220226781431,0.0,0.0
340.79666,1.0,0.600220226781431,81.0,54.62004063711023,1.0,0.600220226781431,1.0,0.600220226781431,0.0,0.0
341.37,1.0,0.600220226781431,81.0,54.62004063711023,1.0,0.600220226781431,1.0,0.600220226781431,0.0,0.0
341.42166,1.0,0.600220226781431,80.0,54.0198204103288,1.0,0.600220226781431,1.0,0.600220226781431,0.0,0.0
342.06833,1.0,0.600220226781431,81.0,54.0198204103288,1.0,0.600220226781431,1.0,0.600220226781431,0.0,0.0
341.5,1.0,0.600220226781431,81.0,54.62004063711023,1.0,0.600220226781431,1.0,0.600220226781431,0.0,0.0
341.60666,1.0,0.600220226781431,81.0,54.0198204103288,1.0,0.600220226781431,1.0,0.600220226781431,0.0,0.0
341.71832,1.0,0.600220226781431,81.0,53.41960018354737,1.0,0.600220226781431,1.0,0.600220226781431,0.0,0.0
341.29166,1.0,0.600220226781431,82.0,53.41960018354737,1.0,0.600220226781431,1.0,0.600220226781431,0.0,0.0
341.13666,1.0,0.600220226781431,81.0,54.0198204103288,1.0,0.600220226781431,1.0,0.600220226781431,0.0,0.0
341.15,1.0,0.600220226781431,81.0,53.41960018354737,1.0,0.600220226781431,1.0,0.600220226781431,0.0,0.0
340.89,1.0,0.600220226781431,81.0,53.41960018354737,1.0,0.600220226781431,1.0,0.600220226781431,0.0,0.0
341.30167,1.0,0.600220226781431,81.0,53.41960018354737,1.0,0.600220226781431,1.0,0.600220226781431,0.0,0.0
340.785,1.0,0.600220226781431,81.0,52.819379956765935,1.0,0.600220226781431,1.0,0.600220226781431,0.0,0.0
341.08334,1.0,0.600220226781431,81.0,53.41960018354737,1.0,0.600220226781431,1.0,0.600220226781431,0.0,0.0
340.99835,1.0,0.600220226781431,81.0,53.41960018354737,1.0,0.600220226781431,1.0,0.600220226781431,0.0,0.0
340.98666,1.0,0.600220226781431,80.0,52.819379956765935,1.0,0.600220226781431,1.0,0.600220226781431,0.0,0.0
341.52167,1.0,0.600220226781431,80.0,52.819379956765935,1.0,0.600220226781431,1.0,0.600220226781431,0.0,0.0
341.13333,1.0,0.600220226781431,81.0,53.41960018354737,1.0,0.600220226781431,1.0,0.600220226781431,0.0,0.0
340.92334,1.0,0.600220226781431,80.0,52.819379956765935,1.0,0.600220226781431,1.0,0.600220226781431,0.0,0.0
339.075,1.0,0.600220226781431,80.0,52.819379956765935,1.0,0.600220226781431,1.0,0.600220226781431,0.0,0.0
338.175,1.0,0.600220226781431,80.0,52.819379956765935,1.0,0.600220226781431,1.0,0.600220226781431,0.0,0.0
338.54666,1.0,0.600220226781431,80.0,52.819379956765935,1.0,0.600220226781431,1.0,0.600220226781431,0.0,0.0
338.04333,1.0,0.600220226781431,80.0,52.819379956765935,1.0,0.600220226781431,1.0,0.600220226781431,0.0,0.0
338.334,1.0,0.600220226781431,79.0,52.819379956765935,1.0,0.600220226781431,1.0,0.600220226781431,0.0,0.0
338.25668,1.0,0.600220226781431,79.0,52.819379956765935,1.0,0.600220226781431,1.0,0.600220226781431,0.0,0.0
337.71,1.0,0.600220226781431,80.0,52.219159729984504,1.0,0.600220226781431,1.0,0.600220226781431,0.0,0.0
337.71,1.0,0.600220226781431,79.0,52.819379956765935,1.0,0.600220226781431,1.0,0.600220226781431,0.0,0.0
337.06,1.0,0.600220226781431,79.0,52.819379956765935,1.0,0.600220226781431,1.0,0.600220226781431,0.0,0.0
337.12335,1.0,0.600220226781431,79.0,52.219159729984504,1.0,0.600220226781431,1.0,0.600220226781431,0.0,0.0
336.59167,1.0,0.600220226781431,108.0,52.219159729984504,1.0,0.600220226781431,1.0,0.600220226781431,0.0,0.0
336.995,1.0,0.600220226781431,80.0,52.219159729984504,1.0,0.600220226781431,1.0,0.600220226781431,0.0,0.0
337.175,1.0,0.600220226781431,79.0,52.219159729984504,1.0,0.600220226781431,1.0,0.600220226781431,0.0,0.0
335.99335,1.0,0.600220226781431,79.0,52.219159729984504,1.0,0.600220226781431,1.0,0.600220226781431,0.0,0.0
337.12668,1.0,0.600220226781431,78.0,52.219159729984504,1.0,0.600220226781431,1.0,0.600220226781431,0.0,0.0
337.225,1.0,0.600220226781431,78.0,52.219159729984504,1.0,0.600220226781431,1.0,0.600220226781431,0.0,0.0
337.73834,1.0,0.600220226781431,78.0,52.219159729984504,1.0,0.600220226781431,1.0,0.600220226781431,0.0,0.0
337.27,1.0,0.600220226781431,78.0,51.61893950320307,1.0,0.600220226781431,1.0,0.600220226781431,0.0,0.0
337.32,1.0,0.600220226781431,78.0,52.219159729984504,1.0,0.600220226781431,1.0,0.600220226781431,0.0,0.0
337.81665,1.0,0.600220226781431,78.0,52.219159729984504,1.0,0.600220226781431,1.0,0.600220226781431,0.0,0.0
337.895,1.0,0.600220226781431,78.0,52.219159729984504,1.0,0.600220226781431,1.0,0.600220226781431,0.0,0.0
338.30167,1.0,0.600220226781431,78.0,51.61893950320307,1.0,0.600220226781431,1.0,0.600220226781431,0.0,0.0
337.73834,1.0,0.600220226781431,78.0,52.219159729984504,1.0,0.600220226781431,1.0,0.600220226781431,0.0,0.0
368.83832,1.0,0.599513315929489,83.0,55.75473838144247,1.0,0.599513315929489,1.0,0.599513315929489,0.0,0.0
368.51334,1.0,0.599513315929489,83.0,56.354251697371964,1.0,0.599513315929489,1.0,0.599513315929489,0.0,0.0
368.015,1.0,0.599513315929489,83.0,55.75473838144247,1.0,0.599513315929489,1.0,0.599513315929489,0.0,0.0
367.49,1.0,0.599513315929489,83.0,55.75473838144247,1.0,0.599513315929489,1.0,0.599513315929489,0.0,0.0
372.99335,1.0,0.599513315929489,82.0,55.15522506551299,1.0,0.599513315929489,1.0,0.599513315929489,0.0,0.0
366.72168,1.0,0.599513315929489,82.0,55.75473838144247,1.0,0.599513315929489,1.0,0.599513315929489,0.0,0.0
325.525,1.0,0.599513315929489,82.0,55.75473838144247,1.0,0.599513315929489,1.0,0.599513315929489,0.0,0.0
338.76666,1.0,0.599513315929489,82.0,55.15522506551299,1.0,0.599513315929489,1.0,0.599513315929489,0.0,0.0
340.625,1.0,0.599513315929489,81.0,55.15522506551299,1.0,0.599513315929489,1.0,0.599513315929489,0.0,0.0
341.34833,1.0,0.599513315929489,81.0,55.15522506551299,1.0,0.599513315929489,1.0,0.599513315929489,0.0,0.0
342.02667,1.0,0.599513315929489,82.0,55.15522506551299,1.0,0.599513315929489,1.0,0.599513315929489,0.0,0.0
381.98666,1.0,0.599513315929489,82.0,55.15522506551299,1.0,0.599513315929489,1.0,0.599513315929489,0.0,0.0
559.365,1.0,0.599513315929489,99.0,54.555711749583494,1.0,0.599513315929489,1.0,0.599513315929489,0.0,0.0
541.02,1.0,0.599513315929489,99.0,64.74743812038481,1.0,0.599513315929489,1.0,0.599513315929489,0.0,0.0
488.41666,1.0,0.599513315929489,81.0,64.74743812038481,1.0,0.599513315929489,1.0,0.599513315929489,0.0,0.0
339.91,1.0,0.599513315929489,81.0,64.74743812038481,1.0,0.599513315929489,1.0,0.599513315929489,0.0,0.0
340.47833,1.0,0.599513315929489,81.0,54.555711749583494,1.0,0.599513315929489,1.0,0.599513315929489,0.0,0.0
340.79666,1.0,0.599513315929489,81.0,54.555711749583494,1.0,0.599513315929489,1.0,0.599513315929489,0.0,0.0
341.37,1.0,0.599513315929489,81.0,54.555711749583494,1.0,0.599513315929489,1.0,0.599513315929489,0.0,0.0
341.42166,1.0,0.599513315929489,80.0,53.95619843365401,1.0,0.599513315929489,1.0,0.599513315929489,0.0,0.0
342.06833,1.0,0.599513315929489,81.0,53.95619843365401,1.0,0.599513315929489,1.0,0.599513315929489,0.0,0.0
341.5,1.0,0.599513315929489,81.0,54.555711749583494,1.0,0.599513315929489,1.0,0.599513315929489,0.0,0.0
341.60666,1.0,0.599513315929489,81.0,53.95619843365401,1.0,0.599513315929489,1.0,0.599513315929489,0.0,0.0
341.71832,1.0,0.599513315929489,81.0,53.35668511772452,1.0,0.599513315929489,1.0,0.599513315929489,0.0,0.0
341.29166,1.0,0.599513315929489,82.0,53.35668511772452,1.0,0.599513315929489,1.0,0.599513315929489,0.0,0.0
341.13666,1.0,0.599513315929489,81.0,53.95619843365401,1.0,0.599513315929489,1.0,0.599513315929489,0.0,0.0
341.15,1.0,0.599513315929489,81.0,53.35668511772452,1.0,0.599513315929489,1.0,0.599513315929489,0.0,0.0
340.89,1.0,0.599513315929489,81.0,53.35668511772452,1.0,0.599513315929489,1.0,0.599513315929489,0.0,0.0
341.30167,1.0,0.599513315929489,81.0,53.35668511772452,1.0,0.599513315929489,1.0,0.599513315929489,0.0,0.0
340.785,1.0,0.599513315929489,81.0,52.75717180179503,1.0,0.599513315929489,1.0,0.599513315929489,0.0,0.0
341.08334,1.0,0.599513315929489,81.0,53.35668511772452,1.0,0.599513315929489,1.0,0.599513315929489,0.0,0.0
340.99835,1.0,0.599513315929489,81.0,53.35668511772452,1.0,0.599513315929489,1.0,0.599513315929489,0.0,0.0
340.98666,1.0,0.599513315929489,80.0,52.75717180179503,1.0,0.599513315929489,1.0,0.599513315929489,0.0,0.0
341.52167,1.0,0.599513315929489,80.0,52.75717180179503,1.0,0.599513315929489,1.0,0.599513315929489,0.0,0.0
341.13333,1.0,0.599513315929489,81.0,53.35668511772452,1.0,0.599513315929489,1.0,0.599513315929489,0.0,0.0
340.92334,1.0,0.599513315929489,80.0,52.75717180179503,1.0,0.599513315929489,1.0,0.599513315929489,0.0,0.0
339.075,1.0,0.599513315929489,80.0,52.75717180179503,1.0,0.599513315929489,1.0,0.599513315929489,0.0,0.0
338.175,1.0,0.599513315929489,80.0,52.75717180179503,1.0,0.599513315929489,1.0,0.599513315929489,0.0,0.0
338.54666,1.0,0.599513315929489,80.0,52.75717180179503,1.0,0.599513315929489,1.0,0.599513315929489,0.0,0.0
338.04333,1.0,0.599513315929489,80.0,52.75717180179503,1.0,0.599513315929489,1.0,0.599513315929489,0.0,0.0
338.334,1.0,0.599513315929489,79.0,52.75717180179503,1.0,0.599513315929489,1.0,0.599513315929489,0.0,0.0
338.25668,1.0,0.599513315929489,79.0,52.75717180179503,1.0,0.599513315929489,1.0,0.599513315929489,0.0,0.0
337.71,1.0,0.599513315929489,80.0,52.15765848586554,1.0,0.599513315929489,1.0,0.599513315929489,0.0,0.0
337.71,1.0,0.599513315929489,79.0,52.75717180179503,1.0,0.599513315929489,1.0,0.599513315929489,0.0,0.0
337.06,1.0,0.599513315929489,79.0,52.75717180179503,1.0,0.599513315929489,1.0,0.599513315929489,0.0,0.0
337.12335,1.0,0.599513315929489,79.0,52.15765848586554,1.0,0.599513315929489,1.0,0.599513315929489,0.0,0.0
336.59167,1.0,0.599513315929489,108.0,52.15765848586554,1.0,0.599513315929489,1.0,0.599513315929489,0.0,0.0
336.995,1.0,0.599513315929489,80.0,52.15765848586554,1.0,0.599513315929489,1.0,0.599513315929489,0.0,0.0
337.175,1.0,0.599513315929489,79.0,52.15765848586554,1.0,0.599513315929489,1.0,0.599513315929489,0.0,0.0
335.99335,1.0,0.599513315929489,79.0,52.15765848586554,1.0,0.599513315929489,1.0,0.599513315929489,0.0,0.0
337.12668,1.0,0.599513315929489,78.0,52.15765848586554,1.0,0.599513315929489,1.0,0.599513315929489,0.0,0.0
337.225,1.0,0.599513315929489,78.0,52.15765848586554,1.0,0.599513315929489,1.0,0.599513315929489,0.0,0.0
337.73834,1.0,0.599513315929489,78.0,52.15765848586554,1.0,0.599513315929489,1.0,0.599513315929489,0.0,0.0
337.27,1.0,0.599513315929489,78.0,51.558145169936054,1.0,0.599513315929489,1.0,0.599513315929489,0.0,0.0
337.32,1.0,0.599513315929489,78.0,52.15765848586554,1.0,0.599513315929489,1.0,0.599513315929489,0.0,0.0
337.81665,1.0,0.599513315929489,78.0,52.15765848586554,1.0,0.599513315929489,1.0,0.599513315929489,0.0,0.0
337.895,1.0,0.599513315929489,78.0,52.15765848586554,1.0,0.599513315929489,1.0,0.599513315929489,0.0,0.0
338.30167,1.0,0.599513315929489,78.0,51.558145169936054,1.0,0.599513315929489,1.0,0.599513315929489,0.0,0.0
337.73834,1.0,0.599513315929489,78.0,52.15765848586554,1.0,0.599513315929489,1.0,0.599513315929489,0.0,0.0
338.06833,1.0,0.599513315929489,78.0,51.558145169936054,1.0,0.599513315929489,1.0,0.599513315929489,0.0,0.0
368.51334,1.0,0.5987025421962267,83.0,56.27803896644531,1.0,0.5987025421962267,1.0,0.5987025421962267,0.0,0.0
368.015,1.0,0.5987025421962267,83.0,55.67933642424908,1.0,0.5987025421962267,1.0,0.5987025421962267,0.0,0.0
367.49,1.0,0.5987025421962267,83.0,55.67933642424908,1.0,0.5987025421962267,1.0,0.5987025421962267,0.0,0.0
372.99335,1.0,0.5987025421962267,82.0,55.08063388205285,1.0,0.5987025421962267,1.0,0.5987025421962267,0.0,0.0
366.72168,1.0,0.5987025421962267,82.0,55.67933642424908,1.0,0.5987025421962267,1.0,0.5987025421962267,0.0,0.0
325.525,1.0,0.5987025421962267,82.0,55.67933642424908,1.0,0.5987025421962267,1.0,0.5987025421962267,0.0,0.0
338.76666,1.0,0.5987025421962267,82.0,55.08063388205285,1.0,0.5987025421962267,1.0,0.5987025421962267,0.0,0.0
340.625,1.0,0.5987025421962267,81.0,55.08063388205285,1.0,0.5987025421962267,1.0,0.5987025421962267,0.0,0.0
341.34833,1.0,0.5987025421962267,81.0,55.08063388205285,1.0,0.5987025421962267,1.0,0.5987025421962267,0.0,0.0
342.02667,1.0,0.5987025421962267,82.0,55.08063388205285,1.0,0.5987025421962267,1.0,0.5987025421962267,0.0,0.0
381.98666,1.0,0.5987025421962267,82.0,55.08063388205285,1.0,0.5987025421962267,1.0,0.5987025421962267,0.0,0.0
559.365,1.0,0.5987025421962267,99.0,54.48193133985662,1.0,0.5987025421962267,1.0,0.5987025421962267,0.0,0.0
541.02,1.0,0.5987025421962267,99.0,64.65987455719248,1.0,0.5987025421962267,1.0,0.5987025421962267,0.0,0.0
488.41666,1.0,0.5987025421962267,81.0,64.65987455719248,1.0,0.5987025421962267,1.0,0.5987025421962267,0.0,0.0
339.91,1.0,0.5987025421962267,81.0,64.65987455719248,1.0,0.5987025421962267,1.0,0.5987025421962267,0.0,0.0
340.47833,1.0,0.5987025421962267,81.0,54.48193133985662,1.0,0.5987025421962267,1.0,0.5987025421962267,0.0,0.0
340.79666,1.0,0.5987025421962267,81.0,54.48193133985662,1.0,0.5987025421962267,1.0,0.5987025421962267,0.0,0.0
341.37,1.0,0.5987025421962267,81.0,54.48193133985662,1.0,0.5987025421962267,1.0,0.5987025421962267,0.0,0.0
341.42166,1.0,0.5987025421962267,80.0,53.8832287976604,1.0,0.5987025421962267,1.0,0.5987025421962267,0.0,0.0
342.06833,1.0,0.5987025421962267,81.0,53.8832287976604,1.0,0.5987025421962267,1.0,0.5987025421962267,0.0,0.0
341.5,1.0,0.5987025421962267,81.0,54.48193133985662,1.0,0.5987025421962267,1.0,0.5987025421962267,0.0,0.0
341.60666,1.0,0.5987025421962267,81.0,53.8832287976604,1.0,0.5987025421962267,1.0,0.5987025421962267,0.0,0.0
341.71832,1.0,0.5987025421962267,81.0,53.28452625546417,1.0,0.5987025421962267,1.0,0.5987025421962267,0.0,0.0
341.29166,1.0,0.5987025421962267,82.0,53.28452625546417,1.0,0.5987025421962267,1.0,0.5987025421962267,0.0,0.0
341.13666,1.0,0.5987025421962267,81.0,53.8832287976604,1.0,0.5987025421962267,1.0,0.5987025421962267,0.0,0.0
341.15,1.0,0.5987025421962267,81.0,53.28452625546417,1.0,0.5987025421962267,1.0,0.5987025421962267,0.0,0.0
340.89,1.0,0.5987025421962267,81.0,53.28452625546417,1.0,0.5987025421962267,1.0,0.5987025421962267,0.0,0.0
341.30167,1.0,0.5987025421962267,81.0,53.28452625546417,1.0,0.5987025421962267,1.0,0.5987025421962267,0.0,0.0
340.785,1.0,0.5987025421962267,81.0,52.68582371326794,1.0,0.5987025421962267,1.0,0.5987025421962267,0.0,0.0
341.08334,1.0,0.5987025421962267,81.0,53.28452625546417,1.0,0.5987025421962267,1.0,0.5987025421962267,0.0,0.0
340.99835,1.0,0.5987025421962267,81.0,53.28452625546417,1.0,0.5987025421962267,1.0,0.5987025421962267,0.0,0.0
340.98666,1.0,0.5987025421962267,80.0,52.68582371326794,1.0,0.5987025421962267,1.0,0.5987025421962267,0.0,0.0
341.52167,1.0,0.5987025421962267,80.0,52.68582371326794,1.0,0.5987025421962267,1.0,0.5987025421962267,0.0,0.0
341.13333,1.0,0.5987025421962267,81.0,53.28452625546417,1.0,0.5987025421962267,1.0,0.5987025421962267,0.0,0.0
340.92334,1.0,0.5987025421962267,80.0,52.68582371326794,1.0,0.5987025421962267,1.0,0.5987025421962267,0.0,0.0
339.075,1.0,0.5987025421962267,80.0,52.68582371326794,1.0,0.5987025421962267,1.0,0.5987025421962267,0.0,0.0
338.175,1.0,0.5987025421962267,80.0,52.68582371326794,1.0,0.5987025421962267,1.0,0.5987025421962267,0.0,0.0
338.54666,1.0,0.5987025421962267,80.0,52.68582371326794,1.0,0.5987025421962267,1.0,0.5987025421962267,0.0,0.0
338.04333,1.0,0.5987025421962267,80.0,52.68582371326794,1.0,0.5987025421962267,1.0,0.5987025421962267,0.0,0.0
338.334,1.0,0.5987025421962267,79.0,52.68582371326794,1.0,0.5987025421962267,1.0,0.5987025421962267,0.0,0.0
338.25668,1.0,0.5987025421962267,79.0,52.68582371326794,1.0,0.5987025421962267,1.0,0.5987025421962267,0.0,0.0
337.71,1.0,0.5987025421962267,80.0,52.08712117107172,1.0,0.5987025421962267,1.0,0.5987025421962267,0.0,0.0
337.71,1.0,0.5987025421962267,79.0,52.68582371326794,1.0,0.5987025421962267,1.0,0.5987025421962267,0.0,0.0
337.06,1.0,0.5987025421962267,79.0,52.68582371326794,1.0,0.5987025421962267,1.0,0.5987025421962267,0.0,0.0
337.12335,1.0,0.5987025421962267,79.0,52.08712117107172,1.0,0.5987025421962267,1.0,0.5987025421962267,0.0,0.0
336.59167,1.0,0.5987025421962267,108.0,52.08712117107172,1.0,0.5987025421962267,1.0,0.5987025421962267,0.0,0.0
336.995,1.0,0.5987025421962267,80.0,52.08712117107172,1.0,0.5987025421962267,1.0,0.5987025421962267,0.0,0.0
337.175,1.0,0.5987025421962267,79.0,52.08712117107172,1.0,0.5987025421962267,1.0,0.5987025421962267,0.0,0.0
335.99335,1.0,0.5987025421962267,79.0,52.08712117107172,1.0,0.5987025421962267,1.0,0.5987025421962267,0.0,0.0
337.12668,1.0,0.5987025421962267,78.0,52.08712117107172,1.0,0.5987025421962267,1.0,0.5987025421962267,0.0,0.0
337.225,1.0,0.5987025421962267,78.0,52.08712117107172,1.0,0.5987025421962267,1.0,0.5987025421962267,0.0,0.0
337.73834,1.0,0.5987025421962267,78.0,52.08712117107172,1.0,0.5987025421962267,1.0,0.5987025421962267,0.0,0.0
337.27,1.0,0.5987025421962267,78.0,51.48841862887549,1.0,0.5987025421962267,1.0,0.5987025421962267,0.0,0.0
337.32,1.0,0.5987025421962267,78.0,52.08712117107172,1.0,0.5987025421962267,1.0,0.5987025421962267,0.0,0.0
337.81665,1.0,0.5987025421962267,78.0,52.08712117107172,1.0,0.5987025421962267,1.0,0.5987025421962267,0.0,0.0
337.895,1.0,0.5987025421962267,78.0,52.08712117107172,1.0,0.5987025421962267,1.0,0.5987025421962267,0.0,0.0
338.30167,1.0,0.5987025421962267,78.0,51.48841862887549,1.0,0.5987025421962267,1.0,0.5987025421962267,0.0,0.0
337.73834,1.0,0.5987025421962267,78.0,52.08712117107172,1.0,0.5987025421962267,1.0,0.5987025421962267,0.0,0.0
338.06833,1.0,0.5987025421962267,78.0,51.48841862887549,1.0,0.5987025421962267,1.0,0.5987025421962267,0.0,0.0
338.15167,1.0,0.5987025421962267,78.0,51.48841862887549,1.0,0.5987025421962267,1.0,0.5987025421962267,0.0,0.0
368.015,1.0,0.5978244173503298,83.0,55.59767081358067,1.0,0.5978244173503298,1.0,0.5978244173503298,0.0,0.0
367.49,1.0,0.5978244173503298,83.0,55.59767081358067,1.0,0.5978244173503298,1.0,0.5978244173503298,0.0,0.0
372.99335,1.0,0.5978244173503298,82.0,54.99984639623034,1.0,0.5978244173503298,1.0,0.5978244173503298,0.0,0.0
366.72168,1.0,0.5978244173503298,82.0,55.59767081358067,1.0,0.5978244173503298,1.0,0.5978244173503298,0.0,0.0
325.525,1.0,0.5978244173503298,82.0,55.59767081358067,1.0,0.5978244173503298,1.0,0.5978244173503298,0.0,0.0
338.76666,1.0,0.5978244173503298,82.0,54.99984639623034,1.0,0.5978244173503298,1.0,0.5978244173503298,0.0,0.0
340.625,1.0,0.5978244173503298,81.0,54.99984639623034,1.0,0.5978244173503298,1.0,0.5978244173503298,0.0,0.0
341.34833,1.0,0.5978244173503298,81.0,54.99984639623034,1.0,0.5978244173503298,1.0,0.5978244173503298,0.0,0.0
342.02667,1.0,0.5978244173503298,82.0,54.99984639623034,1.0,0.5978244173503298,1.0,0.5978244173503298,0.0,0.0
381.98666,1.0,0.5978244173503298,82.0,54.99984639623034,1.0,0.5978244173503298,1.0,0.5978244173503298,0.0,0.0
559.365,1.0,0.5978244173503298,99.0,54.40202197888001,1.0,0.5978244173503298,1.0,0.5978244173503298,0.0,0.0
541.02,1.0,0.5978244173503298,99.0,64.56503707383561,1.0,0.5978244173503298,1.0,0.5978244173503298,0.0,0.0
488.41666,1.0,0.5978244173503298,81.0,64.56503707383561,1.0,0.5978244173503298,1.0,0.5978244173503298,0.0,0.0
339.91,1.0,0.5978244173503298,81.0,64.56503707383561,1.0,0.5978244173503298,1.0,0.5978244173503298,0.0,0.0
340.47833,1.0,0.5978244173503298,81.0,54.40202197888001,1.0,0.5978244173503298,1.0,0.5978244173503298,0.0,0.0
340.79666,1.0,0.5978244173503298,81.0,54.40202197888001,1.0,0.5978244173503298,1.0,0.5978244173503298,0.0,0.0
341.37,1.0,0.5978244173503298,81.0,54.40202197888001,1.0,0.5978244173503298,1.0,0.5978244173503298,0.0,0.0
341.42166,1.0,0.5978244173503298,80.0,53.804197561529676,1.0,0.5978244173503298,1.0,0.5978244173503298,0.0,0.0
342.06833,1.0,0.5978244173503298,81.0,53.804197561529676,1.0,0.5978244173503298,1.0,0.5978244173503298,0.0,0.0
341.5,1.0,0.5978244173503298,81.0,54.40202197888001,1.0,0.5978244173503298,1.0,0.5978244173503298,0.0,0.0
341.60666,1.0,0.5978244173503298,81.0,53.804197561529676,1.0,0.5978244173503298,1.0,0.5978244173503298,0.0,0.0
341.71832,1.0,0.5978244173503298,81.0,53.20637314417935,1.0,0.5978244173503298,1.0,0.5978244173503298,0.0,0.0
341.29166,1.0,0.5978244173503298,82.0,53.20637314417935,1.0,0.5978244173503298,1.0,0.5978244173503298,0.0,0.0
341.13666,1.0,0.5978244173503298,81.0,53.804197561529676,1.0,0.5978244173503298,1.0,0.5978244173503298,0.0,0.0
341.15,1.0,0.5978244173503298,81.0,53.20637314417935,1.0,0.5978244173503298,1.0,0.5978244173503298,0.0,0.0
340.89,1.0,0.5978244173503298,81.0,53.20637314417935,1.0,0.5978244173503298,1.0,0.5978244173503298,0.0,0.0
341.30167,1.0,0.5978244173503298,81.0,53.20637314417935,1.0,0.5978244173503298,1.0,0.5978244173503298,0.0,0.0
340.785,1.0,0.5978244173503298,81.0,52.60854872682902,1.0,0.5978244173503298,1.0,0.5978244173503298,0.0,0.0
341.08334,1.0,0.5978244173503298,81.0,53.20637314417935,1.0,0.5978244173503298,1.0,0.5978244173503298,0.0,0.0
340.99835,1.0,0.5978244173503298,81.0,53.20637314417935,1.0,0.5978244173503298,1.0,0.5978244173503298,0.0,0.0
340.98666,1.0,0.5978244173503298,80.0,52.60854872682902,1.0,0.5978244173503298,1.0,0.5978244173503298,0.0,0.0
341.52167,1.0,0.5978244173503298,80.0,52.60854872682902,1.0,0.5978244173503298,1.0,0.5978244173503298,0.0,0.0
341.13333,1.0,0.5978244173503298,81.0,53.20637314417935,1.0,0.5978244173503298,1.0,0.5978244173503298,0.0,0.0
340.92334,1.0,0.5978244173503298,80.0,52.60854872682902,1.0,0.5978244173503298,1.0,0.5978244173503298,0.0,0.0
339.075,1.0,0.5978244173503298,80.0,52.60854872682902,1.0,0.5978244173503298,1.0,0.5978244173503298,0.0,0.0
338.175,1.0,0.5978244173503298,80.0,52.60854872682902,1.0,0.5978244173503298,1.0,0.5978244173503298,0.0,0.0
338.54666,1.0,0.5978244173503298,80.0,52.60854872682902,1.0,0.5978244173503298,1.0,0.5978244173503298,0.0,0.0
338.04333,1.0,0.5978244173503298,80.0,52.60854872682902,1.0,0.5978244173503298,1.0,0.5978244173503298,0.0,0.0
338.334,1.0,0.5978244173503298,79.0,52.60854872682902,1.0,0.5978244173503298,1.0,0.5978244173503298,0.0,0.0
338.25668,1.0,0.5978244173503298,79.0,52.60854872682902,1.0,0.5978244173503298,1.0,0.5978244173503298,0.0,0.0
337.71,1.0,0.5978244173503298,80.0,52.01072430947869,1.0,0.5978244173503298,1.0,0.5978244173503298,0.0,0.0
337.71,1.0,0.5978244173503298,79.0,52.60854872682902,1.0,0.5978244173503298,1.0,0.5978244173503298,0.0,0.0
337.06,1.0,0.5978244173503298,79.0,52.60854872682902,1.0,0.5978244173503298,1.0,0.5978244173503298,0.0,0.0
337.12335,1.0,0.5978244173503298,79.0,52.01072430947869,1.0,0.5978244173503298,1.0,0.5978244173503298,0.0,0.0
336.59167,1.0,0.5978244173503298,108.0,52.01072430947869,1.0,0.5978244173503298,1.0,0.5978244173503298,0.0,0.0
336.995,1.0,0.5978244173503298,80.0,52.01072430947869,1.0,0.5978244173503298,1.0,0.5978244173503298,0.0,0.0
337.175,1.0,0.5978244173503298,79.0,52.01072430947869,1.0,0.5978244173503298,1.0,0.5978244173503298,0.0,0.0
335.99335,1.0,0.5978244173503298,79.0,52.01072430947869,1.0,0.5978244173503298,1.0,0.5978244173503298,0.0,0.0
337.12668,1.0,0.5978244173503298,78.0,52.01072430947869,1.0,0.5978244173503298,1.0,0.5978244173503298,0.0,0.0
337.225,1.0,0.5978244173503298,78.0,52.01072430947869,1.0,0.5978244173503298,1.0,0.5978244173503298,0.0,0.0
337.73834,1.0,0.5978244173503298,78.0,52.01072430947869,1.0,0.5978244173503298,1.0,0.5978244173503298,0.0,0.0
337.27,1.0,0.5978244173503298,78.0,51.41289989212836,1.0,0.5978244173503298,1.0,0.5978244173503298,0.0,0.0
337.32,1.0,0.5978244173503298,78.0,52.01072430947869,1.0,0.5978244173503298,1.0,0.5978244173503298,0.0,0.0
337.81665,1.0,0.5978244173503298,78.0,52.01072430947869,1.0,0.5978244173503298,1.0,0.5978244173503298,0.0,0.0
337.895,1.0,0.5978244173503298,78.0,52.01072430947869,1.0,0.5978244173503298,1.0,0.5978244173503298,0.0,0.0
338.30167,1.0,0.5978244173503298,78.0,51.41289989212836,1.0,0.5978244173503298,1.0,0.5978244173503298,0.0,0.0
337.73834,1.0,0.5978244173503298,78.0,52.01072430947869,1.0,0.5978244173503298,1.0,0.5978244173503298,0.0,0.0
338.06833,1.0,0.5978244173503298,78.0,51.41289989212836,1.0,0.5978244173503298,1.0,0.5978244173503298,0.0,0.0
338.15167,1.0,0.5978244173503298,78.0,51.41289989212836,1.0,0.5978244173503298,1.0,0.5978244173503298,0.0,0.0
337.84332,1.0,0.5978244173503298,78.0,51.41289989212836,1.0,0.5978244173503298,1.0,0.5978244173503298,0.0,0.0
367.49,1.0,0.5972035132402715,83.0,55.539926731345254,1.0,0.5972035132402715,1.0,0.5972035132402715,0.0,0.0
372.99335,1.0,0.5972035132402715,82.0,54.94272321810498,1.0,0.5972035132402715,1.0,0.5972035132402715,0.0,0.0
366.72168,1.0,0.5972035132402715,82.0,55.539926731345254,1.0,0.5972035132402715,1.0,0.5972035132402715,0.0,0.0
325.525,1.0,0.5972035132402715,82.0,55.539926731345254,1.0,0.5972035132402715,1.0,0.5972035132402715,0.0,0.0
338.76666,1.0,0.5972035132402715,82.0,54.94272321810498,1.0,0.5972035132402715,1.0,0.5972035132402715,0.0,0.0
340.625,1.0,0.5972035132402715,81.0,54.94272321810498,1.0,0.5972035132402715,1.0,0.5972035132402715,0.0,0.0
341.34833,1.0,0.5972035132402715,81.0,54.94272321810498,1.0,0.5972035132402715,1.0,0.5972035132402715,0.0,0.0
342.02667,1.0,0.5972035132402715,82.0,54.94272321810498,1.0,0.5972035132402715,1.0,0.5972035132402715,0.0,0.0
381.98666,1.0,0.5972035132402715,82.0,54.94272321810498,1.0,0.5972035132402715,1.0,0.5972035132402715,0.0,0.0
559.365,1.0,0.5972035132402715,99.0,54.345519704864714,1.0,0.5972035132402715,1.0,0.5972035132402715,0.0,0.0
541.02,1.0,0.5972035132402715,99.0,64.49797942994932,1.0,0.5972035132402715,1.0,0.5972035132402715,0.0,0.0
488.41666,1.0,0.5972035132402715,81.0,64.49797942994932,1.0,0.5972035132402715,1.0,0.5972035132402715,0.0,0.0
339.91,1.0,0.5972035132402715,81.0,64.49797942994932,1.0,0.5972035132402715,1.0,0.5972035132402715,0.0,0.0
340.47833,1.0,0.5972035132402715,81.0,54.345519704864714,1.0,0.5972035132402715,1.0,0.5972035132402715,0.0,0.0
340.79666,1.0,0.5972035132402715,81.0,54.345519704864714,1.0,0.5972035132402715,1.0,0.5972035132402715,0.0,0.0
341.37,1.0,0.5972035132402715,81.0,54.345519704864714,1.0,0.5972035132402715,1.0,0.5972035132402715,0.0,0.0
341.42166,1.0,0.5972035132402715,80.0,53.74831619162444,1.0,0.5972035132402715,1.0,0.5972035132402715,0.0,0.0
342.06833,1.0,0.5972035132402715,81.0,53.74831619162444,1.0,0.5972035132402715,1.0,0.5972035132402715,0.0,0.0
341.5,1.0,0.5972035132402715,81.0,54.345519704864714,1.0,0.5972035132402715,1.0,0.5972035132402715,0.0,0.0
341.60666,1.0,0.5972035132402715,81.0,53.74831619162444,1.0,0.5972035132402715,1.0,0.5972035132402715,0.0,0.0
341.71832,1.0,0.5972035132402715,81.0,53.151112678384166,1.0,0.5972035132402715,1.0,0.5972035132402715,0.0,0.0
341.29166,1.0,0.5972035132402715,82.0,53.151112678384166,1.0,0.5972035132402715,1.0,0.5972035132402715,0.0,0.0
341.13666,1.0,0.5972035132402715,81.0,53.74831619162444,1.0,0.5972035132402715,1.0,0.5972035132402715,0.0,0.0
341.15,1.0,0.5972035132402715,81.0,53.151112678384166,1.0,0.5972035132402715,1.0,0.5972035132402715,0.0,0.0
340.89,1.0,0.5972035132402715,81.0,53.151112678384166,1.0,0.5972035132402715,1.0,0.5972035132402715,0.0,0.0
341.30167,1.0,0.5972035132402715,81.0,53.151112678384166,1.0,0.5972035132402715,1.0,0.5972035132402715,0.0,0.0
340.785,1.0,0.5972035132402715,81.0,52.55390916514389,1.0,0.5972035132402715,1.0,0.5972035132402715,0.0,0.0
341.08334,1.0,0.5972035132402715,81.0,53.151112678384166,1.0,0.5972035132402715,1.0,0.5972035132402715,0.0,0.0
340.99835,1.0,0.5972035132402715,81.0,53.151112678384166,1.0,0.5972035132402715,1.0,0.5972035132402715,0.0,0.0
340.98666,1.0,0.5972035132402715,80.0,52.55390916514389,1.0,0.5972035132402715,1.0,0.5972035132402715,0.0,0.0
341.52167,1.0,0.5972035132402715,80.0,52.55390916514389,1.0,0.5972035132402715,1.0,0.5972035132402715,0.0,0.0
341.13333,1.0,0.5972035132402715,81.0,53.151112678384166,1.0,0.5972035132402715,1.0,0.5972035132402715,0.0,0.0
340.92334,1.0,0.5972035132402715,80.0,52.55390916514389,1.0,0.5972035132402715,1.0,0.5972035132402715,0.0,0.0
339.075,1.0,0.5972035132402715,80.0,52.55390916514389,1.0,0.5972035132402715,1.0,0.5972035132402715,0.0,0.0
338.175,1.0,0.5972035132402715,80.0,52.55390916514389,1.0,0.5972035132402715,1.0,0.5972035132402715,0.0,0.0
338.54666,1.0,0.5972035132402715,80.0,52.55390916514389,1.0,0.5972035132402715,1.0,0.5972035132402715,0.0,0.0
338.04333,1.0,0.5972035132402715,80.0,52.55390916514389,1.0,0.5972035132402715,1.0,0.5972035132402715,0.0,0.0
338.334,1.0,0.5972035132402715,79.0,52.55390916514389,1.0,0.5972035132402715,1.0,0.5972035132402715,0.0,0.0
338.25668,1.0,0.5972035132402715,79.0,52.55390916514389,1.0,0.5972035132402715,1.0,0.5972035132402715,0.0,0.0
337.71,1.0,0.5972035132402715,80.0,51.956705651903626,1.0,0.5972035132402715,1.0,0.5972035132402715,0.0,0.0
337.71,1.0,0.5972035132402715,79.0,52.55390916514389,1.0,0.5972035132402715,1.0,0.5972035132402715,0.0,0.0
337.06,1.0,0.5972035132402715,79.0,52.55390916514389,1.0,0.5972035132402715,1.0,0.5972035132402715,0.0,0.0
337.12335,1.0,0.5972035132402715,79.0,51.956705651903626,1.0,0.5972035132402715,1.0,0.5972035132402715,0.0,0.0
336.59167,1.0,0.5972035132402715,108.0,51.956705651903626,1.0,0.5972035132402715,1.0,0.5972035132402715,0.0,0.0
336.995,1.0,0.5972035132402715,80.0,51.956705651903626,1.0,0.5972035132402715,1.0,0.5972035132402715,0.0,0.0
337.175,1.0,0.5972035132402715,79.0,51.956705651903626,1.0,0.5972035132402715,1.0,0.5972035132402715,0.0,0.0
335.99335,1.0,0.5972035132402715,79.0,51.956705651903626,1.0,0.5972035132402715,1.0,0.5972035132402715,0.0,0.0
337.12668,1.0,0.5972035132402715,78.0,51.956705651903626,1.0,0.5972035132402715,1.0,0.5972035132402715,0.0,0.0
337.225,1.0,0.5972035132402715,78.0,51.956705651903626,1.0,0.5972035132402715,1.0,0.5972035132402715,0.0,0.0
337.73834,1.0,0.5972035132402715,78.0,51.956705651903626,1.0,0.5972035132402715,1.0,0.5972035132402715,0.0,0.0
337.27,1.0,0.5972035132402715,78.0,51.35950213866335,1.0,0.5972035132402715,1.0,0.5972035132402715,0.0,0.0
337.32,1.0,0.5972035132402715,78.0,51.956705651903626,1.0,0.5972035132402715,1.0,0.5972035132402715,0.0,0.0
337.81665,1.0,0.5972035132402715,78.0,51.956705651903626,1.0,0.5972035132402715,1.0,0.5972035132402715,0.0,0.0
337.895,1.0,0.5972035132402715,78.0,51.956705651903626,1.0,0.5972035132402715,1.0,0.5972035132402715,0.0,0.0
338.30167,1.0,0.5972035132402715,78.0,51.35950213866335,1.0,0.5972035132402715,1.0,0.5972035132402715,0.0,0.0
337.73834,1.0,0.5972035132402715,78.0,51.956705651903626,1.0,0.5972035132402715,1.0,0.5972035132402715,0.0,0.0
338.06833,1.0,0.5972035132402715,78.0,51.35950213866335,1.0,0.5972035132402715,1.0,0.5972035132402715,0.0,0.0
338.15167,1.0,0.5972035132402715,78.0,51.35950213866335,1.0,0.5972035132402715,1.0,0.5972035132402715,0.0,0.0
337.84332,1.0,0.5972035132402715,78.0,51.35950213866335,1.0,0.5972035132402715,1.0,0.5972035132402715,0.0,0.0
338.34668,1.0,0.5972035132402715,78.0,51.35950213866335,1.0,0.5972035132402715,1.0,0.5972035132402715,0.0,0.0
372.99335,1.0,0.5965965242869029,82.0,54.886880234395065,1.0,0.5965965242869029,1.0,0.5965965242869029,0.0,0.0
366.72168,1.0,0.5965965242869029,82.0,55.483476758681974,1.0,0.5965965242869029,1.0,0.5965965242869029,0.0,0.0
325.525,1.0,0.5965965242869029,82.0,55.483476758681974,1.0,0.5965965242869029,1.0,0.5965965242869029,0.0,0.0
338.76666,1.0,0.5965965242869029,82.0,54.886880234395065,1.0,0.5965965242869029,1.0,0.5965965242869029,0.0,0.0
340.625,1.0,0.5965965242869029,81.0,54.886880234395065,1.0,0.5965965242869029,1.0,0.5965965242869029,0.0,0.0
341.34833,1.0,0.5965965242869029,81.0,54.886880234395065,1.0,0.5965965242869029,1.0,0.5965965242869029,0.0,0.0
342.02667,1.0,0.5965965242869029,82.0,54.886880234395065,1.0,0.5965965242869029,1.0,0.5965965242869029,0.0,0.0
381.98666,1.0,0.5965965242869029,82.0,54.886880234395065,1.0,0.5965965242869029,1.0,0.5965965242869029,0.0,0.0
559.365,1.0,0.5965965242869029,99.0,54.29028371010816,1.0,0.5965965242869029,1.0,0.5965965242869029,0.0,0.0
541.02,1.0,0.5965965242869029,99.0,64.43242462298551,1.0,0.5965965242869029,1.0,0.5965965242869029,0.0,0.0
488.41666,1.0,0.5965965242869029,81.0,64.43242462298551,1.0,0.5965965242869029,1.0,0.5965965242869029,0.0,0.0
339.91,1.0,0.5965965242869029,81.0,64.43242462298551,1.0,0.5965965242869029,1.0,0.5965965242869029,0.0,0.0
340.47833,1.0,0.5965965242869029,81.0,54.29028371010816,1.0,0.5965965242869029,1.0,0.5965965242869029,0.0,0.0
340.79666,1.0,0.5965965242869029,81.0,54.29028371010816,1.0,0.5965965242869029,1.0,0.5965965242869029,0.0,0.0
341.37,1.0,0.5965965242869029,81.0,54.29028371010816,1.0,0.5965965242869029,1.0,0.5965965242869029,0.0,0.0
341.42166,1.0,0.5965965242869029,80.0,53.69368718582126,1.0,0.5965965242869029,1.0,0.5965965242869029,0.0,0.0
342.06833,1.0,0.5965965242869029,81.0,53.69368718582126,1.0,0.5965965242869029,1.0,0.5965965242869029,0.0,0.0
341.5,1.0,0.5965965242869029,81.0,54.29028371010816,1.0,0.5965965242869029,1.0,0.5965965242869029,0.0,0.0
341.60666,1.0,0.5965965242869029,81.0,53.69368718582126,1.0,0.5965965242869029,1.0,0.5965965242869029,0.0,0.0
341.71832,1.0,0.5965965242869029,81.0,53.09709066153436,1.0,0.5965965242869029,1.0,0.5965965242869029,0.0,0.0
341.29166,1.0,0.5965965242869029,82.0,53.09709066153436,1.0,0.5965965242869029,1.0,0.5965965242869029,0.0,0.0
341.13666,1.0,0.5965965242869029,81.0,53.69368718582126,1.0,0.5965965242869029,1.0,0.5965965242869029,0.0,0.0
341.15,1.0,0.5965965242869029,81.0,53.09709066153436,1.0,0.5965965242869029,1.0,0.5965965242869029,0.0,0.0
340.89,1.0,0.5965965242869029,81.0,53.09709066153436,1.0,0.5965965242869029,1.0,0.5965965242869029,0.0,0.0
341.30167,1.0,0.5965965242869029,81.0,53.09709066153436,1.0,0.5965965242869029,1.0,0.5965965242869029,0.0,0.0
340.785,1.0,0.5965965242869029,81.0,52.50049413724746,1.0,0.5965965242869029,1.0,0.5965965242869029,0.0,0.0
341.08334,1.0,0.5965965242869029,81.0,53.09709066153436,1.0,0.5965965242869029,1.0,0.5965965242869029,0.0,0.0
340.99835,1.0,0.5965965242869029,81.0,53.09709066153436,1.0,0.5965965242869029,1.0,0.5965965242869029,0.0,0.0
340.98666,1.0,0.5965965242869029,80.0,52.50049413724746,1.0,0.5965965242869029,1.0,0.5965965242869029,0.0,0.0
341.52167,1.0,0.5965965242869029,80.0,52.50049413724746,1.0,0.5965965242869029,1.0,0.5965965242869029,0.0,0.0
341.13333,1.0,0.5965965242869029,81.0,53.09709066153436,1.0,0.5965965242869029,1.0,0.5965965242869029,0.0,0.0
340.92334,1.0,0.5965965242869029,80.0,52.50049413724746,1.0,0.5965965242869029,1.0,0.5965965242869029,0.0,0.0
339.075,1.0,0.5965965242869029,80.0,52.50049413724746,1.0,0.5965965242869029,1.0,0.5965965242869029,0.0,0.0
338.175,1.0,0.5965965242869029,80.0,52.50049413724746,1.0,0.5965965242869029,1.0,0.5965965242869029,0.0,0.0
338.54666,1.0,0.5965965242869029,80.0,52.50049413724746,1.0,0.5965965242869029,1.0,0.5965965242869029,0.0,0.0
338.04333,1.0,0.5965965242869029,80.0,52.50049413724746,1.0,0.5965965242869029,1.0,0.5965965242869029,0.0,0.0
338.334,1.0,0.5965965242869029,79.0,52.50049413724746,1.0,0.5965965242869029,1.0,0.5965965242869029,0.0,0.0
338.25668,1.0,0.5965965242869029,79.0,52.50049413724746,1.0,0.5965965242869029,1.0,0.5965965242869029,0.0,0.0
337.71,1.0,0.5965965242869029,80.0,51.903897612960556,1.0,0.5965965242869029,1.0,0.5965965242869029,0.0,0.0
337.71,1.0,0.5965965242869029,79.0,52.50049413724746,1.0,0.5965965242869029,1.0,0.5965965242869029,0.0,0.0
337.06,1.0,0.5965965242869029,79.0,52.50049413724746,1.0,0.5965965242869029,1.0,0.5965965242869029,0.0,0.0
337.12335,1.0,0.5965965242869029,79.0,51.903897612960556,1.0,0.5965965242869029,1.0,0.5965965242869029,0.0,0.0
336.59167,1.0,0.5965965242869029,108.0,51.903897612960556,1.0,0.5965965242869029,1.0,0.5965965242869029,0.0,0.0
336.995,1.0,0.5965965242869029,80.0,51.903897612960556,1.0,0.5965965242869029,1.0,0.5965965242869029,0.0,0.0
337.175,1.0,0.5965965242869029,79.0,51.903897612960556,1.0,0.5965965242869029,1.0,0.5965965242869029,0.0,0.0
335.99335,1.0,0.5965965242869029,79.0,51.903897612960556,1.0,0.5965965242869029,1.0,0.5965965242869029,0.0,0.0
337.12668,1.0,0.5965965242869029,78.0,51.903897612960556,1.0,0.5965965242869029,1.0,0.5965965242869029,0.0,0.0
337.225,1.0,0.5965965242869029,78.0,51.903897612960556,1.0,0.5965965242869029,1.0,0.5965965242869029,0.0,0.0
337.73834,1.0,0.5965965242869029,78.0,51.903897612960556,1.0,0.5965965242869029,1.0,0.5965965242869029,0.0,0.0
337.27,1.0,0.5965965242869029,78.0,51.30730108867365,1.0,0.5965965242869029,1.0,0.5965965242869029,0.0,0.0
337.32,1.0,0.5965965242869029,78.0,51.903897612960556,1.0,0.5965965242869029,1.0,0.5965965242869029,0.0,0.0
337.81665,1.0,0.5965965242869029,78.0,51.903897612960556,1.0,0.5965965242869029,1.0,0.5965965242869029,0.0,0.0
337.895,1.0,0.5965965242869029,78.0,51.903897612960556,1.0,0.5965965242869029,1.0,0.5965965242869029,0.0,0.0
338.30167,1.0,0.5965965242869029,78.0,51.30730108867365,1.0,0.5965965242869029,1.0,0.5965965242869029,0.0,0.0
337.73834,1.0,0.5965965242869029,78.0,51.903897612960556,1.0,0.5965965242869029,1.0,0.5965965242869029,0.0,0.0
338.06833,1.0,0.5965965242869029,78.0,51.30730108867365,1.0,0.5965965242869029,1.0,0.5965965242869029,0.0,0.0
338.15167,1.0,0.5965965242869029,78.0,51.30730108867365,1.0,0.5965965242869029,1.0,0.5965965242869029,0.0,0.0
337.84332,1.0,0.5965965242869029,78.0,51.30730108867365,1.0,0.5965965242869029,1.0,0.5965965242869029,0.0,0.0
338.34668,1.0,0.5965965242869029,78.0,51.30730108867365,1.0,0.5965965242869029,1.0,0.5965965242869029,0.0,0.0
337.58667,1.0,0.5965965242869029,79.0,51.30730108867365,1.0,0.5965965242869029,1.0,0.5965965242869029,0.0,0.0
366.72168,1.0,0.5956803776458265,82.0,55.398275121061864,1.0,0.5956803776458265,1.0,0.5956803776458265,0.0,0.0
325.525,1.0,0.5956803776458265,82.0,55.398275121061864,1.0,0.5956803776458265,1.0,0.5956803776458265,0.0,0.0
338.76666,1.0,0.5956803776458265,82.0,54.80259474341604,1.0,0.5956803776458265,1.0,0.5956803776458265,0.0,0.0
340.625,1.0,0.5956803776458265,81.0,54.80259474341604,1.0,0.5956803776458265,1.0,0.5956803776458265,0.0,0.0
341.34833,1.0,0.5956803776458265,81.0,54.80259474341604,1.0,0.5956803776458265,1.0,0.5956803776458265,0.0,0.0
342.02667,1.0,0.5956803776458265,82.0,54.80259474341604,1.0,0.5956803776458265,1.0,0.5956803776458265,0.0,0.0
381.98666,1.0,0.5956803776458265,82.0,54.80259474341604,1.0,0.5956803776458265,1.0,0.5956803776458265,0.0,0.0
559.365,1.0,0.5956803776458265,99.0,54.20691436577021,1.0,0.5956803776458265,1.0,0.5956803776458265,0.0,0.0
541.02,1.0,0.5956803776458265,99.0,64.33348078574926,1.0,0.5956803776458265,1.0,0.5956803776458265,0.0,0.0
488.41666,1.0,0.5956803776458265,81.0,64.33348078574926,1.0,0.5956803776458265,1.0,0.5956803776458265,0.0,0.0
339.91,1.0,0.5956803776458265,81.0,64.33348078574926,1.0,0.5956803776458265,1.0,0.5956803776458265,0.0,0.0
340.47833,1.0,0.5956803776458265,81.0,54.20691436577021,1.0,0.5956803776458265,1.0,0.5956803776458265,0.0,0.0
340.79666,1.0,0.5956803776458265,81.0,54.20691436577021,1.0,0.5956803776458265,1.0,0.5956803776458265,0.0,0.0
341.37,1.0,0.5956803776458265,81.0,54.20691436577021,1.0,0.5956803776458265,1.0,0.5956803776458265,0.0,0.0
341.42166,1.0,0.5956803776458265,80.0,53.61123398812438,1.0,0.5956803776458265,1.0,0.5956803776458265,0.0,0.0
342.06833,1.0,0.5956803776458265,81.0,53.61123398812438,1.0,0.5956803776458265,1.0,0.5956803776458265,0.0,0.0
341.5,1.0,0.5956803776458265,81.0,54.20691436577021,1.0,0.5956803776458265,1.0,0.5956803776458265,0.0,0.0
341.60666,1.0,0.5956803776458265,81.0,53.61123398812438,1.0,0.5956803776458265,1.0,0.5956803776458265,0.0,0.0
341.71832,1.0,0.5956803776458265,81.0,53.015553610478555,1.0,0.5956803776458265,1.0,0.5956803776458265,0.0,0.0
341.29166,1.0,0.5956803776458265,82.0,53.015553610478555,1.0,0.5956803776458265,1.0,0.5956803776458265,0.0,0.0
341.13666,1.0,0.5956803776458265,81.0,53.61123398812438,1.0,0.5956803776458265,1.0,0.5956803776458265,0.0,0.0
341.15,1.0,0.5956803776458265,81.0,53.015553610478555,1.0,0.5956803776458265,1.0,0.5956803776458265,0.0,0.0
340.89,1.0,0.5956803776458265,81.0,53.015553610478555,1.0,0.5956803776458265,1.0,0.5956803776458265,0.0,0.0
341.30167,1.0,0.5956803776458265,81.0,53.015553610478555,1.0,0.5956803776458265,1.0,0.5956803776458265,0.0,0.0
340.785,1.0,0.5956803776458265,81.0,52.41987323283273,1.0,0.5956803776458265,1.0,0.5956803776458265,0.0,0.0
341.08334,1.0,0.5956803776458265,81.0,53.015553610478555,1.0,0.5956803776458265,1.0,0.5956803776458265,0.0,0.0
340.99835,1.0,0.5956803776458265,81.0,53.015553610478555,1.0,0.5956803776458265,1.0,0.5956803776458265,0.0,0.0
340.98666,1.0,0.5956803776458265,80.0,52.41987323283273,1.0,0.5956803776458265,1.0,0.5956803776458265,0.0,0.0
341.52167,1.0,0.5956803776458265,80.0,52.41987323283273,1.0,0.5956803776458265,1.0,0.5956803776458265,0.0,0.0
341.13333,1.0,0.5956803776458265,81.0,53.015553610478555,1.0,0.5956803776458265,1.0,0.5956803776458265,0.0,0.0
340.92334,1.0,0.5956803776458265,80.0,52.41987323283273,1.0,0.5956803776458265,1.0,0.5956803776458265,0.0,0.0
339.075,1.0,0.5956803776458265,80.0,52.41987323283273,1.0,0.5956803776458265,1.0,0.5956803776458265,0.0,0.0
338.175,1.0,0.5956803776458265,80.0,52.41987323283273,1.0,0.5956803776458265,1.0,0.5956803776458265,0.0,0.0
338.54666,1.0,0.5956803776458265,80.0,52.41987323283273,1.0,0.5956803776458265,1.0,0.5956803776458265,0.0,0.0
338.04333,1.0,0.5956803776458265,80.0,52.41987323283273,1.0,0.5956803776458265,1.0,0.5956803776458265,0.0,0.0
338.334,1.0,0.5956803776458265,79.0,52.41987323283273,1.0,0.5956803776458265,1.0,0.5956803776458265,0.0,0.0
338.25668,1.0,0.5956803776458265,79.0,52.41987323283273,1.0,0.5956803776458265,1.0,0.5956803776458265,0.0,0.0
337.71,1.0,0.5956803776458265,80.0,51.8241928551869,1.0,0.5956803776458265,1.0,0.5956803776458265,0.0,0.0
337.71,1.0,0.5956803776458265,79.0,52.41987323283273,1.0,0.5956803776458265,1.0,0.5956803776458265,0.0,0.0
337.06,1.0,0.5956803776458265,79.0,52.41987323283273,1.0,0.5956803776458265,1.0,0.5956803776458265,0.0,0.0
337.12335,1.0,0.5956803776458265,79.0,51.8241928551869,1.0,0.5956803776458265,1.0,0.5956803776458265,0.0,0.0
336.59167,1.0,0.5956803776458265,108.0,51.8241928551869,1.0,0.5956803776458265,1.0,0.5956803776458265,0.0,0.0
336.995,1.0,0.5956803776458265,80.0,51.8241928551869,1.0,0.5956803776458265,1.0,0.5956803776458265,0.0,0.0
337.175,1.0,0.5956803776458265,79.0,51.8241928551869,1.0,0.5956803776458265,1.0,0.5956803776458265,0.0,0.0
335.99335,1.0,0.5956803776458265,79.0,51.8241928551869,1.0,0.5956803776458265,1.0,0.5956803776458265,0.0,0.0
337.12668,1.0,0.5956803776458265,78.0,51.8241928551869,1.0,0.5956803776458265,1.0,0.5956803776458265,0.0,0.0
337.225,1.0,0.5956803776458265,78.0,51.8241928551869,1.0,0.5956803776458265,1.0,0.5956803776458265,0.0,0.0
337.73834,1.0,0.5956803776458265,78.0,51.8241928551869,1.0,0.5956803776458265,1.0,0.5956803776458265,0.0,0.0
337.27,1.0,0.5956803776458265,78.0,51.22851247754108,1.0,0.5956803776458265,1.0,0.5956803776458265,0.0,0.0
337.32,1.0,0.5956803776458265,78.0,51.8241928551869,1.0,0.5956803776458265,1.0,0.5956803776458265,0.0,0.0
337.81665,1.0,0.5956803776458265,78.0,51.8241928551869,1.0,0.5956803776458265,1.0,0.5956803776458265,0.0,0.0
337.895,1.0,0.5956803776458265,78.0,51.8241928551869,1.0,0.5956803776458265,1.0,0.5956803776458265,0.0,0.0
338.30167,1.0,0.5956803776458265,78.0,51.22851247754108,1.0,0.5956803776458265,1.0,0.5956803776458265,0.0,0.0
337.73834,1.0,0.5956803776458265,78.0,51.8241928551869,1.0,0.5956803776458265,1.0,0.5956803776458265,0.0,0.0
338.06833,1.0,0.5956803776458265,78.0,51.22851247754108,1.0,0.5956803776458265,1.0,0.5956803776458265,0.0,0.0
338.15167,1.0,0.5956803776458265,78.0,51.22851247754108,1.0,0.5956803776458265,1.0,0.5956803776458265,0.0,0.0
337.84332,1.0,0.5956803776458265,78.0,51.22851247754108,1.0,0.5956803776458265,1.0,0.5956803776458265,0.0,0.0
338.34668,1.0,0.5956803776458265,78.0,51.22851247754108,1.0,0.5956803776458265,1.0,0.5956803776458265,0.0,0.0
337.58667,1.0,0.5956803776458265,79.0,51.22851247754108,1.0,0.5956803776458265,1.0,0.5956803776458265,0.0,0.0
336.92667,1.0,0.5956803776458265,77.0,51.22851247754108,1.0,0.5956803776458265,1.0,0.5956803776458265,0.0,0.0
325.525,1.0,0.5948751459494002,82.0,54.728513427344815,1.0,0.5948751459494002,1.0,0.5948751459494002,0.0,0.0
338.76666,1.0,0.5948751459494002,82.0,54.728513427344815,1.0,0.5948751459494002,1.0,0.5948751459494002,0.0,0.0
340.625,1.0,0.5948751459494002,81.0,54.728513427344815,1.0,0.5948751459494002,1.0,0.5948751459494002,0.0,0.0
341.34833,1.0,0.5948751459494002,81.0,54.728513427344815,1.0,0.5948751459494002,1.0,0.5948751459494002,0.0,0.0
342.02667,1.0,0.5948751459494002,82.0,54.728513427344815,1.0,0.5948751459494002,1.0,0.5948751459494002,0.0,0.0
381.98666,1.0,0.5948751459494002,82.0,54.13363828139541,1.0,0.5948751459494002,1.0,0.5948751459494002,0.0,0.0
559.365,1.0,0.5948751459494002,99.0,64.24651576253521,1.0,0.5948751459494002,1.0,0.5948751459494002,0.0,0.0
541.02,1.0,0.5948751459494002,99.0,64.24651576253521,1.0,0.5948751459494002,1.0,0.5948751459494002,0.0,0.0
488.41666,1.0,0.5948751459494002,81.0,64.24651576253521,1.0,0.5948751459494002,1.0,0.5948751459494002,0.0,0.0
339.91,1.0,0.5948751459494002,81.0,54.13363828139541,1.0,0.5948751459494002,1.0,0.5948751459494002,0.0,0.0
340.47833,1.0,0.5948751459494002,81.0,54.13363828139541,1.0,0.5948751459494002,1.0,0.5948751459494002,0.0,0.0
340.79666,1.0,0.5948751459494002,81.0,54.13363828139541,1.0,0.5948751459494002,1.0,0.5948751459494002,0.0,0.0
341.37,1.0,0.5948751459494002,81.0,53.53876313544602,1.0,0.5948751459494002,1.0,0.5948751459494002,0.0,0.0
341.42166,1.0,0.5948751459494002,80.0,53.53876313544602,1.0,0.5948751459494002,1.0,0.5948751459494002,0.0,0.0
342.06833,1.0,0.5948751459494002,81.0,54.13363828139541,1.0,0.5948751459494002,1.0,0.5948751459494002,0.0,0.0
341.5,1.0,0.5948751459494002,81.0,53.53876313544602,1.0,0.5948751459494002,1.0,0.5948751459494002,0.0,0.0
341.60666,1.0,0.5948751459494002,81.0,52.943887989496616,1.0,0.5948751459494002,1.0,0.5948751459494002,0.0,0.0
341.71832,1.0,0.5948751459494002,81.0,52.943887989496616,1.0,0.5948751459494002,1.0,0.5948751459494002,0.0,0.0
341.29166,1.0,0.5948751459494002,82.0,53.53876313544602,1.0,0.5948751459494002,1.0,0.5948751459494002,0.0,0.0
341.13666,1.0,0.5948751459494002,81.0,52.943887989496616,1.0,0.5948751459494002,1.0,0.5948751459494002,0.0,0.0
341.15,1.0,0.5948751459494002,81.0,52.943887989496616,1.0,0.5948751459494002,1.0,0.5948751459494002,0.0,0.0
340.89,1.0,0.5948751459494002,81.0,52.943887989496616,1.0,0.5948751459494002,1.0,0.5948751459494002,0.0,0.0
341.30167,1.0,0.5948751459494002,81.0,52.349012843547214,1.0,0.5948751459494002,1.0,0.5948751459494002,0.0,0.0
340.785,1.0,0.5948751459494002,81.0,52.943887989496616,1.0,0.5948751459494002,1.0,0.5948751459494002,0.0,0.0
341.08334,1.0,0.5948751459494002,81.0,52.943887989496616,1.0,0.5948751459494002,1.0,0.5948751459494002,0.0,0.0
340.99835,1.0,0.5948751459494002,81.0,52.349012843547214,1.0,0.5948751459494002,1.0,0.5948751459494002,0.0,0.0
340.98666,1.0,0.5948751459494002,80.0,52.349012843547214,1.0,0.5948751459494002,1.0,0.5948751459494002,0.0,0.0
341.52167,1.0,0.5948751459494002,80.0,52.943887989496616,1.0,0.5948751459494002,1.0,0.5948751459494002,0.0,0.0
341.13333,1.0,0.5948751459494002,81.0,52.349012843547214,1.0,0.5948751459494002,1.0,0.5948751459494002,0.0,0.0
340.92334,1.0,0.5948751459494002,80.0,52.349012843547214,1.0,0.5948751459494002,1.0,0.5948751459494002,0.0,0.0
339.075,1.0,0.5948751459494002,80.0,52.349012843547214,1.0,0.5948751459494002,1.0,0.5948751459494002,0.0,0.0
338.175,1.0,0.5948751459494002,80.0,52.349012843547214,1.0,0.5948751459494002,1.0,0.5948751459494002,0.0,0.0
338.54666,1.0,0.5948751459494002,80.0,52.349012843547214,1.0,0.5948751459494002,1.0,0.5948751459494002,0.0,0.0
338.04333,1.0,0.5948751459494002,80.0,52.349012843547214,1.0,0.5948751459494002,1.0,0.5948751459494002,0.0,0.0
338.334,1.0,0.5948751459494002,79.0,52.349012843547214,1.0,0.5948751459494002,1.0,0.5948751459494002,0.0,0.0
338.25668,1.0,0.5948751459494002,79.0,51.75413769759781,1.0,0.5948751459494002,1.0,0.5948751459494002,0.0,0.0
337.71,1.0,0.5948751459494002,80.0,52.349012843547214,1.0,0.5948751459494002,1.0,0.5948751459494002,0.0,0.0
337.71,1.0,0.5948751459494002,79.0,52.349012843547214,1.0,0.5948751459494002,1.0,0.5948751459494002,0.0,0.0
337.06,1.0,0.5948751459494002,79.0,51.75413769759781,1.0,0.5948751459494002,1.0,0.5948751459494002,0.0,0.0
337.12335,1.0,0.5948751459494002,79.0,51.75413769759781,1.0,0.5948751459494002,1.0,0.5948751459494002,0.0,0.0
336.59167,1.0,0.5948751459494002,108.0,51.75413769759781,1.0,0.5948751459494002,1.0,0.5948751459494002,0.0,0.0
336.995,1.0,0.5948751459494002,80.0,51.75413769759781,1.0,0.5948751459494002,1.0,0.5948751459494002,0.0,0.0
337.175,1.0,0.5948751459494002,79.0,51.75413769759781,1.0,0.5948751459494002,1.0,0.5948751459494002,0.0,0.0
335.99335,1.0,0.5948751459494002,79.0,51.75413769759781,1.0,0.5948751459494002,1.0,0.5948751459494002,0.0,0.0
337.12668,1.0,0.5948751459494002,78.0,51.75413769759781,1.0,0.5948751459494002,1.0,0.5948751459494002,0.0,0.0
337.225,1.0,0.5948751459494002,78.0,51.75413769759781,1.0,0.5948751459494002,1.0,0.5948751459494002,0.0,0.0
337.73834,1.0,0.5948751459494002,78.0,51.15926255164841,1.0,0.5948751459494002,1.0,0.5948751459494002,0.0,0.0
337.27,1.0,0.5948751459494002,78.0,51.75413769759781,1.0,0.5948751459494002,1.0,0.5948751459494002,0.0,0.0
337.32,1.0,0.5948751459494002,78.0,51.75413769759781,1.0,0.5948751459494002,1.0,0.5948751459494002,0.0,0.0
337.81665,1.0,0.5948751459494002,78.0,51.75413769759781,1.0,0.5948751459494002,1.0,0.5948751459494002,0.0,0.0
337.895,1.0,0.5948751459494002,78.0,51.15926255164841,1.0,0.5948751459494002,1.0,0.5948751459494002,0.0,0.0
338.30167,1.0,0.5948751459494002,78.0,51.75413769759781,1.0,0.5948751459494002,1.0,0.5948751459494002,0.0,0.0
337.73834,1.0,0.5948751459494002,78.0,51.15926255164841,1.0,0.5948751459494002,1.0,0.5948751459494002,0.0,0.0
338.06833,1.0,0.5948751459494002,78.0,51.15926255164841,1.0,0.5948751459494002,1.0,0.5948751459494002,0.0,0.0
338.15167,1.0,0.5948751459494002,78.0,51.15926255164841,1.0,0.5948751459494002,1.0,0.5948751459494002,0.0,0.0
337.84332,1.0,0.5948751459494002,78.0,51.15926255164841,1.0,0.5948751459494002,1.0,0.5948751459494002,0.0,0.0
338.34668,1.0,0.5948751459494002,78.0,51.15926255164841,1.0,0.5948751459494002,1.0,0.5948751459494002,0.0,0.0
337.58667,1.0,0.5948751459494002,79.0,51.15926255164841,1.0,0.5948751459494002,1.0,0.5948751459494002,0.0,0.0
336.92667,1.0,0.5948751459494002,77.0,51.15926255164841,1.0,0.5948751459494002,1.0,0.5948751459494002,0.0,0.0
336.01166,1.0,0.5948751459494002,77.0,51.15926255164841,1.0,0.5948751459494002,1.0,0.5948751459494002,0.0,0.0
338.76666,1.0,0.595013126238991,82.0,54.74120761398718,1.0,0.595013126238991,1.0,0.595013126238991,0.0,0.0
340.625,1.0,0.595013126238991,81.0,54.74120761398718,1.0,0.595013126238991,1.0,0.595013126238991,0.0,0.0
341.34833,1.0,0.595013126238991,81.0,54.74120761398718,1.0,0.595013126238991,1.0,0.595013126238991,0.0,0.0
342.02667,1.0,0.595013126238991,82.0,54.74120761398718,1.0,0.595013126238991,1.0,0.595013126238991,0.0,0.0
381.98666,1.0,0.595013126238991,82.0,54.14619448774818,1.0,0.595013126238991,1.0,0.595013126238991,0.0,0.0
559.365,1.0,0.595013126238991,99.0,64.26141763381104,1.0,0.595013126238991,1.0,0.595013126238991,0.0,0.0
541.02,1.0,0.595013126238991,99.0,64.26141763381104,1.0,0.595013126238991,1.0,0.595013126238991,0.0,0.0
488.41666,1.0,0.595013126238991,81.0,64.26141763381104,1.0,0.595013126238991,1.0,0.595013126238991,0.0,0.0
339.91,1.0,0.595013126238991,81.0,54.14619448774818,1.0,0.595013126238991,1.0,0.595013126238991,0.0,0.0
340.47833,1.0,0.595013126238991,81.0,54.14619448774818,1.0,0.595013126238991,1.0,0.595013126238991,0.0,0.0
340.79666,1.0,0.595013126238991,81.0,54.14619448774818,1.0,0.595013126238991,1.0,0.595013126238991,0.0,0.0
341.37,1.0,0.595013126238991,81.0,53.551181361509194,1.0,0.595013126238991,1.0,0.595013126238991,0.0,0.0
341.42166,1.0,0.595013126238991,80.0,53.551181361509194,1.0,0.595013126238991,1.0,0.595013126238991,0.0,0.0
342.06833,1.0,0.595013126238991,81.0,54.14619448774818,1.0,0.595013126238991,1.0,0.595013126238991,0.0,0.0
341.5,1.0,0.595013126238991,81.0,53.551181361509194,1.0,0.595013126238991,1.0,0.595013126238991,0.0,0.0
341.60666,1.0,0.595013126238991,81.0,52.956168235270205,1.0,0.595013126238991,1.0,0.595013126238991,0.0,0.0
341.71832,1.0,0.595013126238991,81.0,52.956168235270205,1.0,0.595013126238991,1.0,0.595013126238991,0.0,0.0
341.29166,1.0,0.595013126238991,82.0,53.551181361509194,1.0,0.595013126238991,1.0,0.595013126238991,0.0,0.0
341.13666,1.0,0.595013126238991,81.0,52.956168235270205,1.0,0.595013126238991,1.0,0.595013126238991,0.0,0.0
341.15,1.0,0.595013126238991,81.0,52.956168235270205,1.0,0.595013126238991,1.0,0.595013126238991,0.0,0.0
340.89,1.0,0.595013126238991,81.0,52.956168235270205,1.0,0.595013126238991,1.0,0.595013126238991,0.0,0.0
341.30167,1.0,0.595013126238991,81.0,52.361155109031216,1.0,0.595013126238991,1.0,0.595013126238991,0.0,0.0
340.785,1.0,0.595013126238991,81.0,52.956168235270205,1.0,0.595013126238991,1.0,0.595013126238991,0.0,0.0
341.08334,1.0,0.595013126238991,81.0,52.956168235270205,1.0,0.595013126238991,1.0,0.595013126238991,0.0,0.0
340.99835,1.0,0.595013126238991,81.0,52.361155109031216,1.0,0.595013126238991,1.0,0.595013126238991,0.0,0.0
340.98666,1.0,0.595013126238991,80.0,52.361155109031216,1.0,0.595013126238991,1.0,0.595013126238991,0.0,0.0
341.52167,1.0,0.595013126238991,80.0,52.956168235270205,1.0,0.595013126238991,1.0,0.595013126238991,0.0,0.0
341.13333,1.0,0.595013126238991,81.0,52.361155109031216,1.0,0.595013126238991,1.0,0.595013126238991,0.0,0.0
340.92334,1.0,0.595013126238991,80.0,52.361155109031216,1.0,0.595013126238991,1.0,0.595013126238991,0.0,0.0
339.075,1.0,0.595013126238991,80.0,52.361155109031216,1.0,0.595013126238991,1.0,0.595013126238991,0.0,0.0
338.175,1.0,0.595013126238991,80.0,52.361155109031216,1.0,0.595013126238991,1.0,0.595013126238991,0.0,0.0
338.54666,1.0,0.595013126238991,80.0,52.361155109031216,1.0,0.595013126238991,1.0,0.595013126238991,0.0,0.0
338.04333,1.0,0.595013126238991,80.0,52.361155109031216,1.0,0.595013126238991,1.0,0.595013126238991,0.0,0.0
338.334,1.0,0.595013126238991,79.0,52.361155109031216,1.0,0.595013126238991,1.0,0.595013126238991,0.0,0.0
338.25668,1.0,0.595013126238991,79.0,51.76614198279222,1.0,0.595013126238991,1.0,0.595013126238991,0.0,0.0
337.71,1.0,0.595013126238991,80.0,52.361155109031216,1.0,0.595013126238991,1.0,0.595013126238991,0.0,0.0
337.71,1.0,0.595013126238991,79.0,52.361155109031216,1.0,0.595013126238991,1.0,0.595013126238991,0.0,0.0
337.06,1.0,0.595013126238991,79.0,51.76614198279222,1.0,0.595013126238991,1.0,0.595013126238991,0.0,0.0
337.12335,1.0,0.595013126238991,79.0,51.76614198279222,1.0,0.595013126238991,1.0,0.595013126238991,0.0,0.0
336.59167,1.0,0.595013126238991,108.0,51.76614198279222,1.0,0.595013126238991,1.0,0.595013126238991,0.0,0.0
336.995,1.0,0.595013126238991,80.0,51.76614198279222,1.0,0.595013126238991,1.0,0.595013126238991,0.0,0.0
337.175,1.0,0.595013126238991,79.0,51.76614198279222,1.0,0.595013126238991,1.0,0.595013126238991,0.0,0.0
335.99335,1.0,0.595013126238991,79.0,51.76614198279222,1.0,0.595013126238991,1.0,0.595013126238991,0.0,0.0
337.12668,1.0,0.595013126238991,78.0,51.76614198279222,1.0,0.595013126238991,1.0,0.595013126238991,0.0,0.0
337.225,1.0,0.595013126238991,78.0,51.76614198279222,1.0,0.595013126238991,1.0,0.595013126238991,0.0,0.0
337.73834,1.0,0.595013126238991,78.0,51.17112885655323,1.0,0.595013126238991,1.0,0.595013126238991,0.0,0.0
337.27,1.0,0.595013126238991,78.0,51.76614198279222,1.0,0.595013126238991,1.0,0.595013126238991,0.0,0.0
337.32,1.0,0.595013126238991,78.0,51.76614198279222,1.0,0.595013126238991,1.0,0.595013126238991,0.0,0.0
337.81665,1.0,0.595013126238991,78.0,51.76614198279222,1.0,0.595013126238991,1.0,0.595013126238991,0.0,0.0
337.895,1.0,0.595013126238991,78.0,51.17112885655323,1.0,0.595013126238991,1.0,0.595013126238991,0.0,0.0
338.30167,1.0,0.595013126238991,78.0,51.76614198279222,1.0,0.595013126238991,1.0,0.595013126238991,0.0,0.0
337.73834,1.0,0.595013126238991,78.0,51.17112885655323,1.0,0.595013126238991,1.0,0.595013126238991,0.0,0.0
338.06833,1.0,0.595013126238991,78.0,51.17112885655323,1.0,0.595013126238991,1.0,0.595013126238991,0.0,0.0
338.15167,1.0,0.595013126238991,78.0,51.17112885655323,1.0,0.595013126238991,1.0,0.595013126238991,0.0,0.0
337.84332,1.0,0.595013126238991,78.0,51.17112885655323,1.0,0.595013126238991,1.0,0.595013126238991,0.0,0.0
338.34668,1.0,0.595013126238991,78.0,51.17112885655323,1.0,0.595013126238991,1.0,0.595013126238991,0.0,0.0
337.58667,1.0,0.595013126238991,79.0,51.17112885655323,1.0,0.595013126238991,1.0,0.595013126238991,0.0,0.0
336.92667,1.0,0.595013126238991,77.0,51.17112885655323,1.0,0.595013126238991,1.0,0.595013126238991,0.0,0.0
336.01166,1.0,0.595013126238991,77.0,51.17112885655323,1.0,0.595013126238991,1.0,0.595013126238991,0.0,0.0
335.55,1.0,0.595013126238991,77.0,50.57611573031424,1.0,0.595013126238991,1.0,0.595013126238991,0.0,0.0
340.625,1.0,0.5946396488163253,81.0,54.70684769110192,1.0,0.5946396488163253,1.0,0.5946396488163253,0.0,0.0
341.34833,1.0,0.5946396488163253,81.0,54.70684769110192,1.0,0.5946396488163253,1.0,0.5946396488163253,0.0,0.0
342.02667,1.0,0.5946396488163253,82.0,54.70684769110192,1.0,0.5946396488163253,1.0,0.5946396488163253,0.0,0.0
381.98666,1.0,0.5946396488163253,82.0,54.112208042285594,1.0,0.5946396488163253,1.0,0.5946396488163253,0.0,0.0
559.365,1.0,0.5946396488163253,99.0,64.22108207216313,1.0,0.5946396488163253,1.0,0.5946396488163253,0.0,0.0
541.02,1.0,0.5946396488163253,99.0,64.22108207216313,1.0,0.5946396488163253,1.0,0.5946396488163253,0.0,0.0
488.41666,1.0,0.5946396488163253,81.0,64.22108207216313,1.0,0.5946396488163253,1.0,0.5946396488163253,0.0,0.0
339.91,1.0,0.5946396488163253,81.0,54.112208042285594,1.0,0.5946396488163253,1.0,0.5946396488163253,0.0,0.0
340.47833,1.0,0.5946396488163253,81.0,54.112208042285594,1.0,0.5946396488163253,1.0,0.5946396488163253,0.0,0.0
340.79666,1.0,0.5946396488163253,81.0,54.112208042285594,1.0,0.5946396488163253,1.0,0.5946396488163253,0.0,0.0
341.37,1.0,0.5946396488163253,81.0,53.517568393469276,1.0,0.5946396488163253,1.0,0.5946396488163253,0.0,0.0
341.42166,1.0,0.5946396488163253,80.0,53.517568393469276,1.0,0.5946396488163253,1.0,0.5946396488163253,0.0,0.0
342.06833,1.0,0.5946396488163253,81.0,54.112208042285594,1.0,0.5946396488163253,1.0,0.5946396488163253,0.0,0.0
341.5,1.0,0.5946396488163253,81.0,53.517568393469276,1.0,0.5946396488163253,1.0,0.5946396488163253,0.0,0.0
341.60666,1.0,0.5946396488163253,81.0,52.92292874465295,1.0,0.5946396488163253,1.0,0.5946396488163253,0.0,0.0
341.71832,1.0,0.5946396488163253,81.0,52.92292874465295,1.0,0.5946396488163253,1.0,0.5946396488163253,0.0,0.0
341.29166,1.0,0.5946396488163253,82.0,53.517568393469276,1.0,0.5946396488163253,1.0,0.5946396488163253,0.0,0.0
341.13666,1.0,0.5946396488163253,81.0,52.92292874465295,1.0,0.5946396488163253,1.0,0.5946396488163253,0.0,0.0
341.15,1.0,0.5946396488163253,81.0,52.92292874465295,1.0,0.5946396488163253,1.0,0.5946396488163253,0.0,0.0
340.89,1.0,0.5946396488163253,81.0,52.92292874465295,1.0,0.5946396488163253,1.0,0.5946396488163253,0.0,0.0
341.30167,1.0,0.5946396488163253,81.0,52.328289095836624,1.0,0.5946396488163253,1.0,0.5946396488163253,0.0,0.0
340.785,1.0,0.5946396488163253,81.0,52.92292874465295,1.0,0.5946396488163253,1.0,0.5946396488163253,0.0,0.0
341.08334,1.0,0.5946396488163253,81.0,52.92292874465295,1.0,0.5946396488163253,1.0,0.5946396488163253,0.0,0.0
340.99835,1.0,0.5946396488163253,81.0,52.328289095836624,1.0,0.5946396488163253,1.0,0.5946396488163253,0.0,0.0
340.98666,1.0,0.5946396488163253,80.0,52.328289095836624,1.0,0.5946396488163253,1.0,0.5946396488163253,0.0,0.0
341.52167,1.0,0.5946396488163253,80.0,52.92292874465295,1.0,0.5946396488163253,1.0,0.5946396488163253,0.0,0.0
341.13333,1.0,0.5946396488163253,81.0,52.328289095836624,1.0,0.5946396488163253,1.0,0.5946396488163253,0.0,0.0
340.92334,1.0,0.5946396488163253,80.0,52.328289095836624,1.0,0.5946396488163253,1.0,0.5946396488163253,0.0,0.0
339.075,1.0,0.5946396488163253,80.0,52.328289095836624,1.0,0.5946396488163253,1.0,0.5946396488163253,0.0,0.0
338.175,1.0,0.5946396488163253,80.0,52.328289095836624,1.0,0.5946396488163253,1.0,0.5946396488163253,0.0,0.0
338.54666,1.0,0.5946396488163253,80.0,52.328289095836624,1.0,0.5946396488163253,1.0,0.5946396488163253,0.0,0.0
338.04333,1.0,0.5946396488163253,80.0,52.328289095836624,1.0,0.5946396488163253,1.0,0.5946396488163253,0.0,0.0
338.334,1.0,0.5946396488163253,79.0,52.328289095836624,1.0,0.5946396488163253,1.0,0.5946396488163253,0.0,0.0
338.25668,1.0,0.5946396488163253,79.0,51.7336494470203,1.0,0.5946396488163253,1.0,0.5946396488163253,0.0,0.0
337.71,1.0,0.5946396488163253,80.0,52.328289095836624,1.0,0.5946396488163253,1.0,0.5946396488163253,0.0,0.0
337.71,1.0,0.5946396488163253,79.0,52.328289095836624,1.0,0.5946396488163253,1.0,0.5946396488163253,0.0,0.0
337.06,1.0,0.5946396488163253,79.0,51.7336494470203,1.0,0.5946396488163253,1.0,0.5946396488163253,0.0,0.0
337.12335,1.0,0.5946396488163253,79.0,51.7336494470203,1.0,0.5946396488163253,1.0,0.5946396488163253,0.0,0.0
336.59167,1.0,0.5946396488163253,108.0,51.7336494470203,1.0,0.5946396488163253,1.0,0.5946396488163253,0.0,0.0
336.995,1.0,0.5946396488163253,80.0,51.7336494470203,1.0,0.5946396488163253,1.0,0.5946396488163253,0.0,0.0
337.175,1.0,0.5946396488163253,79.0,51.7336494470203,1.0,0.5946396488163253,1.0,0.5946396488163253,0.0,0.0
335.99335,1.0,0.5946396488163253,79.0,51.7336494470203,1.0,0.5946396488163253,1.0,0.5946396488163253,0.0,0.0
337.12668,1.0,0.5946396488163253,78.0,51.7336494470203,1.0,0.5946396488163253,1.0,0.5946396488163253,0.0,0.0
337.225,1.0,0.5946396488163253,78.0,51.7336494470203,1.0,0.5946396488163253,1.0,0.5946396488163253,0.0,0.0
337.73834,1.0,0.5946396488163253,78.0,51.13900979820397,1.0,0.5946396488163253,1.0,0.5946396488163253,0.0,0.0
337.27,1.0,0.5946396488163253,78.0,51.7336494470203,1.0,0.5946396488163253,1.0,0.5946396488163253,0.0,0.0
337.32,1.0,0.5946396488163253,78.0,51.7336494470203,1.0,0.5946396488163253,1.0,0.5946396488163253,0.0,0.0
337.81665,1.0,0.5946396488163253,78.0,51.7336494470203,1.0,0.5946396488163253,1.0,0.5946396488163253,0.0,0.0
337.895,1.0,0.5946396488163253,78.0,51.13900979820397,1.0,0.5946396488163253,1.0,0.5946396488163253,0.0,0.0
338.30167,1.0,0.5946396488163253,78.0,51.7336494470203,1.0,0.5946396488163253,1.0,0.5946396488163253,0.0,0.0
337.73834,1.0,0.5946396488163253,78.0,51.13900979820397,1.0,0.5946396488163253,1.0,0.5946396488163253,0.0,0.0
338.06833,1.0,0.5946396488163253,78.0,51.13900979820397,1.0,0.5946396488163253,1.0,0.5946396488163253,0.0,0.0
338.15167,1.0,0.5946396488163253,78.0,51.13900979820397,1.0,0.5946396488163253,1.0,0.5946396488163253,0.0,0.0
337.84332,1.0,0.5946396488163253,78.0,51.13900979820397,1.0,0.5946396488163253,1.0,0.5946396488163253,0.0,0.0
338.34668,1.0,0.5946396488163253,78.0,51.13900979820397,1.0,0.5946396488163253,1.0,0.5946396488163253,0.0,0.0
337.58667,1.0,0.5946396488163253,79.0,51.13900979820397,1.0,0.5946396488163253,1.0,0.5946396488163253,0.0,0.0
336.92667,1.0,0.5946396488163253,77.0,51.13900979820397,1.0,0.5946396488163253,1.0,0.5946396488163253,0.0,0.0
336.01166,1.0,0.5946396488163253,77.0,51.13900979820397,1.0,0.5946396488163253,1.0,0.5946396488163253,0.0,0.0
335.55,1.0,0.5946396488163253,77.0,50.544370149387646,1.0,0.5946396488163253,1.0,0.5946396488163253,0.0,0.0
334.735,1.0,0.5946396488163253,77.0,50.544370149387646,1.0,0.5946396488163253,1.0,0.5946396488163253,0.0,0.0
341.34833,1.0,0.5942176170281507,81.0,54.66802076658986,1.0,0.5942176170281507,1.0,0.5942176170281507,0.0,0.0
342.02667,1.0,0.5942176170281507,82.0,54.66802076658986,1.0,0.5942176170281507,1.0,0.5942176170281507,0.0,0.0
381.98666,1.0,0.5942176170281507,82.0,54.07380314956171,1.0,0.5942176170281507,1.0,0.5942176170281507,0.0,0.0
559.365,1.0,0.5942176170281507,99.0,64.17550263904027,1.0,0.5942176170281507,1.0,0.5942176170281507,0.0,0.0
541.02,1.0,0.5942176170281507,99.0,64.17550263904027,1.0,0.5942176170281507,1.0,0.5942176170281507,0.0,0.0
488.41666,1.0,0.5942176170281507,81.0,64.17550263904027,1.0,0.5942176170281507,1.0,0.5942176170281507,0.0,0.0
339.91,1.0,0.5942176170281507,81.0,54.07380314956171,1.0,0.5942176170281507,1.0,0.5942176170281507,0.0,0.0
340.47833,1.0,0.5942176170281507,81.0,54.07380314956171,1.0,0.5942176170281507,1.0,0.5942176170281507,0.0,0.0
340.79666,1.0,0.5942176170281507,81.0,54.07380314956171,1.0,0.5942176170281507,1.0,0.5942176170281507,0.0,0.0
341.37,1.0,0.5942176170281507,81.0,53.47958553253356,1.0,0.5942176170281507,1.0,0.5942176170281507,0.0,0.0
341.42166,1.0,0.5942176170281507,80.0,53.47958553253356,1.0,0.5942176170281507,1.0,0.5942176170281507,0.0,0.0
342.06833,1.0,0.5942176170281507,81.0,54.07380314956171,1.0,0.5942176170281507,1.0,0.5942176170281507,0.0,0.0
341.5,1.0,0.5942176170281507,81.0,53.47958553253356,1.0,0.5942176170281507,1.0,0.5942176170281507,0.0,0.0
341.60666,1.0,0.5942176170281507,81.0,52.88536791550541,1.0,0.5942176170281507,1.0,0.5942176170281507,0.0,0.0
341.71832,1.0,0.5942176170281507,81.0,52.88536791550541,1.0,0.5942176170281507,1.0,0.5942176170281507,0.0,0.0
341.29166,1.0,0.5942176170281507,82.0,53.47958553253356,1.0,0.5942176170281507,1.0,0.5942176170281507,0.0,0.0
341.13666,1.0,0.5942176170281507,81.0,52.88536791550541,1.0,0.5942176170281507,1.0,0.5942176170281507,0.0,0.0
341.15,1.0,0.5942176170281507,81.0,52.88536791550541,1.0,0.5942176170281507,1.0,0.5942176170281507,0.0,0.0
340.89,1.0,0.5942176170281507,81.0,52.88536791550541,1.0,0.5942176170281507,1.0,0.5942176170281507,0.0,0.0
341.30167,1.0,0.5942176170281507,81.0,52.29115029847726,1.0,0.5942176170281507,1.0,0.5942176170281507,0.0,0.0
340.785,1.0,0.5942176170281507,81.0,52.88536791550541,1.0,0.5942176170281507,1.0,0.5942176170281507,0.0,0.0
341.08334,1.0,0.5942176170281507,81.0,52.88536791550541,1.0,0.5942176170281507,1.0,0.5942176170281507,0.0,0.0
340.99835,1.0,0.5942176170281507,81.0,52.29115029847726,1.0,0.5942176170281507,1.0,0.5942176170281507,0.0,0.0
340.98666,1.0,0.5942176170281507,80.0,52.29115029847726,1.0,0.5942176170281507,1.0,0.5942176170281507,0.0,0.0
341.52167,1.0,0.5942176170281507,80.0,52.88536791550541,1.0,0.5942176170281507,1.0,0.5942176170281507,0.0,0.0
341.13333,1.0,0.5942176170281507,81.0,52.29115029847726,1.0,0.5942176170281507,1.0,0.5942176170281507,0.0,0.0
340.92334,1.0,0.5942176170281507,80.0,52.29115029847726,1.0,0.5942176170281507,1.0,0.5942176170281507,0.0,0.0
339.075,1.0,0.5942176170281507,80.0,52.29115029847726,1.0,0.5942176170281507,1.0,0.5942176170281507,0.0,0.0
338.175,1.0,0.5942176170281507,80.0,52.29115029847726,1.0,0.5942176170281507,1.0,0.5942176170281507,0.0,0.0
338.54666,1.0,0.5942176170281507,80.0,52.29115029847726,1.0,0.5942176170281507,1.0,0.5942176170281507,0.0,0.0
338.04333,1.0,0.5942176170281507,80.0,52.29115029847726,1.0,0.5942176170281507,1.0,0.5942176170281507,0.0,0.0
338.334,1.0,0.5942176170281507,79.0,52.29115029847726,1.0,0.5942176170281507,1.0,0.5942176170281507,0.0,0.0
338.25668,1.0,0.5942176170281507,79.0,51.69693268144911,1.0,0.5942176170281507,1.0,0.5942176170281507,0.0,0.0
337.71,1.0,0.5942176170281507,80.0,52.29115029847726,1.0,0.5942176170281507,1.0,0.5942176170281507,0.0,0.0
337.71,1.0,0.5942176170281507,79.0,52.29115029847726,1.0,0.5942176170281507,1.0,0.5942176170281507,0.0,0.0
337.06,1.0,0.5942176170281507,79.0,51.69693268144911,1.0,0.5942176170281507,1.0,0.5942176170281507,0.0,0.0
337.12335,1.0,0.5942176170281507,79.0,51.69693268144911,1.0,0.5942176170281507,1.0,0.5942176170281507,0.0,0.0
336.59167,1.0,0.5942176170281507,108.0,51.69693268144911,1.0,0.5942176170281507,1.0,0.5942176170281507,0.0,0.0
336.995,1.0,0.5942176170281507,80.0,51.69693268144911,1.0,0.5942176170281507,1.0,0.5942176170281507,0.0,0.0
337.175,1.0,0.5942176170281507,79.0,51.69693268144911,1.0,0.5942176170281507,1.0,0.5942176170281507,0.0,0.0
335.99335,1.0,0.5942176170281507,79.0,51.69693268144911,1.0,0.5942176170281507,1.0,0.5942176170281507,0.0,0.0
337.12668,1.0,0.5942176170281507,78.0,51.69693268144911,1.0,0.5942176170281507,1.0,0.5942176170281507,0.0,0.0
337.225,1.0,0.5942176170281507,78.0,51.69693268144911,1.0,0.5942176170281507,1.0,0.5942176170281507,0.0,0.0
337.73834,1.0,0.5942176170281507,78.0,51.102715064420956,1.0,0.5942176170281507,1.0,0.5942176170281507,0.0,0.0
337.27,1.0,0.5942176170281507,78.0,51.69693268144911,1.0,0.5942176170281507,1.0,0.5942176170281507,0.0,0.0
337.32,1.0,0.5942176170281507,78.0,51.69693268144911,1.0,0.5942176170281507,1.0,0.5942176170281507,0.0,0.0
337.81665,1.0,0.5942176170281507,78.0,51.69693268144911,1.0,0.5942176170281507,1.0,0.5942176170281507,0.0,0.0
337.895,1.0,0.5942176170281507,78.0,51.102715064420956,1.0,0.5942176170281507,1.0,0.5942176170281507,0.0,0.0
338.30167,1.0,0.5942176170281507,78.0,51.69693268144911,1.0,0.5942176170281507,1.0,0.5942176170281507,0.0,0.0
337.73834,1.0,0.5942176170281507,78.0,51.102715064420956,1.0,0.5942176170281507,1.0,0.5942176170281507,0.0,0.0
338.06833,1.0,0.5942176170281507,78.0,51.102715064420956,1.0,0.5942176170281507,1.0,0.5942176170281507,0.0,0.0
338.15167,1.0,0.5942176170281507,78.0,51.102715064420956,1.0,0.5942176170281507,1.0,0.5942176170281507,0.0,0.0
337.84332,1.0,0.5942176170281507,78.0,51.102715064420956,1.0,0.5942176170281507,1.0,0.5942176170281507,0.0,0.0
338.34668,1.0,0.5942176170281507,78.0,51.102715064420956,1.0,0.5942176170281507,1.0,0.5942176170281507,0.0,0.0
337.58667,1.0,0.5942176170281507,79.0,51.102715064420956,1.0,0.5942176170281507,1.0,0.5942176170281507,0.0,0.0
336.92667,1.0,0.5942176170281507,77.0,51.102715064420956,1.0,0.5942176170281507,1.0,0.5942176170281507,0.0,0.0
336.01166,1.0,0.5942176170281507,77.0,51.102715064420956,1.0,0.5942176170281507,1.0,0.5942176170281507,0.0,0.0
335.55,1.0,0.5942176170281507,77.0,50.508497447392806,1.0,0.5942176170281507,1.0,0.5942176170281507,0.0,0.0
334.735,1.0,0.5942176170281507,77.0,50.508497447392806,1.0,0.5942176170281507,1.0,0.5942176170281507,0.0,0.0
335.27667,1.0,0.5942176170281507,77.0,51.102715064420956,1.0,0.5942176170281507,1.0,0.5942176170281507,0.0,0.0
342.02667,1.0,0.5951777092820125,82.0,54.75634925394515,1.0,0.5951777092820125,1.0,0.5951777092820125,0.0,0.0
381.98666,1.0,0.5951777092820125,82.0,54.16117154466314,1.0,0.5951777092820125,1.0,0.5951777092820125,0.0,0.0
559.365,1.0,0.5951777092820125,99.0,64.27919260245736,1.0,0.5951777092820125,1.0,0.5951777092820125,0.0,0.0
541.02,1.0,0.5951777092820125,99.0,64.27919260245736,1.0,0.5951777092820125,1.0,0.5951777092820125,0.0,0.0
488.41666,1.0,0.5951777092820125,81.0,64.27919260245736,1.0,0.5951777092820125,1.0,0.5951777092820125,0.0,0.0
339.91,1.0,0.5951777092820125,81.0,54.16117154466314,1.0,0.5951777092820125,1.0,0.5951777092820125,0.0,0.0
340.47833,1.0,0.5951777092820125,81.0,54.16117154466314,1.0,0.5951777092820125,1.0,0.5951777092820125,0.0,0.0
340.79666,1.0,0.5951777092820125,81.0,54.16117154466314,1.0,0.5951777092820125,1.0,0.5951777092820125,0.0,0.0
341.37,1.0,0.5951777092820125,81.0,53.56599383538113,1.0,0.5951777092820125,1.0,0.5951777092820125,0.0,0.0
341.42166,1.0,0.5951777092820125,80.0,53.56599383538113,1.0,0.5951777092820125,1.0,0.5951777092820125,0.0,0.0
342.06833,1.0,0.5951777092820125,81.0,54.16117154466314,1.0,0.5951777092820125,1.0,0.5951777092820125,0.0,0.0
341.5,1.0,0.5951777092820125,81.0,53.56599383538113,1.0,0.5951777092820125,1.0,0.5951777092820125,0.0,0.0
341.60666,1.0,0.5951777092820125,81.0,52.970816126099116,1.0,0.5951777092820125,1.0,0.5951777092820125,0.0,0.0
341.71832,1.0,0.5951777092820125,81.0,52.970816126099116,1.0,0.5951777092820125,1.0,0.5951777092820125,0.0,0.0
341.29166,1.0,0.5951777092820125,82.0,53.56599383538113,1.0,0.5951777092820125,1.0,0.5951777092820125,0.0,0.0
341.13666,1.0,0.5951777092820125,81.0,52.970816126099116,1.0,0.5951777092820125,1.0,0.5951777092820125,0.0,0.0
341.15,1.0,0.5951777092820125,81.0,52.970816126099116,1.0,0.5951777092820125,1.0,0.5951777092820125,0.0,0.0
340.89,1.0,0.5951777092820125,81.0,52.970816126099116,1.0,0.5951777092820125,1.0,0.5951777092820125,0.0,0.0
341.30167,1.0,0.5951777092820125,81.0,52.375638416817104,1.0,0.5951777092820125,1.0,0.5951777092820125,0.0,0.0
340.785,1.0,0.5951777092820125,81.0,52.970816126099116,1.0,0.5951777092820125,1.0,0.5951777092820125,0.0,0.0
341.08334,1.0,0.5951777092820125,81.0,52.970816126099116,1.0,0.5951777092820125,1.0,0.5951777092820125,0.0,0.0
340.99835,1.0,0.5951777092820125,81.0,52.375638416817104,1.0,0.5951777092820125,1.0,0.5951777092820125,0.0,0.0
340.98666,1.0,0.5951777092820125,80.0,52.375638416817104,1.0,0.5951777092820125,1.0,0.5951777092820125,0.0,0.0
341.52167,1.0,0.5951777092820125,80.0,52.970816126099116,1.0,0.5951777092820125,1.0,0.5951777092820125,0.0,0.0
341.13333,1.0,0.5951777092820125,81.0,52.375638416817104,1.0,0.5951777092820125,1.0,0.5951777092820125,0.0,0.0
340.92334,1.0,0.5951777092820125,80.0,52.375638416817104,1.0,0.5951777092820125,1.0,0.5951777092820125,0.0,0.0
339.075,1.0,0.5951777092820125,80.0,52.375638416817104,1.0,0.5951777092820125,1.0,0.5951777092820125,0.0,0.0
338.175,1.0,0.5951777092820125,80.0,52.375638416817104,1.0,0.5951777092820125,1.0,0.5951777092820125,0.0,0.0
338.54666,1.0,0.5951777092820125,80.0,52.375638416817104,1.0,0.5951777092820125,1.0,0.5951777092820125,0.0,0.0
338.04333,1.0,0.5951777092820125,80.0,52.375638416817104,1.0,0.5951777092820125,1.0,0.5951777092820125,0.0,0.0
338.334,1.0,0.5951777092820125,79.0,52.375638416817104,1.0,0.5951777092820125,1.0,0.5951777092820125,0.0,0.0
338.25668,1.0,0.5951777092820125,79.0,51.78046070753509,1.0,0.5951777092820125,1.0,0.5951777092820125,0.0,0.0
337.71,1.0,0.5951777092820125,80.0,52.375638416817104,1.0,0.5951777092820125,1.0,0.5951777092820125,0.0,0.0
337.71,1.0,0.5951777092820125,79.0,52.375638416817104,1.0,0.5951777092820125,1.0,0.5951777092820125,0.0,0.0
337.06,1.0,0.5951777092820125,79.0,51.78046070753509,1.0,0.5951777092820125,1.0,0.5951777092820125,0.0,0.0
337.12335,1.0,0.5951777092820125,79.0,51.78046070753509,1.0,0.5951777092820125,1.0,0.5951777092820125,0.0,0.0
336.59167,1.0,0.5951777092820125,108.0,51.78046070753509,1.0,0.5951777092820125,1.0,0.5951777092820125,0.0,0.0
336.995,1.0,0.5951777092820125,80.0,51.78046070753509,1.0,0.5951777092820125,1.0,0.5951777092820125,0.0,0.0
337.175,1.0,0.5951777092820125,79.0,51.78046070753509,1.0,0.5951777092820125,1.0,0.5951777092820125,0.0,0.0
335.99335,1.0,0.5951777092820125,79.0,51.78046070753509,1.0,0.5951777092820125,1.0,0.5951777092820125,0.0,0.0
337.12668,1.0,0.5951777092820125,78.0,51.78046070753509,1.0,0.5951777092820125,1.0,0.5951777092820125,0.0,0.0
337.225,1.0,0.5951777092820125,78.0,51.78046070753509,1.0,0.5951777092820125,1.0,0.5951777092820125,0.0,0.0
337.73834,1.0,0.5951777092820125,78.0,51.18528299825308,1.0,0.5951777092820125,1.0,0.5951777092820125,0.0,0.0
337.27,1.0,0.5951777092820125,78.0,51.78046070753509,1.0,0.5951777092820125,1.0,0.5951777092820125,0.0,0.0
337.32,1.0,0.5951777092820125,78.0,51.78046070753509,1.0,0.5951777092820125,1.0,0.5951777092820125,0.0,0.0
337.81665,1.0,0.5951777092820125,78.0,51.78046070753509,1.0,0.5951777092820125,1.0,0.5951777092820125,0.0,0.0
337.895,1.0,0.5951777092820125,78.0,51.18528299825308,1.0,0.5951777092820125,1.0,0.5951777092820125,0.0,0.0
338.30167,1.0,0.5951777092820125,78.0,51.78046070753509,1.0,0.5951777092820125,1.0,0.5951777092820125,0.0,0.0
337.73834,1.0,0.5951777092820125,78.0,51.18528299825308,1.0,0.5951777092820125,1.0,0.5951777092820125,0.0,0.0
338.06833,1.0,0.5951777092820125,78.0,51.18528299825308,1.0,0.5951777092820125,1.0,0.5951777092820125,0.0,0.0
338.15167,1.0,0.5951777092820125,78.0,51.18528299825308,1.0,0.5951777092820125,1.0,0.5951777092820125,0.0,0.0
337.84332,1.0,0.5951777092820125,78.0,51.18528299825308,1.0,0.5951777092820125,1.0,0.5951777092820125,0.0,0.0
338.34668,1.0,0.5951777092820125,78.0,51.18528299825308,1.0,0.5951777092820125,1.0,0.5951777092820125,0.0,0.0
337.58667,1.0,0.5951777092820125,79.0,51.18528299825308,1.0,0.5951777092820125,1.0,0.5951777092820125,0.0,0.0
336.92667,1.0,0.5951777092820125,77.0,51.18528299825308,1.0,0.5951777092820125,1.0,0.5951777092820125,0.0,0.0
336.01166,1.0,0.5951777092820125,77.0,51.18528299825308,1.0,0.5951777092820125,1.0,0.5951777092820125,0.0,0.0
335.55,1.0,0.5951777092820125,77.0,50.59010528897107,1.0,0.5951777092820125,1.0,0.5951777092820125,0.0,0.0
334.735,1.0,0.5951777092820125,77.0,50.59010528897107,1.0,0.5951777092820125,1.0,0.5951777092820125,0.0,0.0
335.27667,1.0,0.5951777092820125,77.0,51.18528299825308,1.0,0.5951777092820125,1.0,0.5951777092820125,0.0,0.0
335.88333,1.0,0.5951777092820125,78.0,50.59010528897107,1.0,0.5951777092820125,1.0,0.5951777092820125,0.0,0.0
381.98666,1.0,0.7137581604283253,82.0,171.30195850279807,1.0,0.7137581604283253,1.0,0.7137581604283253,0.0,0.0
559.365,1.0,0.7137581604283253,99.0,171.30195850279807,1.0,0.7137581604283253,1.0,0.7137581604283253,0.0,0.0
541.02,1.0,0.7137581604283253,99.0,171.30195850279807,1.0,0.7137581604283253,1.0,0.7137581604283253,0.0,0.0
488.41666,1.0,0.7137581604283253,81.0,172.01571666322639,1.0,0.7137581604283253,1.0,0.7137581604283253,0.0,0.0
339.91,1.0,0.7137581604283253,81.0,172.72947482365473,1.0,0.7137581604283253,1.0,0.7137581604283253,0.0,0.0
340.47833,1.0,0.7137581604283253,81.0,0.0,1.0,0.7137581604283253,1.0,0.7137581604283253,0.0,0.0
340.79666,1.0,0.7137581604283253,81.0,0.0,1.0,0.7137581604283253,1.0,0.7137581604283253,0.0,0.0
341.37,1.0,0.7137581604283253,81.0,0.0,1.0,0.7137581604283253,1.0,0.7137581604283253,0.0,0.0
341.42166,1.0,0.7137581604283253,80.0,0.0,1.0,0.7137581604283253,1.0,0.7137581604283253,0.0,0.0
342.06833,1.0,0.7137581604283253,81.0,0.0,1.0,0.7137581604283253,1.0,0.7137581604283253,0.0,0.0
341.5,1.0,0.7137581604283253,81.0,0.0,1.0,0.7137581604283253,1.0,0.7137581604283253,0.0,0.0
341.60666,1.0,0.7137581604283253,81.0,0.0,1.0,0.7137581604283253,1.0,0.7137581604283253,0.0,0.0
341.71832,1.0,0.7137581604283253,81.0,0.0,1.0,0.7137581604283253,1.0,0.7137581604283253,0.0,0.0
341.29166,1.0,0.7137581604283253,82.0,0.0,1.0,0.7137581604283253,1.0,0.7137581604283253,0.0,0.0
341.13666,1.0,0.7137581604283253,81.0,0.0,1.0,0.7137581604283253,1.0,0.7137581604283253,0.0,0.0
341.15,1.0,0.7137581604283253,81.0,0.0,1.0,0.7137581604283253,1.0,0.7137581604283253,0.0,0.0
340.89,1.0,0.7137581604283253,81.0,0.0,1.0,0.7137581604283253,1.0,0.7137581604283253,0.0,0.0
341.30167,1.0,0.7137581604283253,81.0,0.0,1.0,0.7137581604283253,1.0,0.7137581604283253,0.0,0.0
340.785,1.0,0.7137581604283253,81.0,0.0,1.0,0.7137581604283253,1.0,0.7137581604283253,0.0,0.0
341.08334,1.0,0.7137581604283253,81.0,0.0,1.0,0.7137581604283253,1.0,0.7137581604283253,0.0,0.0
340.99835,1.0,0.7137581604283253,81.0,0.0,1.0,0.7137581604283253,1.0,0.7137581604283253,0.0,0.0
340.98666,1.0,0.7137581604283253,80.0,0.0,1.0,0.7137581604283253,1.0,0.7137581604283253,0.0,0.0
341.52167,1.0,0.7137581604283253,80.0,0.0,1.0,0.7137581604283253,1.0,0.7137581604283253,0.0,0.0
341.13333,1.0,0.7137581604283253,81.0,0.0,1.0,0.7137581604283253,1.0,0.7137581604283253,0.0,0.0
340.92334,1.0,0.7137581604283253,80.0,0.0,1.0,0.7137581604283253,1.0,0.7137581604283253,0.0,0.0
339.075,1.0,0.7137581604283253,80.0,0.0,1.0,0.7137581604283253,1.0,0.7137581604283253,0.0,0.0
338.175,1.0,0.7137581604283253,80.0,0.0,1.0,0.7137581604283253,1.0,0.7137581604283253,0.0,0.0
338.54666,1.0,0.7137581604283253,80.0,0.0,1.0,0.7137581604283253,1.0,0.7137581604283253,0.0,0.0
338.04333,1.0,0.7137581604283253,80.0,0.0,1.0,0.7137581604283253,1.0,0.7137581604283253,0.0,0.0
338.334,1.0,0.7137581604283253,79.0,0.0,1.0,0.7137581604283253,1.0,0.7137581604283253,0.0,0.0
338.25668,1.0,0.7137581604283253,79.0,0.0,1.0,0.7137581604283253,1.0,0.7137581604283253,0.0,0.0
337.71,1.0,0.7137581604283253,80.0,0.0,1.0,0.7137581604283253,1.0,0.7137581604283253,0.0,0.0
337.71,1.0,0.7137581604283253,79.0,0.0,1.0,0.7137581604283253,1.0,0.7137581604283253,0.0,0.0
337.06,1.0,0.7137581604283253,79.0,0.0,1.0,0.7137581604283253,1.0,0.7137581604283253,0.0,0.0
337.12335,1.0,0.7137581604283253,79.0,0.0,1.0,0.7137581604283253,1.0,0.7137581604283253,0.0,0.0
336.59167,1.0,0.7137581604283253,108.0,0.0,1.0,0.7137581604283253,1.0,0.7137581604283253,0.0,0.0
336.995,1.0,0.7137581604283253,80.0,0.0,1.0,0.7137581604283253,1.0,0.7137581604283253,0.0,0.0
337.175,1.0,0.7137581604283253,79.0,0.0,1.0,0.7137581604283253,1.0,0.7137581604283253,0.0,0.0
335.99335,1.0,0.7137581604283253,79.0,0.0,1.0,0.7137581604283253,1.0,0.7137581604283253,0.0,0.0
337.12668,1.0,0.7137581604283253,78.0,0.0,1.0,0.7137581604283253,1.0,0.7137581604283253,0.0,0.0
337.225,1.0,0.7137581604283253,78.0,0.0,1.0,0.7137581604283253,1.0,0.7137581604283253,0.0,0.0
337.73834,1.0,0.7137581604283253,78.0,0.0,1.0,0.7137581604283253,1.0,0.7137581604283253,0.0,0.0
337.27,1.0,0.7137581604283253,78.0,0.0,1.0,0.7137581604283253,1.0,0.7137581604283253,0.0,0.0
337.32,1.0,0.7137581604283253,78.0,0.0,1.0,0.7137581604283253,1.0,0.7137581604283253,0.0,0.0
337.81665,1.0,0.7137581604283253,78.0,0.0,1.0,0.7137581604283253,1.0,0.7137581604283253,0.0,0.0
337.895,1.0,0.7137581604283253,78.0,0.0,1.0,0.7137581604283253,1.0,0.7137581604283253,0.0,0.0
338.30167,1.0,0.7137581604283253,78.0,0.0,1.0,0.7137581604283253,1.0,0.7137581604283253,0.0,0.0
337.73834,1.0,0.7137581604283253,78.0,0.0,1.0,0.7137581604283253,1.0,0.7137581604283253,0.0,0.0
338.06833,1.0,0.7137581604283253,78.0,0.0,1.0,0.7137581604283253,1.0,0.7137581604283253,0.0,0.0
338.15167,1.0,0.7137581604283253,78.0,0.0,1.0,0.7137581604283253,1.0,0.7137581604283253,0.0,0.0
337.84332,1.0,0.7137581604283253,78.0,0.0,1.0,0.7137581604283253,1.0,0.7137581604283253,0.0,0.0
338.34668,1.0,0.7137581604283253,78.0,0.0,1.0,0.7137581604283253,1.0,0.7137581604283253,0.0,0.0
337.58667,1.0,0.7137581604283253,79.0,0.0,1.0,0.7137581604283253,1.0,0.7137581604283253,0.0,0.0
336.92667,1.0,0.7137581604283253,77.0,0.0,1.0,0.7137581604283253,1.0,0.7137581604283253,0.0,0.0
336.01166,1.0,0.7137581604283253,77.0,0.0,1.0,0.7137581604283253,1.0,0.7137581604283253,0.0,0.0
335.55,1.0,0.7137581604283253,77.0,0.0,1.0,0.7137581604283253,1.0,0.7137581604283253,0.0,0.0
334.735,1.0,0.7137581604283253,77.0,0.0,1.0,0.7137581604283253,1.0,0.7137581604283253,0.0,0.0
335.27667,1.0,0.7137581604283253,77.0,0.0,1.0,0.7137581604283253,1.0,0.7137581604283253,0.0,0.0
335.88333,1.0,0.7137581604283253,78.0,0.0,1.0,0.7137581604283253,1.0,0.7137581604283253,0.0,0.0
335.43832,1.0,0.7137581604283253,77.0,0.0,1.0,0.7137581604283253,1.0,0.7137581604283253,0.0,0.0
559.365,1.0,0.7179839338541669,99.0,172.31614412500005,1.0,0.7179839338541669,1.0,0.7179839338541669,0.0,0.0
541.02,1.0,0.7179839338541669,99.0,172.31614412500005,1.0,0.7179839338541669,1.0,0.7179839338541669,0.0,0.0
488.41666,1.0,0.7179839338541669,81.0,173.03412805885424,1.0,0.7179839338541669,1.0,0.7179839338541669,0.0,0.0
339.91,1.0,0.7179839338541669,81.0,173.7521119927084,1.0,0.7179839338541669,1.0,0.7179839338541669,0.0,0.0
340.47833,1.0,0.7179839338541669,81.0,0.0,1.0,0.7179839338541669,1.0,0.7179839338541669,0.0,0.0
340.79666,1.0,0.7179839338541669,81.0,0.0,1.0,0.7179839338541669,1.0,0.7179839338541669,0.0,0.0
341.37,1.0,0.7179839338541669,81.0,0.0,1.0,0.7179839338541669,1.0,0.7179839338541669,0.0,0.0
341.42166,1.0,0.7179839338541669,80.0,0.0,1.0,0.7179839338541669,1.0,0.7179839338541669,0.0,0.0
342.06833,1.0,0.7179839338541669,81.0,0.0,1.0,0.7179839338541669,1.0,0.7179839338541669,0.0,0.0
341.5,1.0,0.7179839338541669,81.0,0.0,1.0,0.7179839338541669,1.0,0.7179839338541669,0.0,0.0
341.60666,1.0,0.7179839338541669,81.0,0.0,1.0,0.7179839338541669,1.0,0.7179839338541669,0.0,0.0
341.71832,1.0,0.7179839338541669,81.0,0.0,1.0,0.7179839338541669,1.0,0.7179839338541669,0.0,0.0
341.29166,1.0,0.7179839338541669,82.0,0.0,1.0,0.7179839338541669,1.0,0.7179839338541669,0.0,0.0
341.13666,1.0,0.7179839338541669,81.0,0.0,1.0,0.7179839338541669,1.0,0.7179839338541669,0.0,0.0
341.15,1.0,0.7179839338541669,81.0,0.0,1.0,0.7179839338541669,1.0,0.7179839338541669,0.0,0.0
340.89,1.0,0.7179839338541669,81.0,0.0,1.0,0.7179839338541669,1.0,0.7179839338541669,0.0,0.0
341.30167,1.0,0.7179839338541669,81.0,0.0,1.0,0.7179839338541669,1.0,0.7179839338541669,0.0,0.0
340.785,1.0,0.7179839338541669,81.0,0.0,1.0,0.7179839338541669,1.0,0.7179839338541669,0.0,0.0
341.08334,1.0,0.7179839338541669,81.0,0.0,1.0,0.7179839338541669,1.0,0.7179839338541669,0.0,0.0
340.99835,1.0,0.7179839338541669,81.0,0.0,1.0,0.7179839338541669,1.0,0.7179839338541669,0.0,0.0
340.98666,1.0,0.7179839338541669,80.0,0.0,1.0,0.7179839338541669,1.0,0.7179839338541669,0.0,0.0
341.52167,1.0,0.7179839338541669,80.0,0.0,1.0,0.7179839338541669,1.0,0.7179839338541669,0.0,0.0
341.13333,1.0,0.7179839338541669,81.0,0.0,1.0,0.7179839338541669,1.0,0.7179839338541669,0.0,0.0
340.92334,1.0,0.7179839338541669,80.0,0.0,1.0,0.7179839338541669,1.0,0.7179839338541669,0.0,0.0
339.075,1.0,0.7179839338541669,80.0,0.0,1.0,0.7179839338541669,1.0,0.7179839338541669,0.0,0.0
338.175,1.0,0.7179839338541669,80.0,0.0,1.0,0.7179839338541669,1.0,0.7179839338541669,0.0,0.0
338.54666,1.0,0.7179839338541669,80.0,0.0,1.0,0.7179839338541669,1.0,0.7179839338541669,0.0,0.0
338.04333,1.0,0.7179839338541669,80.0,0.0,1.0,0.7179839338541669,1.0,0.7179839338541669,0.0,0.0
338.334,1.0,0.7179839338541669,79.0,0.0,1.0,0.7179839338541669,1.0,0.7179839338541669,0.0,0.0
338.25668,1.0,0.7179839338541669,79.0,0.0,1.0,0.7179839338541669,1.0,0.7179839338541669,0.0,0.0
337.71,1.0,0.7179839338541669,80.0,0.0,1.0,0.7179839338541669,1.0,0.7179839338541669,0.0,0.0
337.71,1.0,0.7179839338541669,79.0,0.0,1.0,0.7179839338541669,1.0,0.7179839338541669,0.0,0.0
337.06,1.0,0.7179839338541669,79.0,0.0,1.0,0.7179839338541669,1.0,0.7179839338541669,0.0,0.0
337.12335,1.0,0.7179839338541669,79.0,0.0,1.0,0.7179839338541669,1.0,0.7179839338541669,0.0,0.0
336.59167,1.0,0.7179839338541669,108.0,0.0,1.0,0.7179839338541669,1.0,0.7179839338541669,0.0,0.0
336.995,1.0,0.7179839338541669,80.0,0.0,1.0,0.7179839338541669,1.0,0.7179839338541669,0.0,0.0
337.175,1.0,0.7179839338541669,79.0,0.0,1.0,0.7179839338541669,1.0,0.7179839338541669,0.0,0.0
335.99335,1.0,0.7179839338541669,79.0,0.0,1.0,0.7179839338541669,1.0,0.7179839338541669,0.0,0.0
337.12668,1.0,0.7179839338541669,78.0,0.0,1.0,0.7179839338541669,1.0,0.7179839338541669,0.0,0.0
337.225,1.0,0.7179839338541669,78.0,0.0,1.0,0.7179839338541669,1.0,0.7179839338541669,0.0,0.0
337.73834,1.0,0.7179839338541669,78.0,0.0,1.0,0.7179839338541669,1.0,0.7179839338541669,0.0,0.0
337.27,1.0,0.7179839338541669,78.0,0.0,1.0,0.7179839338541669,1.0,0.7179839338541669,0.0,0.0
337.32,1.0,0.7179839338541669,78.0,0.0,1.0,0.7179839338541669,1.0,0.7179839338541669,0.0,0.0
337.81665,1.0,0.7179839338541669,78.0,0.0,1.0,0.7179839338541669,1.0,0.7179839338541669,0.0,0.0
337.895,1.0,0.7179839338541669,78.0,0.0,1.0,0.7179839338541669,1.0,0.7179839338541669,0.0,0.0
338.30167,1.0,0.7179839338541669,78.0,0.0,1.0,0.7179839338541669,1.0,0.7179839338541669,0.0,0.0
337.73834,1.0,0.7179839338541669,78.0,0.0,1.0,0.7179839338541669,1.0,0.7179839338541669,0.0,0.0
338.06833,1.0,0.7179839338541669,78.0,0.0,1.0,0.7179839338541669,1.0,0.7179839338541669,0.0,0.0
338.15167,1.0,0.7179839338541669,78.0,0.0,1.0,0.7179839338541669,1.0,0.7179839338541669,0.0,0.0
337.84332,1.0,0.7179839338541669,78.0,0.0,1.0,0.7179839338541669,1.0,0.7179839338541669,0.0,0.0
338.34668,1.0,0.7179839338541669,78.0,0.0,1.0,0.7179839338541669,1.0,0.7179839338541669,0.0,0.0
337.58667,1.0,0.7179839338541669,79.0,0.0,1.0,0.7179839338541669,1.0,0.7179839338541669,0.0,0.0
336.92667,1.0,0.7179839338541669,77.0,0.0,1.0,0.7179839338541669,1.0,0.7179839338541669,0.0,0.0
336.01166,1.0,0.7179839338541669,77.0,0.0,1.0,0.7179839338541669,1.0,0.7179839338541669,0.0,0.0
335.55,1.0,0.7179839338541669,77.0,0.0,1.0,0.7179839338541669,1.0,0.7179839338541669,0.0,0.0
334.735,1.0,0.7179839338541669,77.0,0.0,1.0,0.7179839338541669,1.0,0.7179839338541669,0.0,0.0
335.27667,1.0,0.7179839338541669,77.0,0.0,1.0,0.7179839338541669,1.0,0.7179839338541669,0.0,0.0
335.88333,1.0,0.7179839338541669,78.0,0.0,1.0,0.7179839338541669,1.0,0.7179839338541669,0.0,0.0
335.43832,1.0,0.7179839338541669,77.0,0.0,1.0,0.7179839338541669,1.0,0.7179839338541669,0.0,0.0
335.24,1.0,0.7179839338541669,77.0,0.0,1.0,0.7179839338541669,1.0,0.7179839338541669,0.0,0.0
541.02,1.0,0.7162152830553724,99.0,171.89166793328937,1.0,0.7162152830553724,1.0,0.7162152830553724,0.0,0.0
488.41666,1.0,0.7162152830553724,81.0,172.60788321634476,1.0,0.7162152830553724,1.0,0.7162152830553724,0.0,0.0
339.91,1.0,0.7162152830553724,81.0,173.32409849940012,1.0,0.7162152830553724,1.0,0.7162152830553724,0.0,0.0
340.47833,1.0,0.7162152830553724,81.0,0.0,1.0,0.7162152830553724,1.0,0.7162152830553724,0.0,0.0
340.79666,1.0,0.7162152830553724,81.0,0.0,1.0,0.7162152830553724,1.0,0.7162152830553724,0.0,0.0
341.37,1.0,0.7162152830553724,81.0,0.0,1.0,0.7162152830553724,1.0,0.7162152830553724,0.0,0.0
341.42166,1.0,0.7162152830553724,80.0,0.0,1.0,0.7162152830553724,1.0,0.7162152830553724,0.0,0.0
342.06833,1.0,0.7162152830553724,81.0,0.0,1.0,0.7162152830553724,1.0,0.7162152830553724,0.0,0.0
341.5,1.0,0.7162152830553724,81.0,0.0,1.0,0.7162152830553724,1.0,0.7162152830553724,0.0,0.0
341.60666,1.0,0.7162152830553724,81.0,0.0,1.0,0.7162152830553724,1.0,0.7162152830553724,0.0,0.0
341.71832,1.0,0.7162152830553724,81.0,0.0,1.0,0.7162152830553724,1.0,0.7162152830553724,0.0,0.0
341.29166,1.0,0.7162152830553724,82.0,0.0,1.0,0.7162152830553724,1.0,0.7162152830553724,0.0,0.0
341.13666,1.0,0.7162152830553724,81.0,0.0,1.0,0.7162152830553724,1.0,0.7162152830553724,0.0,0.0
341.15,1.0,0.7162152830553724,81.0,0.0,1.0,0.7162152830553724,1.0,0.7162152830553724,0.0,0.0
340.89,1.0,0.7162152830553724,81.0,0.0,1.0,0.7162152830553724,1.0,0.7162152830553724,0.0,0.0
341.30167,1.0,0.7162152830553724,81.0,0.0,1.0,0.7162152830553724,1.0,0.7162152830553724,0.0,0.0
340.785,1.0,0.7162152830553724,81.0,0.0,1.0,0.7162152830553724,1.0,0.7162152830553724,0.0,0.0
341.08334,1.0,0.7162152830553724,81.0,0.0,1.0,0.7162152830553724,1.0,0.7162152830553724,0.0,0.0
340.99835,1.0,0.7162152830553724,81.0,0.0,1.0,0.7162152830553724,1.0,0.7162152830553724,0.0,0.0
340.98666,1.0,0.7162152830553724,80.0,0.0,1.0,0.7162152830553724,1.0,0.7162152830553724,0.0,0.0
341.52167,1.0,0.7162152830553724,80.0,0.0,1.0,0.7162152830553724,1.0,0.7162152830553724,0.0,0.0
341.13333,1.0,0.7162152830553724,81.0,0.0,1.0,0.7162152830553724,1.0,0.7162152830553724,0.0,0.0
340.92334,1.0,0.7162152830553724,80.0,0.0,1.0,0.7162152830553724,1.0,0.7162152830553724,0.0,0.0
339.075,1.0,0.7162152830553724,80.0,0.0,1.0,0.7162152830553724,1.0,0.7162152830553724,0.0,0.0
338.175,1.0,0.7162152830553724,80.0,0.0,1.0,0.7162152830553724,1.0,0.7162152830553724,0.0,0.0
338.54666,1.0,0.7162152830553724,80.0,0.0,1.0,0.7162152830553724,1.0,0.7162152830553724,0.0,0.0
338.04333,1.0,0.7162152830553724,80.0,0.0,1.0,0.7162152830553724,1.0,0.7162152830553724,0.0,0.0
338.334,1.0,0.7162152830553724,79.0,0.0,1.0,0.7162152830553724,1.0,0.7162152830553724,0.0,0.0
338.25668,1.0,0.7162152830553724,79.0,0.0,1.0,0.7162152830553724,1.0,0.7162152830553724,0.0,0.0
337.71,1.0,0.7162152830553724,80.0,0.0,1.0,0.7162152830553724,1.0,0.7162152830553724,0.0,0.0
337.71,1.0,0.7162152830553724,79.0,0.0,1.0,0.7162152830553724,1.0,0.7162152830553724,0.0,0.0
337.06,1.0,0.7162152830553724,79.0,0.0,1.0,0.7162152830553724,1.0,0.7162152830553724,0.0,0.0
337.12335,1.0,0.7162152830553724,79.0,0.0,1.0,0.7162152830553724,1.0,0.7162152830553724,0.0,0.0
336.59167,1.0,0.7162152830553724,108.0,0.0,1.0,0.7162152830553724,1.0,0.7162152830553724,0.0,0.0
336.995,1.0,0.7162152830553724,80.0,0.0,1.0,0.7162152830553724,1.0,0.7162152830553724,0.0,0.0
337.175,1.0,0.7162152830553724,79.0,0.0,1.0,0.7162152830553724,1.0,0.7162152830553724,0.0,0.0
335.99335,1.0,0.7162152830553724,79.0,0.0,1.0,0.7162152830553724,1.0,0.7162152830553724,0.0,0.0
337.12668,1.0,0.7162152830553724,78.0,0.0,1.0,0.7162152830553724,1.0,0.7162152830553724,0.0,0.0
337.225,1.0,0.7162152830553724,78.0,0.0,1.0,0.7162152830553724,1.0,0.7162152830553724,0.0,0.0
337.73834,1.0,0.7162152830553724,78.0,0.0,1.0,0.7162152830553724,1.0,0.7162152830553724,0.0,0.0
337.27,1.0,0.7162152830553724,78.0,0.0,1.0,0.7162152830553724,1.0,0.7162152830553724,0.0,0.0
337.32,1.0,0.7162152830553724,78.0,0.0,1.0,0.7162152830553724,1.0,0.7162152830553724,0.0,0.0
337.81665,1.0,0.7162152830553724,78.0,0.0,1.0,0.7162152830553724,1.0,0.7162152830553724,0.0,0.0
337.895,1.0,0.7162152830553724,78.0,0.0,1.0,0.7162152830553724,1.0,0.7162152830553724,0.0,0.0
338.30167,1.0,0.7162152830553724,78.0,0.0,1.0,0.7162152830553724,1.0,0.7162152830553724,0.0,0.0
337.73834,1.0,0.7162152830553724,78.0,0.0,1.0,0.7162152830553724,1.0,0.7162152830553724,0.0,0.0
338.06833,1.0,0.7162152830553724,78.0,0.0,1.0,0.7162152830553724,1.0,0.7162152830553724,0.0,0.0
338.15167,1.0,0.7162152830553724,78.0,0.0,1.0,0.7162152830553724,1.0,0.7162152830553724,0.0,0.0
337.84332,1.0,0.7162152830553724,78.0,0.0,1.0,0.7162152830553724,1.0,0.7162152830553724,0.0,0.0
338.34668,1.0,0.7162152830553724,78.0,0.0,1.0,0.7162152830553724,1.0,0.7162152830553724,0.0,0.0
337.58667,1.0,0.7162152830553724,79.0,0.0,1.0,0.7162152830553724,1.0,0.7162152830553724,0.0,0.0
336.92667,1.0,0.7162152830553724,77.0,0.0,1.0,0.7162152830553724,1.0,0.7162152830553724,0.0,0.0
336.01166,1.0,0.7162152830553724,77.0,0.0,1.0,0.7162152830553724,1.0,0.7162152830553724,0.0,0.0
335.55,1.0,0.7162152830553724,77.0,0.0,1.0,0.7162152830553724,1.0,0.7162152830553724,0.0,0.0
334.735,1.0,0.7162152830553724,77.0,0.0,1.0,0.7162152830553724,1.0,0.7162152830553724,0.0,0.0
335.27667,1.0,0.7162152830553724,77.0,0.0,1.0,0.7162152830553724,1.0,0.7162152830553724,0.0,0.0
335.88333,1.0,0.7162152830553724,78.0,0.0,1.0,0.7162152830553724,1.0,0.7162152830553724,0.0,0.0
335.43832,1.0,0.7162152830553724,77.0,0.0,1.0,0.7162152830553724,1.0,0.7162152830553724,0.0,0.0
335.24,1.0,0.7162152830553724,77.0,0.0,1.0,0.7162152830553724,1.0,0.7162152830553724,0.0,0.0
335.17334,1.0,0.7162152830553724,77.0,0.0,1.0,0.7162152830553724,1.0,0.7162152830553724,0.0,0.0
488.41666,1.0,0.7150664300487415,81.0,172.3310096417467,1.0,0.7150664300487415,1.0,0.7150664300487415,0.0,0.0
339.91,1.0,0.7150664300487415,81.0,173.04607607179543,1.0,0.7150664300487415,1.0,0.7150664300487415,0.0,0.0
340.47833,1.0,0.7150664300487415,81.0,0.0,1.0,0.7150664300487415,1.0,0.7150664300487415,0.0,0.0
340.79666,1.0,0.7150664300487415,81.0,0.0,1.0,0.7150664300487415,1.0,0.7150664300487415,0.0,0.0
341.37,1.0,0.7150664300487415,81.0,0.0,1.0,0.7150664300487415,1.0,0.7150664300487415,0.0,0.0
341.42166,1.0,0.7150664300487415,80.0,0.0,1.0,0.7150664300487415,1.0,0.7150664300487415,0.0,0.0
342.06833,1.0,0.7150664300487415,81.0,0.0,1.0,0.7150664300487415,1.0,0.7150664300487415,0.0,0.0
341.5,1.0,0.7150664300487415,81.0,0.0,1.0,0.7150664300487415,1.0,0.7150664300487415,0.0,0.0
341.60666,1.0,0.7150664300487415,81.0,0.0,1.0,0.7150664300487415,1.0,0.7150664300487415,0.0,0.0
341.71832,1.0,0.7150664300487415,81.0,0.0,1.0,0.7150664300487415,1.0,0.7150664300487415,0.0,0.0
341.29166,1.0,0.7150664300487415,82.0,0.0,1.0,0.7150664300487415,1.0,0.7150664300487415,0.0,0.0
341.13666,1.0,0.7150664300487415,81.0,0.0,1.0,0.7150664300487415,1.0,0.7150664300487415,0.0,0.0
341.15,1.0,0.7150664300487415,81.0,0.0,1.0,0.7150664300487415,1.0,0.7150664300487415,0.0,0.0
340.89,1.0,0.7150664300487415,81.0,0.0,1.0,0.7150664300487415,1.0,0.7150664300487415,0.0,0.0
341.30167,1.0,0.7150664300487415,81.0,0.0,1.0,0.7150664300487415,1.0,0.7150664300487415,0.0,0.0
340.785,1.0,0.7150664300487415,81.0,0.0,1.0,0.7150664300487415,1.0,0.7150664300487415,0.0,0.0
341.08334,1.0,0.7150664300487415,81.0,0.0,1.0,0.7150664300487415,1.0,0.7150664300487415,0.0,0.0
340.99835,1.0,0.7150664300487415,81.0,0.0,1.0,0.7150664300487415,1.0,0.7150664300487415,0.0,0.0
340.98666,1.0,0.7150664300487415,80.0,0.0,1.0,0.7150664300487415,1.0,0.7150664300487415,0.0,0.0
341.52167,1.0,0.7150664300487415,80.0,0.0,1.0,0.7150664300487415,1.0,0.7150664300487415,0.0,0.0
341.13333,1.0,0.7150664300487415,81.0,0.0,1.0,0.7150664300487415,1.0,0.7150664300487415,0.0,0.0
340.92334,1.0,0.7150664300487415,80.0,0.0,1.0,0.7150664300487415,1.0,0.7150664300487415,0.0,0.0
339.075,1.0,0.7150664300487415,80.0,0.0,1.0,0.7150664300487415,1.0,0.7150664300487415,0.0,0.0
338.175,1.0,0.7150664300487415,80.0,0.0,1.0,0.7150664300487415,1.0,0.7150664300487415,0.0,0.0
338.54666,1.0,0.7150664300487415,80.0,0.0,1.0,0.7150664300487415,1.0,0.7150664300487415,0.0,0.0
338.04333,1.0,0.7150664300487415,80.0,0.0,1.0,0.7150664300487415,1.0,0.7150664300487415,0.0,0.0
338.334,1.0,0.7150664300487415,79.0,0.0,1.0,0.7150664300487415,1.0,0.7150664300487415,0.0,0.0
338.25668,1.0,0.7150664300487415,79.0,0.0,1.0,0.7150664300487415,1.0,0.7150664300487415,0.0,0.0
337.71,1.0,0.7150664300487415,80.0,0.0,1.0,0.7150664300487415,1.0,0.7150664300487415,0.0,0.0
337.71,1.0,0.7150664300487415,79.0,0.0,1.0,0.7150664300487415,1.0,0.7150664300487415,0.0,0.0
337.06,1.0,0.7150664300487415,79.0,0.0,1.0,0.7150664300487415,1.0,0.7150664300487415,0.0,0.0
337.12335,1.0,0.7150664300487415,79.0,0.0,1.0,0.7150664300487415,1.0,0.7150664300487415,0.0,0.0
336.59167,1.0,0.7150664300487415,108.0,0.0,1.0,0.7150664300487415,1.0,0.7150664300487415,0.0,0.0
336.995,1.0,0.7150664300487415,80.0,0.0,1.0,0.7150664300487415,1.0,0.7150664300487415,0.0,0.0
337.175,1.0,0.7150664300487415,79.0,0.0,1.0,0.7150664300487415,1.0,0.7150664300487415,0.0,0.0
335.99335,1.0,0.7150664300487415,79.0,0.0,1.0,0.7150664300487415,1.0,0.7150664300487415,0.0,0.0
337.12668,1.0,0.7150664300487415,78.0,0.0,1.0,0.7150664300487415,1.0,0.7150664300487415,0.0,0.0
337.225,1.0,0.7150664300487415,78.0,0.0,1.0,0.7150664300487415,1.0,0.7150664300487415,0.0,0.0
337.73834,1.0,0.7150664300487415,78.0,0.0,1.0,0.7150664300487415,1.0,0.7150664300487415,0.0,0.0
337.27,1.0,0.7150664300487415,78.0,0.0,1.0,0.7150664300487415,1.0,0.7150664300487415,0.0,0.0
337.32,1.0,0.7150664300487415,78.0,0.0,1.0,0.7150664300487415,1.0,0.7150664300487415,0.0,0.0
337.81665,1.0,0.7150664300487415,78.0,0.0,1.0,0.7150664300487415,1.0,0.7150664300487415,0.0,0.0
337.895,1.0,0.7150664300487415,78.0,0.0,1.0,0.7150664300487415,1.0,0.7150664300487415,0.0,0.0
338.30167,1.0,0.7150664300487415,78.0,0.0,1.0,0.7150664300487415,1.0,0.7150664300487415,0.0,0.0
337.73834,1.0,0.7150664300487415,78.0,0.0,1.0,0.7150664300487415,1.0,0.7150664300487415,0.0,0.0
338.06833,1.0,0.7150664300487415,78.0,0.0,1.0,0.7150664300487415,1.0,0.7150664300487415,0.0,0.0
338.15167,1.0,0.7150664300487415,78.0,0.0,1.0,0.7150664300487415,1.0,0.7150664300487415,0.0,0.0
337.84332,1.0,0.7150664300487415,78.0,0.0,1.0,0.7150664300487415,1.0,0.7150664300487415,0.0,0.0
338.34668,1.0,0.7150664300487415,78.0,0.0,1.0,0.7150664300487415,1.0,0.7150664300487415,0.0,0.0
337.58667,1.0,0.7150664300487415,79.0,0.0,1.0,0.7150664300487415,1.0,0.7150664300487415,0.0,0.0
336.92667,1.0,0.7150664300487415,77.0,0.0,1.0,0.7150664300487415,1.0,0.7150664300487415,0.0,0.0
336.01166,1.0,0.7150664300487415,77.0,0.0,1.0,0.7150664300487415,1.0,0.7150664300487415,0.0,0.0
335.55,1.0,0.7150664300487415,77.0,0.0,1.0,0.7150664300487415,1.0,0.7150664300487415,0.0,0.0
334.735,1.0,0.7150664300487415,77.0,0.0,1.0,0.7150664300487415,1.0,0.7150664300487415,0.0,0.0
335.27667,1.0,0.7150664300487415,77.0,0.0,1.0,0.7150664300487415,1.0,0.7150664300487415,0.0,0.0
335.88333,1.0,0.7150664300487415,78.0,0.0,1.0,0.7150664300487415,1.0,0.7150664300487415,0.0,0.0
335.43832,1.0,0.7150664300487415,77.0,0.0,1.0,0.7150664300487415,1.0,0.7150664300487415,0.0,0.0
335.24,1.0,0.7150664300487415,77.0,0.0,1.0,0.7150664300487415,1.0,0.7150664300487415,0.0,0.0
335.17334,1.0,0.7150664300487415,77.0,0.0,1.0,0.7150664300487415,1.0,0.7150664300487415,0.0,0.0
334.62833,1.0,0.7150664300487415,77.0,0.0,1.0,0.7150664300487415,1.0,0.7150664300487415,0.0,0.0
339.91,1.0,0.6025635321461534,81.0,145.21781124722298,1.0,0.6025635321461534,1.0,0.6025635321461534,0.0,0.0
340.47833,1.0,0.6025635321461534,81.0,145.82037477936913,1.0,0.6025635321461534,1.0,0.6025635321461534,0.0,0.0
340.79666,1.0,0.6025635321461534,81.0,144.01268418293068,1.0,0.6025635321461534,1.0,0.6025635321461534,0.0,0.0
341.37,1.0,0.6025635321461534,81.0,145.21781124722298,1.0,0.6025635321461534,1.0,0.6025635321461534,0.0,0.0
341.42166,1.0,0.6025635321461534,80.0,144.61524771507683,1.0,0.6025635321461534,1.0,0.6025635321461534,0.0,0.0
342.06833,1.0,0.6025635321461534,81.0,145.21781124722298,1.0,0.6025635321461534,1.0,0.6025635321461534,0.0,0.0
341.5,1.0,0.6025635321461534,81.0,145.21781124722298,1.0,0.6025635321461534,1.0,0.6025635321461534,0.0,0.0
341.60666,1.0,0.6025635321461534,81.0,145.82037477936913,1.0,0.6025635321461534,1.0,0.6025635321461534,0.0,0.0
341.71832,1.0,0.6025635321461534,81.0,145.82037477936913,1.0,0.6025635321461534,1.0,0.6025635321461534,0.0,0.0
341.29166,1.0,0.6025635321461534,82.0,145.82037477936913,1.0,0.6025635321461534,1.0,0.6025635321461534,0.0,0.0
341.13666,1.0,0.6025635321461534,81.0,145.82037477936913,1.0,0.6025635321461534,1.0,0.6025635321461534,0.0,0.0
341.15,1.0,0.6025635321461534,81.0,145.21781124722298,1.0,0.6025635321461534,1.0,0.6025635321461534,0.0,0.0
340.89,1.0,0.6025635321461534,81.0,144.61524771507683,1.0,0.6025635321461534,1.0,0.6025635321461534,0.0,0.0
341.30167,1.0,0.6025635321461534,81.0,145.21781124722298,1.0,0.6025635321461534,1.0,0.6025635321461534,0.0,0.0
340.785,1.0,0.6025635321461534,81.0,144.61524771507683,1.0,0.6025635321461534,1.0,0.6025635321461534,0.0,0.0
341.08334,1.0,0.6025635321461534,81.0,144.61524771507683,1.0,0.6025635321461534,1.0,0.6025635321461534,0.0,0.0
340.99835,1.0,0.6025635321461534,81.0,144.61524771507683,1.0,0.6025635321461534,1.0,0.6025635321461534,0.0,0.0
340.98666,1.0,0.6025635321461534,80.0,144.61524771507683,1.0,0.6025635321461534,1.0,0.6025635321461534,0.0,0.0
341.52167,1.0,0.6025635321461534,80.0,144.61524771507683,1.0,0.6025635321461534,1.0,0.6025635321461534,0.0,0.0
341.13333,1.0,0.6025635321461534,81.0,144.61524771507683,1.0,0.6025635321461534,1.0,0.6025635321461534,0.0,0.0
340.92334,1.0,0.6025635321461534,80.0,144.61524771507683,1.0,0.6025635321461534,1.0,0.6025635321461534,0.0,0.0
339.075,1.0,0.6025635321461534,80.0,145.21781124722298,1.0,0.6025635321461534,1.0,0.6025635321461534,0.0,0.0
338.175,1.0,0.6025635321461534,80.0,145.82037477936913,1.0,0.6025635321461534,1.0,0.6025635321461534,0.0,0.0
338.54666,1.0,0.6025635321461534,80.0,0.0,1.0,0.6025635321461534,1.0,0.6025635321461534,0.0,0.0
338.04333,1.0,0.6025635321461534,80.0,0.0,1.0,0.6025635321461534,1.0,0.6025635321461534,0.0,0.0
338.334,1.0,0.6025635321461534,79.0,0.0,1.0,0.6025635321461534,1.0,0.6025635321461534,0.0,0.0
338.25668,1.0,0.6025635321461534,79.0,0.0,1.0,0.6025635321461534,1.0,0.6025635321461534,0.0,0.0
337.71,1.0,0.6025635321461534,80.0,0.0,1.0,0.6025635321461534,1.0,0.6025635321461534,0.0,0.0
337.71,1.0,0.6025635321461534,79.0,0.0,1.0,0.6025635321461534,1.0,0.6025635321461534,0.0,0.0
337.06,1.0,0.6025635321461534,79.0,0.0,1.0,0.6025635321461534,1.0,0.6025635321461534,0.0,0.0
337.12335,1.0,0.6025635321461534,79.0,0.0,1.0,0.6025635321461534,1.0,0.6025635321461534,0.0,0.0
336.59167,1.0,0.6025635321461534,108.0,0.0,1.0,0.6025635321461534,1.0,0.6025635321461534,0.0,0.0
336.995,1.0,0.6025635321461534,80.0,0.0,1.0,0.6025635321461534,1.0,0.6025635321461534,0.0,0.0
337.175,1.0,0.6025635321461534,79.0,0.0,1.0,0.6025635321461534,1.0,0.6025635321461534,0.0,0.0
335.99335,1.0,0.6025635321461534,79.0,0.0,1.0,0.6025635321461534,1.0,0.6025635321461534,0.0,0.0
337.12668,1.0,0.6025635321461534,78.0,0.0,1.0,0.6025635321461534,1.0,0.6025635321461534,0.0,0.0
337.225,1.0,0.6025635321461534,78.0,0.0,1.0,0.6025635321461534,1.0,0.6025635321461534,0.0,0.0
337.73834,1.0,0.6025635321461534,78.0,0.0,1.0,0.6025635321461534,1.0,0.6025635321461534,0.0,0.0
337.27,1.0,0.6025635321461534,78.0,0.0,1.0,0.6025635321461534,1.0,0.6025635321461534,0.0,0.0
337.32,1.0,0.6025635321461534,78.0,0.0,1.0,0.6025635321461534,1.0,0.6025635321461534,0.0,0.0
337.81665,1.0,0.6025635321461534,78.0,0.0,1.0,0.6025635321461534,1.0,0.6025635321461534,0.0,0.0
337.895,1.0,0.6025635321461534,78.0,0.0,1.0,0.6025635321461534,1.0,0.6025635321461534,0.0,0.0
338.30167,1.0,0.6025635321461534,78.0,0.0,1.0,0.6025635321461534,1.0,0.6025635321461534,0.0,0.0
337.73834,1.0,0.6025635321461534,78.0,0.0,1.0,0.6025635321461534,1.0,0.6025635321461534,0.0,0.0
338.06833,1.0,0.6025635321461534,78.0,0.0,1.0,0.6025635321461534,1.0,0.6025635321461534,0.0,0.0
338.15167,1.0,0.6025635321461534,78.0,0.0,1.0,0.6025635321461534,1.0,0.6025635321461534,0.0,0.0
337.84332,1.0,0.6025635321461534,78.0,0.0,1.0,0.6025635321461534,1.0,0.6025635321461534,0.0,0.0
338.34668,1.0,0.6025635321461534,78.0,0.0,1.0,0.6025635321461534,1.0,0.6025635321461534,0.0,0.0
337.58667,1.0,0.6025635321461534,79.0,0.0,1.0,0.6025635321461534,1.0,0.6025635321461534,0.0,0.0
336.92667,1.0,0.6025635321461534,77.0,0.0,1.0,0.6025635321461534,1.0,0.6025635321461534,0.0,0.0
336.01166,1.0,0.6025635321461534,77.0,0.0,1.0,0.6025635321461534,1.0,0.6025635321461534,0.0,0.0
335.55,1.0,0.6025635321461534,77.0,0.0,1.0,0.6025635321461534,1.0,0.6025635321461534,0.0,0.0
334.735,1.0,0.6025635321461534,77.0,0.0,1.0,0.6025635321461534,1.0,0.6025635321461534,0.0,0.0
335.27667,1.0,0.6025635321461534,77.0,0.0,1.0,0.6025635321461534,1.0,0.6025635321461534,0.0,0.0
335.88333,1.0,0.6025635321461534,78.0,0.0,1.0,0.6025635321461534,1.0,0.6025635321461534,0.0,0.0
335.43832,1.0,0.6025635321461534,77.0,0.0,1.0,0.6025635321461534,1.0,0.6025635321461534,0.0,0.0
335.24,1.0,0.6025635321461534,77.0,0.0,1.0,0.6025635321461534,1.0,0.6025635321461534,0.0,0.0
335.17334,1.0,0.6025635321461534,77.0,0.0,1.0,0.6025635321461534,1.0,0.6025635321461534,0.0,0.0
334.62833,1.0,0.6025635321461534,77.0,0.0,1.0,0.6025635321461534,1.0,0.6025635321461534,0.0,0.0
335.39502,1.0,0.6025635321461534,77.0,0.0,1.0,0.6025635321461534,1.0,0.6025635321461534,0.0,0.0
340.47833,1.0,0.6068405504052191,81.0,146.85541319806302,1.0,0.6068405504052191,1.0,0.6068405504052191,0.0,0.0
340.79666,1.0,0.6068405504052191,81.0,145.03489154684738,1.0,0.6068405504052191,1.0,0.6068405504052191,0.0,0.0
341.37,1.0,0.6068405504052191,81.0,146.2485726476578,1.0,0.6068405504052191,1.0,0.6068405504052191,0.0,0.0
341.42166,1.0,0.6068405504052191,80.0,145.6417320972526,1.0,0.6068405504052191,1.0,0.6068405504052191,0.0,0.0
342.06833,1.0,0.6068405504052191,81.0,146.2485726476578,1.0,0.6068405504052191,1.0,0.6068405504052191,0.0,0.0
341.5,1.0,0.6068405504052191,81.0,146.2485726476578,1.0,0.6068405504052191,1.0,0.6068405504052191,0.0,0.0
341.60666,1.0,0.6068405504052191,81.0,146.85541319806302,1.0,0.6068405504052191,1.0,0.6068405504052191,0.0,0.0
341.71832,1.0,0.6068405504052191,81.0,146.85541319806302,1.0,0.6068405504052191,1.0,0.6068405504052191,0.0,0.0
341.29166,1.0,0.6068405504052191,82.0,146.85541319806302,1.0,0.6068405504052191,1.0,0.6068405504052191,0.0,0.0
341.13666,1.0,0.6068405504052191,81.0,146.85541319806302,1.0,0.6068405504052191,1.0,0.6068405504052191,0.0,0.0
341.15,1.0,0.6068405504052191,81.0,146.2485726476578,1.0,0.6068405504052191,1.0,0.6068405504052191,0.0,0.0
340.89,1.0,0.6068405504052191,81.0,145.6417320972526,1.0,0.6068405504052191,1.0,0.6068405504052191,0.0,0.0
341.30167,1.0,0.6068405504052191,81.0,146.2485726476578,1.0,0.6068405504052191,1.0,0.6068405504052191,0.0,0.0
340.785,1.0,0.6068405504052191,81.0,145.6417320972526,1.0,0.6068405504052191,1.0,0.6068405504052191,0.0,0.0
341.08334,1.0,0.6068405504052191,81.0,145.6417320972526,1.0,0.6068405504052191,1.0,0.6068405504052191,0.0,0.0
340.99835,1.0,0.6068405504052191,81.0,145.6417320972526,1.0,0.6068405504052191,1.0,0.6068405504052191,0.0,0.0
340.98666,1.0,0.6068405504052191,80.0,145.6417320972526,1.0,0.6068405504052191,1.0,0.6068405504052191,0.0,0.0
341.52167,1.0,0.6068405504052191,80.0,145.6417320972526,1.0,0.6068405504052191,1.0,0.6068405504052191,0.0,0.0
341.13333,1.0,0.6068405504052191,81.0,145.6417320972526,1.0,0.6068405504052191,1.0,0.6068405504052191,0.0,0.0
340.92334,1.0,0.6068405504052191,80.0,145.6417320972526,1.0,0.6068405504052191,1.0,0.6068405504052191,0.0,0.0
339.075,1.0,0.6068405504052191,80.0,146.2485726476578,1.0,0.6068405504052191,1.0,0.6068405504052191,0.0,0.0
338.175,1.0,0.6068405504052191,80.0,146.85541319806302,1.0,0.6068405504052191,1.0,0.6068405504052191,0.0,0.0
338.54666,1.0,0.6068405504052191,80.0,0.0,1.0,0.6068405504052191,1.0,0.6068405504052191,0.0,0.0
338.04333,1.0,0.6068405504052191,80.0,0.0,1.0,0.6068405504052191,1.0,0.6068405504052191,0.0,0.0
338.334,1.0,0.6068405504052191,79.0,0.0,1.0,0.6068405504052191,1.0,0.6068405504052191,0.0,0.0
338.25668,1.0,0.6068405504052191,79.0,0.0,1.0,0.6068405504052191,1.0,0.6068405504052191,0.0,0.0
337.71,1.0,0.6068405504052191,80.0,0.0,1.0,0.6068405504052191,1.0,0.6068405504052191,0.0,0.0
337.71,1.0,0.6068405504052191,79.0,0.0,1.0,0.6068405504052191,1.0,0.6068405504052191,0.0,0.0
337.06,1.0,0.6068405504052191,79.0,0.0,1.0,0.6068405504052191,1.0,0.6068405504052191,0.0,0.0
337.12335,1.0,0.6068405504052191,79.0,0.0,1.0,0.6068405504052191,1.0,0.6068405504052191,0.0,0.0
336.59167,1.0,0.6068405504052191,108.0,0.0,1.0,0.6068405504052191,1.0,0.6068405504052191,0.0,0.0
336.995,1.0,0.6068405504052191,80.0,0.0,1.0,0.6068405504052191,1.0,0.6068405504052191,0.0,0.0
337.175,1.0,0.6068405504052191,79.0,0.0,1.0,0.6068405504052191,1.0,0.6068405504052191,0.0,0.0
335.99335,1.0,0.6068405504052191,79.0,0.0,1.0,0.6068405504052191,1.0,0.6068405504052191,0.0,0.0
337.12668,1.0,0.6068405504052191,78.0,0.0,1.0,0.6068405504052191,1.0,0.6068405504052191,0.0,0.0
337.225,1.0,0.6068405504052191,78.0,0.0,1.0,0.6068405504052191,1.0,0.6068405504052191,0.0,0.0
337.73834,1.0,0.6068405504052191,78.0,0.0,1.0,0.6068405504052191,1.0,0.6068405504052191,0.0,0.0
337.27,1.0,0.6068405504052191,78.0,0.0,1.0,0.6068405504052191,1.0,0.6068405504052191,0.0,0.0
337.32,1.0,0.6068405504052191,78.0,0.0,1.0,0.6068405504052191,1.0,0.6068405504052191,0.0,0.0
337.81665,1.0,0.6068405504052191,78.0,0.0,1.0,0.6068405504052191,1.0,0.6068405504052191,0.0,0.0
337.895,1.0,0.6068405504052191,78.0,0.0,1.0,0.6068405504052191,1.0,0.6068405504052191,0.0,0.0
338.30167,1.0,0.6068405504052191,78.0,0.0,1.0,0.6068405504052191,1.0,0.6068405504052191,0.0,0.0
337.73834,1.0,0.6068405504052191,78.0,0.0,1.0,0.6068405504052191,1.0,0.6068405504052191,0.0,0.0
338.06833,1.0,0.6068405504052191,78.0,0.0,1.0,0.6068405504052191,1.0,0.6068405504052191,0.0,0.0
338.15167,1.0,0.6068405504052191,78.0,0.0,1.0,0.6068405504052191,1.0,0.6068405504052191,0.0,0.0
337.84332,1.0,0.6068405504052191,78.0,0.0,1.0,0.6068405504052191,1.0,0.6068405504052191,0.0,0.0
338.34668,1.0,0.6068405504052191,78.0,0.0,1.0,0.6068405504052191,1.0,0.6068405504052191,0.0,0.0
337.58667,1.0,0.6068405504052191,79.0,0.0,1.0,0.6068405504052191,1.0,0.6068405504052191,0.0,0.0
336.92667,1.0,0.6068405504052191,77.0,0.0,1.0,0.6068405504052191,1.0,0.6068405504052191,0.0,0.0
336.01166,1.0,0.6068405504052191,77.0,0.0,1.0,0.6068405504052191,1.0,0.6068405504052191,0.0,0.0
335.55,1.0,0.6068405504052191,77.0,0.0,1.0,0.6068405504052191,1.0,0.6068405504052191,0.0,0.0
334.735,1.0,0.6068405504052191,77.0,0.0,1.0,0.6068405504052191,1.0,0.6068405504052191,0.0,0.0
335.27667,1.0,0.6068405504052191,77.0,0.0,1.0,0.6068405504052191,1.0,0.6068405504052191,0.0,0.0
335.88333,1.0,0.6068405504052191,78.0,0.0,1.0,0.6068405504052191,1.0,0.6068405504052191,0.0,0.0
335.43832,1.0,0.6068405504052191,77.0,0.0,1.0,0.6068405504052191,1.0,0.6068405504052191,0.0,0.0
335.24,1.0,0.6068405504052191,77.0,0.0,1.0,0.6068405504052191,1.0,0.6068405504052191,0.0,0.0
335.17334,1.0,0.6068405504052191,77.0,0.0,1.0,0.6068405504052191,1.0,0.6068405504052191,0.0,0.0
334.62833,1.0,0.6068405504052191,77.0,0.0,1.0,0.6068405504052191,1.0,0.6068405504052191,0.0,0.0
335.39502,1.0,0.6068405504052191,77.0,0.0,1.0,0.6068405504052191,1.0,0.6068405504052191,0.0,0.0
335.17834,1.0,0.6068405504052191,77.0,0.0,1.0,0.6068405504052191,1.0,0.6068405504052191,0.0,0.0
340.79666,1.0,0.6109783716750475,81.0,146.02383083033635,1.0,0.6109783716750475,1.0,0.6109783716750475,0.0,0.0
341.37,1.0,0.6109783716750475,81.0,147.24578757368647,1.0,0.6109783716750475,1.0,0.6109783716750475,0.0,0.0
341.42166,1.0,0.6109783716750475,80.0,146.6348092020114,1.0,0.6109783716750475,1.0,0.6109783716750475,0.0,0.0
342.06833,1.0,0.6109783716750475,81.0,147.24578757368647,1.0,0.6109783716750475,1.0,0.6109783716750475,0.0,0.0
341.5,1.0,0.6109783716750475,81.0,147.24578757368647,1.0,0.6109783716750475,1.0,0.6109783716750475,0.0,0.0
341.60666,1.0,0.6109783716750475,81.0,147.8567659453615,1.0,0.6109783716750475,1.0,0.6109783716750475,0.0,0.0
341.71832,1.0,0.6109783716750475,81.0,147.8567659453615,1.0,0.6109783716750475,1.0,0.6109783716750475,0.0,0.0
341.29166,1.0,0.6109783716750475,82.0,147.8567659453615,1.0,0.6109783716750475,1.0,0.6109783716750475,0.0,0.0
341.13666,1.0,0.6109783716750475,81.0,147.8567659453615,1.0,0.6109783716750475,1.0,0.6109783716750475,0.0,0.0
341.15,1.0,0.6109783716750475,81.0,147.24578757368647,1.0,0.6109783716750475,1.0,0.6109783716750475,0.0,0.0
340.89,1.0,0.6109783716750475,81.0,146.6348092020114,1.0,0.6109783716750475,1.0,0.6109783716750475,0.0,0.0
341.30167,1.0,0.6109783716750475,81.0,147.24578757368647,1.0,0.6109783716750475,1.0,0.6109783716750475,0.0,0.0
340.785,1.0,0.6109783716750475,81.0,146.6348092020114,1.0,0.6109783716750475,1.0,0.6109783716750475,0.0,0.0
341.08334,1.0,0.6109783716750475,81.0,146.6348092020114,1.0,0.6109783716750475,1.0,0.6109783716750475,0.0,0.0
340.99835,1.0,0.6109783716750475,81.0,146.6348092020114,1.0,0.6109783716750475,1.0,0.6109783716750475,0.0,0.0
340.98666,1.0,0.6109783716750475,80.0,146.6348092020114,1.0,0.6109783716750475,1.0,0.6109783716750475,0.0,0.0
341.52167,1.0,0.6109783716750475,80.0,146.6348092020114,1.0,0.6109783716750475,1.0,0.6109783716750475,0.0,0.0
341.13333,1.0,0.6109783716750475,81.0,146.6348092020114,1.0,0.6109783716750475,1.0,0.6109783716750475,0.0,0.0
340.92334,1.0,0.6109783716750475,80.0,146.6348092020114,1.0,0.6109783716750475,1.0,0.6109783716750475,0.0,0.0
339.075,1.0,0.6109783716750475,80.0,147.24578757368647,1.0,0.6109783716750475,1.0,0.6109783716750475,0.0,0.0
338.175,1.0,0.6109783716750475,80.0,147.8567659453615,1.0,0.6109783716750475,1.0,0.6109783716750475,0.0,0.0
338.54666,1.0,0.6109783716750475,80.0,0.0,1.0,0.6109783716750475,1.0,0.6109783716750475,0.0,0.0
338.04333,1.0,0.6109783716750475,80.0,0.0,1.0,0.6109783716750475,1.0,0.6109783716750475,0.0,0.0
338.334,1.0,0.6109783716750475,79.0,0.0,1.0,0.6109783716750475,1.0,0.6109783716750475,0.0,0.0
338.25668,1.0,0.6109783716750475,79.0,0.0,1.0,0.6109783716750475,1.0,0.6109783716750475,0.0,0.0
337.71,1.0,0.6109783716750475,80.0,0.0,1.0,0.6109783716750475,1.0,0.6109783716750475,0.0,0.0
337.71,1.0,0.6109783716750475,79.0,0.0,1.0,0.6109783716750475,1.0,0.6109783716750475,0.0,0.0
337.06,1.0,0.6109783716750475,79.0,0.0,1.0,0.6109783716750475,1.0,0.6109783716750475,0.0,0.0
337.12335,1.0,0.6109783716750475,79.0,0.0,1.0,0.6109783716750475,1.0,0.6109783716750475,0.0,0.0
336.59167,1.0,0.6109783716750475,108.0,0.0,1.0,0.6109783716750475,1.0,0.6109783716750475,0.0,0.0
336.995,1.0,0.6109783716750475,80.0,0.0,1.0,0.6109783716750475,1.0,0.6109783716750475,0.0,0.0
337.175,1.0,0.6109783716750475,79.0,0.0,1.0,0.6109783716750475,1.0,0.6109783716750475,0.0,0.0
335.99335,1.0,0.6109783716750475,79.0,0.0,1.0,0.6109783716750475,1.0,0.6109783716750475,0.0,0.0
337.12668,1.0,0.6109783716750475,78.0,0.0,1.0,0.6109783716750475,1.0,0.6109783716750475,0.0,0.0
337.225,1.0,0.6109783716750475,78.0,0.0,1.0,0.6109783716750475,1.0,0.6109783716750475,0.0,0.0
337.73834,1.0,0.6109783716750475,78.0,0.0,1.0,0.6109783716750475,1.0,0.6109783716750475,0.0,0.0
337.27,1.0,0.6109783716750475,78.0,0.0,1.0,0.6109783716750475,1.0,0.6109783716750475,0.0,0.0
337.32,1.0,0.6109783716750475,78.0,0.0,1.0,0.6109783716750475,1.0,0.6109783716750475,0.0,0.0
337.81665,1.0,0.6109783716750475,78.0,0.0,1.0,0.6109783716750475,1.0,0.6109783716750475,0.0,0.0
337.895,1.0,0.6109783716750475,78.0,0.0,1.0,0.6109783716750475,1.0,0.6109783716750475,0.0,0.0
338.30167,1.0,0.6109783716750475,78.0,0.0,1.0,0.6109783716750475,1.0,0.6109783716750475,0.0,0.0
337.73834,1.0,0.6109783716750475,78.0,0.0,1.0,0.6109783716750475,1.0,0.6109783716750475,0.0,0.0
338.06833,1.0,0.6109783716750475,78.0,0.0,1.0,0.6109783716750475,1.0,0.6109783716750475,0.0,0.0
338.15167,1.0,0.6109783716750475,78.0,0.0,1.0,0.6109783716750475,1.0,0.6109783716750475,0.0,0.0
337.84332,1.0,0.6109783716750475,78.0,0.0,1.0,0.6109783716750475,1.0,0.6109783716750475,0.0,0.0
338.34668,1.0,0.6109783716750475,78.0,0.0,1.0,0.6109783716750475,1.0,0.6109783716750475,0.0,0.0
337.58667,1.0,0.6109783716750475,79.0,0.0,1.0,0.6109783716750475,1.0,0.6109783716750475,0.0,0.0
336.92667,1.0,0.6109783716750475,77.0,0.0,1.0,0.6109783716750475,1.0,0.6109783716750475,0.0,0.0
336.01166,1.0,0.6109783716750475,77.0,0.0,1.0,0.6109783716750475,1.0,0.6109783716750475,0.0,0.0
335.55,1.0,0.6109783716750475,77.0,0.0,1.0,0.6109783716750475,1.0,0.6109783716750475,0.0,0.0
334.735,1.0,0.6109783716750475,77.0,0.0,1.0,0.6109783716750475,1.0,0.6109783716750475,0.0,0.0
335.27667,1.0,0.6109783716750475,77.0,0.0,1.0,0.6109783716750475,1.0,0.6109783716750475,0.0,0.0
335.88333,1.0,0.6109783716750475,78.0,0.0,1.0,0.6109783716750475,1.0,0.6109783716750475,0.0,0.0
335.43832,1.0,0.6109783716750475,77.0,0.0,1.0,0.6109783716750475,1.0,0.6109783716750475,0.0,0.0
335.24,1.0,0.6109783716750475,77.0,0.0,1.0,0.6109783716750475,1.0,0.6109783716750475,0.0,0.0
335.17334,1.0,0.6109783716750475,77.0,0.0,1.0,0.6109783716750475,1.0,0.6109783716750475,0.0,0.0
334.62833,1.0,0.6109783716750475,77.0,0.0,1.0,0.6109783716750475,1.0,0.6109783716750475,0.0,0.0
335.39502,1.0,0.6109783716750475,77.0,0.0,1.0,0.6109783716750475,1.0,0.6109783716750475,0.0,0.0
335.17834,1.0,0.6109783716750475,77.0,0.0,1.0,0.6109783716750475,1.0,0.6109783716750475,0.0,0.0
330.51166,1.0,0.6109783716750475,76.0,0.0,1.0,0.6109783716750475,1.0,0.6109783716750475,0.0,0.0
341.37,1.0,0.4693470476708749,81.0,112.1739443933391,1.0,0.4693470476708749,1.0,0.4693470476708749,0.0,0.0
341.42166,1.0,0.4693470476708749,80.0,112.1739443933391,1.0,0.4693470476708749,1.0,0.4693470476708749,0.0,0.0
342.06833,1.0,0.4693470476708749,81.0,111.70459734566822,1.0,0.4693470476708749,1.0,0.4693470476708749,0.0,0.0
341.5,1.0,0.4693470476708749,81.0,112.1739443933391,1.0,0.4693470476708749,1.0,0.4693470476708749,0.0,0.0
341.60666,1.0,0.4693470476708749,81.0,112.1739443933391,1.0,0.4693470476708749,1.0,0.4693470476708749,0.0,0.0
341.71832,1.0,0.4693470476708749,81.0,112.1739443933391,1.0,0.4693470476708749,1.0,0.4693470476708749,0.0,0.0
341.29166,1.0,0.4693470476708749,82.0,112.1739443933391,1.0,0.4693470476708749,1.0,0.4693470476708749,0.0,0.0
341.13666,1.0,0.4693470476708749,81.0,112.1739443933391,1.0,0.4693470476708749,1.0,0.4693470476708749,0.0,0.0
341.15,1.0,0.4693470476708749,81.0,111.70459734566822,1.0,0.4693470476708749,1.0,0.4693470476708749,0.0,0.0
340.89,1.0,0.4693470476708749,81.0,112.1739443933391,1.0,0.4693470476708749,1.0,0.4693470476708749,0.0,0.0
341.30167,1.0,0.4693470476708749,81.0,111.70459734566822,1.0,0.4693470476708749,1.0,0.4693470476708749,0.0,0.0
340.785,1.0,0.4693470476708749,81.0,112.64329144100996,1.0,0.4693470476708749,1.0,0.4693470476708749,0.0,0.0
341.08334,1.0,0.4693470476708749,81.0,112.64329144100996,1.0,0.4693470476708749,1.0,0.4693470476708749,0.0,0.0
340.99835,1.0,0.4693470476708749,81.0,112.64329144100996,1.0,0.4693470476708749,1.0,0.4693470476708749,0.0,0.0
340.98666,1.0,0.4693470476708749,80.0,112.64329144100996,1.0,0.4693470476708749,1.0,0.4693470476708749,0.0,0.0
341.52167,1.0,0.4693470476708749,80.0,112.64329144100996,1.0,0.4693470476708749,1.0,0.4693470476708749,0.0,0.0
341.13333,1.0,0.4693470476708749,81.0,112.64329144100996,1.0,0.4693470476708749,1.0,0.4693470476708749,0.0,0.0
340.92334,1.0,0.4693470476708749,80.0,113.58198553635172,1.0,0.4693470476708749,1.0,0.4693470476708749,0.0,0.0
339.075,1.0,0.4693470476708749,80.0,113.58198553635172,1.0,0.4693470476708749,1.0,0.4693470476708749,0.0,0.0
338.175,1.0,0.4693470476708749,80.0,113.11263848868084,1.0,0.4693470476708749,1.0,0.4693470476708749,0.0,0.0
338.54666,1.0,0.4693470476708749,80.0,113.58198553635172,1.0,0.4693470476708749,1.0,0.4693470476708749,0.0,0.0
338.04333,1.0,0.4693470476708749,80.0,112.64329144100996,1.0,0.4693470476708749,1.0,0.4693470476708749,0.0,0.0
338.334,1.0,0.4693470476708749,79.0,113.11263848868084,1.0,0.4693470476708749,1.0,0.4693470476708749,0.0,0.0
338.25668,1.0,0.4693470476708749,79.0,112.64329144100996,1.0,0.4693470476708749,1.0,0.4693470476708749,0.0,0.0
337.71,1.0,0.4693470476708749,80.0,112.64329144100996,1.0,0.4693470476708749,1.0,0.4693470476708749,0.0,0.0
337.71,1.0,0.4693470476708749,79.0,112.64329144100996,1.0,0.4693470476708749,1.0,0.4693470476708749,0.0,0.0
337.06,1.0,0.4693470476708749,79.0,113.58198553635172,1.0,0.4693470476708749,1.0,0.4693470476708749,0.0,0.0
337.12335,1.0,0.4693470476708749,79.0,114.05133258402259,1.0,0.4693470476708749,1.0,0.4693470476708749,0.0,0.0
336.59167,1.0,0.4693470476708749,108.0,113.58198553635172,1.0,0.4693470476708749,1.0,0.4693470476708749,0.0,0.0
336.995,1.0,0.4693470476708749,80.0,113.58198553635172,1.0,0.4693470476708749,1.0,0.4693470476708749,0.0,0.0
337.175,1.0,0.4693470476708749,79.0,113.58198553635172,1.0,0.4693470476708749,1.0,0.4693470476708749,0.0,0.0
335.99335,1.0,0.4693470476708749,79.0,113.58198553635172,1.0,0.4693470476708749,1.0,0.4693470476708749,0.0,0.0
337.12668,1.0,0.4693470476708749,78.0,113.58198553635172,1.0,0.4693470476708749,1.0,0.4693470476708749,0.0,0.0
337.225,1.0,0.4693470476708749,78.0,113.11263848868084,1.0,0.4693470476708749,1.0,0.4693470476708749,0.0,0.0
337.73834,1.0,0.4693470476708749,78.0,113.58198553635172,1.0,0.4693470476708749,1.0,0.4693470476708749,0.0,0.0
337.27,1.0,0.4693470476708749,78.0,113.58198553635172,1.0,0.4693470476708749,1.0,0.4693470476708749,0.0,0.0
337.32,1.0,0.4693470476708749,78.0,113.11263848868084,1.0,0.4693470476708749,1.0,0.4693470476708749,0.0,0.0
337.81665,1.0,0.4693470476708749,78.0,113.58198553635172,1.0,0.4693470476708749,1.0,0.4693470476708749,0.0,0.0
337.895,1.0,0.4693470476708749,78.0,112.1739443933391,1.0,0.4693470476708749,1.0,0.4693470476708749,0.0,0.0
338.30167,1.0,0.4693470476708749,78.0,113.11263848868084,1.0,0.4693470476708749,1.0,0.4693470476708749,0.0,0.0
337.73834,1.0,0.4693470476708749,78.0,112.64329144100996,1.0,0.4693470476708749,1.0,0.4693470476708749,0.0,0.0
338.06833,1.0,0.4693470476708749,78.0,113.11263848868084,1.0,0.4693470476708749,1.0,0.4693470476708749,0.0,0.0
338.15167,1.0,0.4693470476708749,78.0,113.11263848868084,1.0,0.4693470476708749,1.0,0.4693470476708749,0.0,0.0
337.84332,1.0,0.4693470476708749,78.0,113.58198553635172,1.0,0.4693470476708749,1.0,0.4693470476708749,0.0,0.0
338.34668,1.0,0.4693470476708749,78.0,113.58198553635172,1.0,0.4693470476708749,1.0,0.4693470476708749,0.0,0.0
337.58667,1.0,0.4693470476708749,79.0,113.58198553635172,1.0,0.4693470476708749,1.0,0.4693470476708749,0.0,0.0
336.92667,1.0,0.4693470476708749,77.0,113.58198553635172,1.0,0.4693470476708749,1.0,0.4693470476708749,0.0,0.0
336.01166,1.0,0.4693470476708749,77.0,113.11263848868084,1.0,0.4693470476708749,1.0,0.4693470476708749,0.0,0.0
335.55,1.0,0.4693470476708749,77.0,112.64329144100996,1.0,0.4693470476708749,1.0,0.4693470476708749,0.0,0.0
334.735,1.0,0.4693470476708749,77.0,113.11263848868084,1.0,0.4693470476708749,1.0,0.4693470476708749,0.0,0.0
335.27667,1.0,0.4693470476708749,77.0,112.64329144100996,1.0,0.4693470476708749,1.0,0.4693470476708749,0.0,0.0
335.88333,1.0,0.4693470476708749,78.0,112.64329144100996,1.0,0.4693470476708749,1.0,0.4693470476708749,0.0,0.0
335.43832,1.0,0.4693470476708749,77.0,112.64329144100996,1.0,0.4693470476708749,1.0,0.4693470476708749,0.0,0.0
335.24,1.0,0.4693470476708749,77.0,112.64329144100996,1.0,0.4693470476708749,1.0,0.4693470476708749,0.0,0.0
335.17334,1.0,0.4693470476708749,77.0,112.64329144100996,1.0,0.4693470476708749,1.0,0.4693470476708749,0.0,0.0
334.62833,1.0,0.4693470476708749,77.0,112.64329144100996,1.0,0.4693470476708749,1.0,0.4693470476708749,0.0,0.0
335.39502,1.0,0.4693470476708749,77.0,112.64329144100996,1.0,0.4693470476708749,1.0,0.4693470476708749,0.0,0.0
335.17834,1.0,0.4693470476708749,77.0,113.11263848868084,1.0,0.4693470476708749,1.0,0.4693470476708749,0.0,0.0
330.51166,1.0,0.4693470476708749,76.0,113.58198553635172,1.0,0.4693470476708749,1.0,0.4693470476708749,0.0,0.0
327.585,1.0,0.4693470476708749,76.0,0.0,1.0,0.4693470476708749,1.0,0.4693470476708749,0.0,0.0
341.42166,1.0,0.47182241757942606,80.0,112.76555780148283,1.0,0.47182241757942606,1.0,0.47182241757942606,0.0,0.0
342.06833,1.0,0.47182241757942606,81.0,112.2937353839034,1.0,0.47182241757942606,1.0,0.47182241757942606,0.0,0.0
341.5,1.0,0.47182241757942606,81.0,112.76555780148283,1.0,0.47182241757942606,1.0,0.47182241757942606,0.0,0.0
341.60666,1.0,0.47182241757942606,81.0,112.76555780148283,1.0,0.47182241757942606,1.0,0.47182241757942606,0.0,0.0
341.71832,1.0,0.47182241757942606,81.0,112.76555780148283,1.0,0.47182241757942606,1.0,0.47182241757942606,0.0,0.0
341.29166,1.0,0.47182241757942606,82.0,112.76555780148283,1.0,0.47182241757942606,1.0,0.47182241757942606,0.0,0.0
341.13666,1.0,0.47182241757942606,81.0,112.76555780148283,1.0,0.47182241757942606,1.0,0.47182241757942606,0.0,0.0
341.15,1.0,0.47182241757942606,81.0,112.2937353839034,1.0,0.47182241757942606,1.0,0.47182241757942606,0.0,0.0
340.89,1.0,0.47182241757942606,81.0,112.76555780148283,1.0,0.47182241757942606,1.0,0.47182241757942606,0.0,0.0
341.30167,1.0,0.47182241757942606,81.0,112.2937353839034,1.0,0.47182241757942606,1.0,0.47182241757942606,0.0,0.0
340.785,1.0,0.47182241757942606,81.0,113.23738021906226,1.0,0.47182241757942606,1.0,0.47182241757942606,0.0,0.0
341.08334,1.0,0.47182241757942606,81.0,113.23738021906226,1.0,0.47182241757942606,1.0,0.47182241757942606,0.0,0.0
340.99835,1.0,0.47182241757942606,81.0,113.23738021906226,1.0,0.47182241757942606,1.0,0.47182241757942606,0.0,0.0
340.98666,1.0,0.47182241757942606,80.0,113.23738021906226,1.0,0.47182241757942606,1.0,0.47182241757942606,0.0,0.0
341.52167,1.0,0.47182241757942606,80.0,113.23738021906226,1.0,0.47182241757942606,1.0,0.47182241757942606,0.0,0.0
341.13333,1.0,0.47182241757942606,81.0,113.23738021906226,1.0,0.47182241757942606,1.0,0.47182241757942606,0.0,0.0
340.92334,1.0,0.47182241757942606,80.0,114.18102505422111,1.0,0.47182241757942606,1.0,0.47182241757942606,0.0,0.0
339.075,1.0,0.47182241757942606,80.0,114.18102505422111,1.0,0.47182241757942606,1.0,0.47182241757942606,0.0,0.0
338.175,1.0,0.47182241757942606,80.0,113.70920263664168,1.0,0.47182241757942606,1.0,0.47182241757942606,0.0,0.0
338.54666,1.0,0.47182241757942606,80.0,114.18102505422111,1.0,0.47182241757942606,1.0,0.47182241757942606,0.0,0.0
338.04333,1.0,0.47182241757942606,80.0,113.23738021906226,1.0,0.47182241757942606,1.0,0.47182241757942606,0.0,0.0
338.334,1.0,0.47182241757942606,79.0,113.70920263664168,1.0,0.47182241757942606,1.0,0.47182241757942606,0.0,0.0
338.25668,1.0,0.47182241757942606,79.0,113.23738021906226,1.0,0.47182241757942606,1.0,0.47182241757942606,0.0,0.0
337.71,1.0,0.47182241757942606,80.0,113.23738021906226,1.0,0.47182241757942606,1.0,0.47182241757942606,0.0,0.0
337.71,1.0,0.47182241757942606,79.0,113.23738021906226,1.0,0.47182241757942606,1.0,0.47182241757942606,0.0,0.0
337.06,1.0,0.47182241757942606,79.0,114.18102505422111,1.0,0.47182241757942606,1.0,0.47182241757942606,0.0,0.0
337.12335,1.0,0.47182241757942606,79.0,114.65284747180053,1.0,0.47182241757942606,1.0,0.47182241757942606,0.0,0.0
336.59167,1.0,0.47182241757942606,108.0,114.18102505422111,1.0,0.47182241757942606,1.0,0.47182241757942606,0.0,0.0
336.995,1.0,0.47182241757942606,80.0,114.18102505422111,1.0,0.47182241757942606,1.0,0.47182241757942606,0.0,0.0
337.175,1.0,0.47182241757942606,79.0,114.18102505422111,1.0,0.47182241757942606,1.0,0.47182241757942606,0.0,0.0
335.99335,1.0,0.47182241757942606,79.0,114.18102505422111,1.0,0.47182241757942606,1.0,0.47182241757942606,0.0,0.0
337.12668,1.0,0.47182241757942606,78.0,114.18102505422111,1.0,0.47182241757942606,1.0,0.47182241757942606,0.0,0.0
337.225,1.0,0.47182241757942606,78.0,113.70920263664168,1.0,0.47182241757942606,1.0,0.47182241757942606,0.0,0.0
337.73834,1.0,0.47182241757942606,78.0,114.18102505422111,1.0,0.47182241757942606,1.0,0.47182241757942606,0.0,0.0
337.27,1.0,0.47182241757942606,78.0,114.18102505422111,1.0,0.47182241757942606,1.0,0.47182241757942606,0.0,0.0
337.32,1.0,0.47182241757942606,78.0,113.70920263664168,1.0,0.47182241757942606,1.0,0.47182241757942606,0.0,0.0
337.81665,1.0,0.47182241757942606,78.0,114.18102505422111,1.0,0.47182241757942606,1.0,0.47182241757942606,0.0,0.0
337.895,1.0,0.47182241757942606,78.0,112.76555780148283,1.0,0.47182241757942606,1.0,0.47182241757942606,0.0,0.0
338.30167,1.0,0.47182241757942606,78.0,113.70920263664168,1.0,0.47182241757942606,1.0,0.47182241757942606,0.0,0.0
337.73834,1.0,0.47182241757942606,78.0,113.23738021906226,1.0,0.47182241757942606,1.0,0.47182241757942606,0.0,0.0
338.06833,1.0,0.47182241757942606,78.0,113.70920263664168,1.0,0.47182241757942606,1.0,0.47182241757942606,0.0,0.0
338.15167,1.0,0.47182241757942606,78.0,113.70920263664168,1.0,0.47182241757942606,1.0,0.47182241757942606,0.0,0.0
337.84332,1.0,0.47182241757942606,78.0,114.18102505422111,1.0,0.47182241757942606,1.0,0.47182241757942606,0.0,0.0
338.34668,1.0,0.47182241757942606,78.0,114.18102505422111,1.0,0.47182241757942606,1.0,0.47182241757942606,0.0,0.0
337.58667,1.0,0.47182241757942606,79.0,114.18102505422111,1.0,0.47182241757942606,1.0,0.47182241757942606,0.0,0.0
336.92667,1.0,0.47182241757942606,77.0,114.18102505422111,1.0,0.47182241757942606,1.0,0.47182241757942606,0.0,0.0
336.01166,1.0,0.47182241757942606,77.0,113.70920263664168,1.0,0.47182241757942606,1.0,0.47182241757942606,0.0,0.0
335.55,1.0,0.47182241757942606,77.0,113.23738021906226,1.0,0.47182241757942606,1.0,0.47182241757942606,0.0,0.0
334.735,1.0,0.47182241757942606,77.0,113.70920263664168,1.0,0.47182241757942606,1.0,0.47182241757942606,0.0,0.0
335.27667,1.0,0.47182241757942606,77.0,113.23738021906226,1.0,0.47182241757942606,1.0,0.47182241757942606,0.0,0.0
335.88333,1.0,0.47182241757942606,78.0,113.23738021906226,1.0,0.47182241757942606,1.0,0.47182241757942606,0.0,0.0
335.43832,1.0,0.47182241757942606,77.0,113.23738021906226,1.0,0.47182241757942606,1.0,0.47182241757942606,0.0,0.0
335.24,1.0,0.47182241757942606,77.0,113.23738021906226,1.0,0.47182241757942606,1.0,0.47182241757942606,0.0,0.0
335.17334,1.0,0.47182241757942606,77.0,113.23738021906226,1.0,0.47182241757942606,1.0,0.47182241757942606,0.0,0.0
334.62833,1.0,0.47182241757942606,77.0,113.23738021906226,1.0,0.47182241757942606,1.0,0.47182241757942606,0.0,0.0
335.39502,1.0,0.47182241757942606,77.0,113.23738021906226,1.0,0.47182241757942606,1.0,0.47182241757942606,0.0,0.0
335.17834,1.0,0.47182241757942606,77.0,113.70920263664168,1.0,0.47182241757942606,1.0,0.47182241757942606,0.0,0.0
330.51166,1.0,0.47182241757942606,76.0,114.18102505422111,1.0,0.47182241757942606,1.0,0.47182241757942606,0.0,0.0
327.585,1.0,0.47182241757942606,76.0,0.0,1.0,0.47182241757942606,1.0,0.47182241757942606,0.0,0.0
328.12332,1.0,0.47182241757942606,76.0,0.0,1.0,0.47182241757942606,1.0,0.47182241757942606,0.0,0.0
342.06833,1.0,0.4744078249924192,81.0,112.90906234819576,1.0,0.4744078249924192,1.0,0.4744078249924192,0.0,0.0
341.5,1.0,0.4744078249924192,81.0,113.38347017318819,1.0,0.4744078249924192,1.0,0.4744078249924192,0.0,0.0
341.60666,1.0,0.4744078249924192,81.0,113.38347017318819,1.0,0.4744078249924192,1.0,0.4744078249924192,0.0,0.0
341.71832,1.0,0.4744078249924192,81.0,113.38347017318819,1.0,0.4744078249924192,1.0,0.4744078249924192,0.0,0.0
341.29166,1.0,0.4744078249924192,82.0,113.38347017318819,1.0,0.4744078249924192,1.0,0.4744078249924192,0.0,0.0
341.13666,1.0,0.4744078249924192,81.0,113.38347017318819,1.0,0.4744078249924192,1.0,0.4744078249924192,0.0,0.0
341.15,1.0,0.4744078249924192,81.0,112.90906234819576,1.0,0.4744078249924192,1.0,0.4744078249924192,0.0,0.0
340.89,1.0,0.4744078249924192,81.0,113.38347017318819,1.0,0.4744078249924192,1.0,0.4744078249924192,0.0,0.0
341.30167,1.0,0.4744078249924192,81.0,112.90906234819576,1.0,0.4744078249924192,1.0,0.4744078249924192,0.0,0.0
340.785,1.0,0.4744078249924192,81.0,113.8578779981806,1.0,0.4744078249924192,1.0,0.4744078249924192,0.0,0.0
341.08334,1.0,0.4744078249924192,81.0,113.8578779981806,1.0,0.4744078249924192,1.0,0.4744078249924192,0.0,0.0
340.99835,1.0,0.4744078249924192,81.0,113.8578779981806,1.0,0.4744078249924192,1.0,0.4744078249924192,0.0,0.0
340.98666,1.0,0.4744078249924192,80.0,113.8578779981806,1.0,0.4744078249924192,1.0,0.4744078249924192,0.0,0.0
341.52167,1.0,0.4744078249924192,80.0,113.8578779981806,1.0,0.4744078249924192,1.0,0.4744078249924192,0.0,0.0
341.13333,1.0,0.4744078249924192,81.0,113.8578779981806,1.0,0.4744078249924192,1.0,0.4744078249924192,0.0,0.0
340.92334,1.0,0.4744078249924192,80.0,114.80669364816544,1.0,0.4744078249924192,1.0,0.4744078249924192,0.0,0.0
339.075,1.0,0.4744078249924192,80.0,114.80669364816544,1.0,0.4744078249924192,1.0,0.4744078249924192,0.0,0.0
338.175,1.0,0.4744078249924192,80.0,114.33228582317302,1.0,0.4744078249924192,1.0,0.4744078249924192,0.0,0.0
338.54666,1.0,0.4744078249924192,80.0,114.80669364816544,1.0,0.4744078249924192,1.0,0.4744078249924192,0.0,0.0
338.04333,1.0,0.4744078249924192,80.0,113.8578779981806,1.0,0.4744078249924192,1.0,0.4744078249924192,0.0,0.0
338.334,1.0,0.4744078249924192,79.0,114.33228582317302,1.0,0.4744078249924192,1.0,0.4744078249924192,0.0,0.0
338.25668,1.0,0.4744078249924192,79.0,113.8578779981806,1.0,0.4744078249924192,1.0,0.4744078249924192,0.0,0.0
337.71,1.0,0.4744078249924192,80.0,113.8578779981806,1.0,0.4744078249924192,1.0,0.4744078249924192,0.0,0.0
337.71,1.0,0.4744078249924192,79.0,113.8578779981806,1.0,0.4744078249924192,1.0,0.4744078249924192,0.0,0.0
337.06,1.0,0.4744078249924192,79.0,114.80669364816544,1.0,0.4744078249924192,1.0,0.4744078249924192,0.0,0.0
337.12335,1.0,0.4744078249924192,79.0,115.28110147315786,1.0,0.4744078249924192,1.0,0.4744078249924192,0.0,0.0
336.59167,1.0,0.4744078249924192,108.0,114.80669364816544,1.0,0.4744078249924192,1.0,0.4744078249924192,0.0,0.0
336.995,1.0,0.4744078249924192,80.0,114.80669364816544,1.0,0.4744078249924192,1.0,0.4744078249924192,0.0,0.0
337.175,1.0,0.4744078249924192,79.0,114.80669364816544,1.0,0.4744078249924192,1.0,0.4744078249924192,0.0,0.0
335.99335,1.0,0.4744078249924192,79.0,114.80669364816544,1.0,0.4744078249924192,1.0,0.4744078249924192,0.0,0.0
337.12668,1.0,0.4744078249924192,78.0,114.80669364816544,1.0,0.4744078249924192,1.0,0.4744078249924192,0.0,0.0
337.225,1.0,0.4744078249924192,78.0,114.33228582317302,1.0,0.4744078249924192,1.0,0.4744078249924192,0.0,0.0
337.73834,1.0,0.4744078249924192,78.0,114.80669364816544,1.0,0.4744078249924192,1.0,0.4744078249924192,0.0,0.0
337.27,1.0,0.4744078249924192,78.0,114.80669364816544,1.0,0.4744078249924192,1.0,0.4744078249924192,0.0,0.0
337.32,1.0,0.4744078249924192,78.0,114.33228582317302,1.0,0.4744078249924192,1.0,0.4744078249924192,0.0,0.0
337.81665,1.0,0.4744078249924192,78.0,114.80669364816544,1.0,0.4744078249924192,1.0,0.4744078249924192,0.0,0.0
337.895,1.0,0.4744078249924192,78.0,113.38347017318819,1.0,0.4744078249924192,1.0,0.4744078249924192,0.0,0.0
338.30167,1.0,0.4744078249924192,78.0,114.33228582317302,1.0,0.4744078249924192,1.0,0.4744078249924192,0.0,0.0
337.73834,1.0,0.4744078249924192,78.0,113.8578779981806,1.0,0.4744078249924192,1.0,0.4744078249924192,0.0,0.0
338.06833,1.0,0.4744078249924192,78.0,114.33228582317302,1.0,0.4744078249924192,1.0,0.4744078249924192,0.0,0.0
338.15167,1.0,0.4744078249924192,78.0,114.33228582317302,1.0,0.4744078249924192,1.0,0.4744078249924192,0.0,0.0
337.84332,1.0,0.4744078249924192,78.0,114.80669364816544,1.0,0.4744078249924192,1.0,0.4744078249924192,0.0,0.0
338.34668,1.0,0.4744078249924192,78.0,114.80669364816544,1.0,0.4744078249924192,1.0,0.4744078249924192,0.0,0.0
337.58667,1.0,0.4744078249924192,79.0,114.80669364816544,1.0,0.4744078249924192,1.0,0.4744078249924192,0.0,0.0
336.92667,1.0,0.4744078249924192,77.0,114.80669364816544,1.0,0.4744078249924192,1.0,0.4744078249924192,0.0,0.0
336.01166,1.0,0.4744078249924192,77.0,114.33228582317302,1.0,0.4744078249924192,1.0,0.4744078249924192,0.0,0.0
335.55,1.0,0.4744078249924192,77.0,113.8578779981806,1.0,0.4744078249924192,1.0,0.4744078249924192,0.0,0.0
334.735,1.0,0.4744078249924192,77.0,114.33228582317302,1.0,0.4744078249924192,1.0,0.4744078249924192,0.0,0.0
335.27667,1.0,0.4744078249924192,77.0,113.8578779981806,1.0,0.4744078249924192,1.0,0.4744078249924192,0.0,0.0
335.88333,1.0,0.4744078249924192,78.0,113.8578779981806,1.0,0.4744078249924192,1.0,0.4744078249924192,0.0,0.0
335.43832,1.0,0.4744078249924192,77.0,113.8578779981806,1.0,0.4744078249924192,1.0,0.4744078249924192,0.0,0.0
335.24,1.0,0.4744078249924192,77.0,113.8578779981806,1.0,0.4744078249924192,1.0,0.4744078249924192,0.0,0.0
335.17334,1.0,0.4744078249924192,77.0,113.8578779981806,1.0,0.4744078249924192,1.0,0.4744078249924192,0.0,0.0
334.62833,1.0,0.4744078249924192,77.0,113.8578779981806,1.0,0.4744078249924192,1.0,0.4744078249924192,0.0,0.0
335.39502,1.0,0.4744078249924192,77.0,113.8578779981806,1.0,0.4744078249924192,1.0,0.4744078249924192,0.0,0.0
335.17834,1.0,0.4744078249924192,77.0,114.33228582317302,1.0,0.4744078249924192,1.0,0.4744078249924192,0.0,0.0
330.51166,1.0,0.4744078249924192,76.0,114.80669364816544,1.0,0.4744078249924192,1.0,0.4744078249924192,0.0,0.0
327.585,1.0,0.4744078249924192,76.0,0.0,1.0,0.4744078249924192,1.0,0.4744078249924192,0.0,0.0
328.12332,1.0,0.4744078249924192,76.0,0.0,1.0,0.4744078249924192,1.0,0.4744078249924192,0.0,0.0
327.64166,1.0,0.4744078249924192,76.0,0.0,1.0,0.4744078249924192,1.0,0.4744078249924192,0.0,0.0
341.5,1.0,0.47703197000924386,81.0,114.01064083220928,1.0,0.47703197000924386,1.0,0.47703197000924386,0.0,0.0
341.60666,1.0,0.47703197000924386,81.0,114.01064083220928,1.0,0.47703197000924386,1.0,0.47703197000924386,0.0,0.0
341.71832,1.0,0.47703197000924386,81.0,114.01064083220928,1.0,0.47703197000924386,1.0,0.47703197000924386,0.0,0.0
341.29166,1.0,0.47703197000924386,82.0,114.01064083220928,1.0,0.47703197000924386,1.0,0.47703197000924386,0.0,0.0
341.13666,1.0,0.47703197000924386,81.0,114.01064083220928,1.0,0.47703197000924386,1.0,0.47703197000924386,0.0,0.0
341.15,1.0,0.47703197000924386,81.0,113.53360886220004,1.0,0.47703197000924386,1.0,0.47703197000924386,0.0,0.0
340.89,1.0,0.47703197000924386,81.0,114.01064083220928,1.0,0.47703197000924386,1.0,0.47703197000924386,0.0,0.0
341.30167,1.0,0.47703197000924386,81.0,113.53360886220004,1.0,0.47703197000924386,1.0,0.47703197000924386,0.0,0.0
340.785,1.0,0.47703197000924386,81.0,114.48767280221853,1.0,0.47703197000924386,1.0,0.47703197000924386,0.0,0.0
341.08334,1.0,0.47703197000924386,81.0,114.48767280221853,1.0,0.47703197000924386,1.0,0.47703197000924386,0.0,0.0
340.99835,1.0,0.47703197000924386,81.0,114.48767280221853,1.0,0.47703197000924386,1.0,0.47703197000924386,0.0,0.0
340.98666,1.0,0.47703197000924386,80.0,114.48767280221853,1.0,0.47703197000924386,1.0,0.47703197000924386,0.0,0.0
341.52167,1.0,0.47703197000924386,80.0,114.48767280221853,1.0,0.47703197000924386,1.0,0.47703197000924386,0.0,0.0
341.13333,1.0,0.47703197000924386,81.0,114.48767280221853,1.0,0.47703197000924386,1.0,0.47703197000924386,0.0,0.0
340.92334,1.0,0.47703197000924386,80.0,115.44173674223701,1.0,0.47703197000924386,1.0,0.47703197000924386,0.0,0.0
339.075,1.0,0.47703197000924386,80.0,115.44173674223701,1.0,0.47703197000924386,1.0,0.47703197000924386,0.0,0.0
338.175,1.0,0.47703197000924386,80.0,114.96470477222778,1.0,0.47703197000924386,1.0,0.47703197000924386,0.0,0.0
338.54666,1.0,0.47703197000924386,80.0,115.44173674223701,1.0,0.47703197000924386,1.0,0.47703197000924386,0.0,0.0
338.04333,1.0,0.47703197000924386,80.0,114.48767280221853,1.0,0.47703197000924386,1.0,0.47703197000924386,0.0,0.0
338.334,1.0,0.47703197000924386,79.0,114.96470477222778,1.0,0.47703197000924386,1.0,0.47703197000924386,0.0,0.0
338.25668,1.0,0.47703197000924386,79.0,114.48767280221853,1.0,0.47703197000924386,1.0,0.47703197000924386,0.0,0.0
337.71,1.0,0.47703197000924386,80.0,114.48767280221853,1.0,0.47703197000924386,1.0,0.47703197000924386,0.0,0.0
337.71,1.0,0.47703197000924386,79.0,114.48767280221853,1.0,0.47703197000924386,1.0,0.47703197000924386,0.0,0.0
337.06,1.0,0.47703197000924386,79.0,115.44173674223701,1.0,0.47703197000924386,1.0,0.47703197000924386,0.0,0.0
337.12335,1.0,0.47703197000924386,79.0,115.91876871224626,1.0,0.47703197000924386,1.0,0.47703197000924386,0.0,0.0
336.59167,1.0,0.47703197000924386,108.0,115.44173674223701,1.0,0.47703197000924386,1.0,0.47703197000924386,0.0,0.0
336.995,1.0,0.47703197000924386,80.0,115.44173674223701,1.0,0.47703197000924386,1.0,0.47703197000924386,0.0,0.0
337.175,1.0,0.47703197000924386,79.0,115.44173674223701,1.0,0.47703197000924386,1.0,0.47703197000924386,0.0,0.0
335.99335,1.0,0.47703197000924386,79.0,115.44173674223701,1.0,0.47703197000924386,1.0,0.47703197000924386,0.0,0.0
337.12668,1.0,0.47703197000924386,78.0,115.44173674223701,1.0,0.47703197000924386,1.0,0.47703197000924386,0.0,0.0
337.225,1.0,0.47703197000924386,78.0,114.96470477222778,1.0,0.47703197000924386,1.0,0.47703197000924386,0.0,0.0
337.73834,1.0,0.47703197000924386,78.0,115.44173674223701,1.0,0.47703197000924386,1.0,0.47703197000924386,0.0,0.0
337.27,1.0,0.47703197000924386,78.0,115.44173674223701,1.0,0.47703197000924386,1.0,0.47703197000924386,0.0,0.0
337.32,1.0,0.47703197000924386,78.0,114.96470477222778,1.0,0.47703197000924386,1.0,0.47703197000924386,0.0,0.0
337.81665,1.0,0.47703197000924386,78.0,115.44173674223701,1.0,0.47703197000924386,1.0,0.47703197000924386,0.0,0.0
337.895,1.0,0.47703197000924386,78.0,114.01064083220928,1.0,0.47703197000924386,1.0,0.47703197000924386,0.0,0.0
338.30167,1.0,0.47703197000924386,78.0,114.96470477222778,1.0,0.47703197000924386,1.0,0.47703197000924386,0.0,0.0
337.73834,1.0,0.47703197000924386,78.0,114.48767280221853,1.0,0.47703197000924386,1.0,0.47703197000924386,0.0,0.0
338.06833,1.0,0.47703197000924386,78.0,114.96470477222778,1.0,0.47703197000924386,1.0,0.47703197000924386,0.0,0.0
338.15167,1.0,0.47703197000924386,78.0,114.96470477222778,1.0,0.47703197000924386,1.0,0.47703197000924386,0.0,0.0
337.84332,1.0,0.47703197000924386,78.0,115.44173674223701,1.0,0.47703197000924386,1.0,0.47703197000924386,0.0,0.0
338.34668,1.0,0.47703197000924386,78.0,115.44173674223701,1.0,0.47703197000924386,1.0,0.47703197000924386,0.0,0.0
337.58667,1.0,0.47703197000924386,79.0,115.44173674223701,1.0,0.47703197000924386,1.0,0.47703197000924386,0.0,0.0
336.92667,1.0,0.47703197000924386,77.0,115.44173674223701,1.0,0.47703197000924386,1.0,0.47703197000924386,0.0,0.0
336.01166,1.0,0.47703197000924386,77.0,114.96470477222778,1.0,0.47703197000924386,1.0,0.47703197000924386,0.0,0.0
335.55,1.0,0.47703197000924386,77.0,114.48767280221853,1.0,0.47703197000924386,1.0,0.47703197000924386,0.0,0.0
334.735,1.0,0.47703197000924386,77.0,114.96470477222778,1.0,0.47703197000924386,1.0,0.47703197000924386,0.0,0.0
335.27667,1.0,0.47703197000924386,77.0,114.48767280221853,1.0,0.47703197000924386,1.0,0.47703197000924386,0.0,0.0
335.88333,1.0,0.47703197000924386,78.0,114.48767280221853,1.0,0.47703197000924386,1.0,0.47703197000924386,0.0,0.0
335.43832,1.0,0.47703197000924386,77.0,114.48767280221853,1.0,0.47703197000924386,1.0,0.47703197000924386,0.0,0.0
335.24,1.0,0.47703197000924386,77.0,114.48767280221853,1.0,0.47703197000924386,1.0,0.47703197000924386,0.0,0.0
335.17334,1.0,0.47703197000924386,77.0,114.48767280221853,1.0,0.47703197000924386,1.0,0.47703197000924386,0.0,0.0
334.62833,1.0,0.47703197000924386,77.0,114.48767280221853,1.0,0.47703197000924386,1.0,0.47703197000924386,0.0,0.0
335.39502,1.0,0.47703197000924386,77.0,114.48767280221853,1.0,0.47703197000924386,1.0,0.47703197000924386,0.0,0.0
335.17834,1.0,0.47703197000924386,77.0,114.96470477222778,1.0,0.47703197000924386,1.0,0.47703197000924386,0.0,0.0
330.51166,1.0,0.47703197000924386,76.0,115.44173674223701,1.0,0.47703197000924386,1.0,0.47703197000924386,0.0,0.0
327.585,1.0,0.47703197000924386,76.0,0.0,1.0,0.47703197000924386,1.0,0.47703197000924386,0.0,0.0
328.12332,1.0,0.47703197000924386,76.0,0.0,1.0,0.47703197000924386,1.0,0.47703197000924386,0.0,0.0
327.64166,1.0,0.47703197000924386,76.0,0.0,1.0,0.47703197000924386,1.0,0.47703197000924386,0.0,0.0
327.62167,1.0,0.47703197000924386,76.0,0.0,1.0,0.47703197000924386,1.0,0.47703197000924386,0.0,0.0
341.60666,1.0,0.4796742425258054,81.0,114.6421439636675,1.0,0.4796742425258054,1.0,0.4796742425258054,0.0,0.0
341.71832,1.0,0.4796742425258054,81.0,114.6421439636675,1.0,0.4796742425258054,1.0,0.4796742425258054,0.0,0.0
341.29166,1.0,0.4796742425258054,82.0,114.6421439636675,1.0,0.4796742425258054,1.0,0.4796742425258054,0.0,0.0
341.13666,1.0,0.4796742425258054,81.0,114.6421439636675,1.0,0.4796742425258054,1.0,0.4796742425258054,0.0,0.0
341.15,1.0,0.4796742425258054,81.0,114.16246972114169,1.0,0.4796742425258054,1.0,0.4796742425258054,0.0,0.0
340.89,1.0,0.4796742425258054,81.0,114.6421439636675,1.0,0.4796742425258054,1.0,0.4796742425258054,0.0,0.0
341.30167,1.0,0.4796742425258054,81.0,114.16246972114169,1.0,0.4796742425258054,1.0,0.4796742425258054,0.0,0.0
340.785,1.0,0.4796742425258054,81.0,115.1218182061933,1.0,0.4796742425258054,1.0,0.4796742425258054,0.0,0.0
341.08334,1.0,0.4796742425258054,81.0,115.1218182061933,1.0,0.4796742425258054,1.0,0.4796742425258054,0.0,0.0
340.99835,1.0,0.4796742425258054,81.0,115.1218182061933,1.0,0.4796742425258054,1.0,0.4796742425258054,0.0,0.0
340.98666,1.0,0.4796742425258054,80.0,115.1218182061933,1.0,0.4796742425258054,1.0,0.4796742425258054,0.0,0.0
341.52167,1.0,0.4796742425258054,80.0,115.1218182061933,1.0,0.4796742425258054,1.0,0.4796742425258054,0.0,0.0
341.13333,1.0,0.4796742425258054,81.0,115.1218182061933,1.0,0.4796742425258054,1.0,0.4796742425258054,0.0,0.0
340.92334,1.0,0.4796742425258054,80.0,116.08116669124492,1.0,0.4796742425258054,1.0,0.4796742425258054,0.0,0.0
339.075,1.0,0.4796742425258054,80.0,116.08116669124492,1.0,0.4796742425258054,1.0,0.4796742425258054,0.0,0.0
338.175,1.0,0.4796742425258054,80.0,115.60149244871911,1.0,0.4796742425258054,1.0,0.4796742425258054,0.0,0.0
338.54666,1.0,0.4796742425258054,80.0,116.08116669124492,1.0,0.4796742425258054,1.0,0.4796742425258054,0.0,0.0
338.04333,1.0,0.4796742425258054,80.0,115.1218182061933,1.0,0.4796742425258054,1.0,0.4796742425258054,0.0,0.0
338.334,1.0,0.4796742425258054,79.0,115.60149244871911,1.0,0.4796742425258054,1.0,0.4796742425258054,0.0,0.0
338.25668,1.0,0.4796742425258054,79.0,115.1218182061933,1.0,0.4796742425258054,1.0,0.4796742425258054,0.0,0.0
337.71,1.0,0.4796742425258054,80.0,115.1218182061933,1.0,0.4796742425258054,1.0,0.4796742425258054,0.0,0.0
337.71,1.0,0.4796742425258054,79.0,115.1218182061933,1.0,0.4796742425258054,1.0,0.4796742425258054,0.0,0.0
337.06,1.0,0.4796742425258054,79.0,116.08116669124492,1.0,0.4796742425258054,1.0,0.4796742425258054,0.0,0.0
337.12335,1.0,0.4796742425258054,79.0,116.56084093377072,1.0,0.4796742425258054,1.0,0.4796742425258054,0.0,0.0
336.59167,1.0,0.4796742425258054,108.0,116.08116669124492,1.0,0.4796742425258054,1.0,0.4796742425258054,0.0,0.0
336.995,1.0,0.4796742425258054,80.0,116.08116669124492,1.0,0.4796742425258054,1.0,0.4796742425258054,0.0,0.0
337.175,1.0,0.4796742425258054,79.0,116.08116669124492,1.0,0.4796742425258054,1.0,0.4796742425258054,0.0,0.0
335.99335,1.0,0.4796742425258054,79.0,116.08116669124492,1.0,0.4796742425258054,1.0,0.4796742425258054,0.0,0.0
337.12668,1.0,0.4796742425258054,78.0,116.08116669124492,1.0,0.4796742425258054,1.0,0.4796742425258054,0.0,0.0
337.225,1.0,0.4796742425258054,78.0,115.60149244871911,1.0,0.4796742425258054,1.0,0.4796742425258054,0.0,0.0
337.73834,1.0,0.4796742425258054,78.0,116.08116669124492,1.0,0.4796742425258054,1.0,0.4796742425258054,0.0,0.0
337.27,1.0,0.4796742425258054,78.0,116.08116669124492,1.0,0.4796742425258054,1.0,0.4796742425258054,0.0,0.0
337.32,1.0,0.4796742425258054,78.0,115.60149244871911,1.0,0.4796742425258054,1.0,0.4796742425258054,0.0,0.0
337.81665,1.0,0.4796742425258054,78.0,116.08116669124492,1.0,0.4796742425258054,1.0,0.4796742425258054,0.0,0.0
337.895,1.0,0.4796742425258054,78.0,114.6421439636675,1.0,0.4796742425258054,1.0,0.4796742425258054,0.0,0.0
338.30167,1.0,0.4796742425258054,78.0,115.60149244871911,1.0,0.4796742425258054,1.0,0.4796742425258054,0.0,0.0
337.73834,1.0,0.4796742425258054,78.0,115.1218182061933,1.0,0.4796742425258054,1.0,0.4796742425258054,0.0,0.0
338.06833,1.0,0.4796742425258054,78.0,115.60149244871911,1.0,0.4796742425258054,1.0,0.4796742425258054,0.0,0.0
338.15167,1.0,0.4796742425258054,78.0,115.60149244871911,1.0,0.4796742425258054,1.0,0.4796742425258054,0.0,0.0
337.84332,1.0,0.4796742425258054,78.0,116.08116669124492,1.0,0.4796742425258054,1.0,0.4796742425258054,0.0,0.0
338.34668,1.0,0.4796742425258054,78.0,116.08116669124492,1.0,0.4796742425258054,1.0,0.4796742425258054,0.0,0.0
337.58667,1.0,0.4796742425258054,79.0,116.08116669124492,1.0,0.4796742425258054,1.0,0.4796742425258054,0.0,0.0
336.92667,1.0,0.4796742425258054,77.0,116.08116669124492,1.0,0.4796742425258054,1.0,0.4796742425258054,0.0,0.0
336.01166,1.0,0.4796742425258054,77.0,115.60149244871911,1.0,0.4796742425258054,1.0,0.4796742425258054,0.0,0.0
335.55,1.0,0.4796742425258054,77.0,115.1218182061933,1.0,0.4796742425258054,1.0,0.4796742425258054,0.0,0.0
334.735,1.0,0.4796742425258054,77.0,115.60149244871911,1.0,0.4796742425258054,1.0,0.4796742425258054,0.0,0.0
335.27667,1.0,0.4796742425258054,77.0,115.1218182061933,1.0,0.4796742425258054,1.0,0.4796742425258054,0.0,0.0
335.88333,1.0,0.4796742425258054,78.0,115.1218182061933,1.0,0.4796742425258054,1.0,0.4796742425258054,0.0,0.0
335.43832,1.0,0.4796742425258054,77.0,115.1218182061933,1.0,0.4796742425258054,1.0,0.4796742425258054,0.0,0.0
335.24,1.0,0.4796742425258054,77.0,115.1218182061933,1.0,0.4796742425258054,1.0,0.4796742425258054,0.0,0.0
335.17334,1.0,0.4796742425258054,77.0,115.1218182061933,1.0,0.4796742425258054,1.0,0.4796742425258054,0.0,0.0
334.62833,1.0,0.4796742425258054,77.0,115.1218182061933,1.0,0.4796742425258054,1.0,0.4796742425258054,0.0,0.0
335.39502,1.0,0.4796742425258054,77.0,115.1218182061933,1.0,0.4796742425258054,1.0,0.4796742425258054,0.0,0.0
335.17834,1.0,0.4796742425258054,77.0,115.60149244871911,1.0,0.4796742425258054,1.0,0.4796742425258054,0.0,0.0
330.51166,1.0,0.4796742425258054,76.0,116.08116669124492,1.0,0.4796742425258054,1.0,0.4796742425258054,0.0,0.0
327.585,1.0,0.4796742425258054,76.0,0.0,1.0,0.4796742425258054,1.0,0.4796742425258054,0.0,0.0
328.12332,1.0,0.4796742425258054,76.0,0.0,1.0,0.4796742425258054,1.0,0.4796742425258054,0.0,0.0
327.64166,1.0,0.4796742425258054,76.0,0.0,1.0,0.4796742425258054,1.0,0.4796742425258054,0.0,0.0
327.62167,1.0,0.4796742425258054,76.0,0.0,1.0,0.4796742425258054,1.0,0.4796742425258054,0.0,0.0
326.79666,1.0,0.4796742425258054,76.0,0.0,1.0,0.4796742425258054,1.0,0.4796742425258054,0.0,0.0
341.71832,1.0,0.4822887465487956,81.0,115.26701042516216,1.0,0.4822887465487956,1.0,0.4822887465487956,0.0,0.0
341.29166,1.0,0.4822887465487956,82.0,115.26701042516216,1.0,0.4822887465487956,1.0,0.4822887465487956,0.0,0.0
341.13666,1.0,0.4822887465487956,81.0,115.26701042516216,1.0,0.4822887465487956,1.0,0.4822887465487956,0.0,0.0
341.15,1.0,0.4822887465487956,81.0,114.78472167861335,1.0,0.4822887465487956,1.0,0.4822887465487956,0.0,0.0
340.89,1.0,0.4822887465487956,81.0,115.26701042516216,1.0,0.4822887465487956,1.0,0.4822887465487956,0.0,0.0
341.30167,1.0,0.4822887465487956,81.0,114.78472167861335,1.0,0.4822887465487956,1.0,0.4822887465487956,0.0,0.0
340.785,1.0,0.4822887465487956,81.0,115.74929917171094,1.0,0.4822887465487956,1.0,0.4822887465487956,0.0,0.0
341.08334,1.0,0.4822887465487956,81.0,115.74929917171094,1.0,0.4822887465487956,1.0,0.4822887465487956,0.0,0.0
340.99835,1.0,0.4822887465487956,81.0,115.74929917171094,1.0,0.4822887465487956,1.0,0.4822887465487956,0.0,0.0
340.98666,1.0,0.4822887465487956,80.0,115.74929917171094,1.0,0.4822887465487956,1.0,0.4822887465487956,0.0,0.0
341.52167,1.0,0.4822887465487956,80.0,115.74929917171094,1.0,0.4822887465487956,1.0,0.4822887465487956,0.0,0.0
341.13333,1.0,0.4822887465487956,81.0,115.74929917171094,1.0,0.4822887465487956,1.0,0.4822887465487956,0.0,0.0
340.92334,1.0,0.4822887465487956,80.0,116.71387666480854,1.0,0.4822887465487956,1.0,0.4822887465487956,0.0,0.0
339.075,1.0,0.4822887465487956,80.0,116.71387666480854,1.0,0.4822887465487956,1.0,0.4822887465487956,0.0,0.0
338.175,1.0,0.4822887465487956,80.0,116.23158791825975,1.0,0.4822887465487956,1.0,0.4822887465487956,0.0,0.0
338.54666,1.0,0.4822887465487956,80.0,116.71387666480854,1.0,0.4822887465487956,1.0,0.4822887465487956,0.0,0.0
338.04333,1.0,0.4822887465487956,80.0,115.74929917171094,1.0,0.4822887465487956,1.0,0.4822887465487956,0.0,0.0
338.334,1.0,0.4822887465487956,79.0,116.23158791825975,1.0,0.4822887465487956,1.0,0.4822887465487956,0.0,0.0
338.25668,1.0,0.4822887465487956,79.0,115.74929917171094,1.0,0.4822887465487956,1.0,0.4822887465487956,0.0,0.0
337.71,1.0,0.4822887465487956,80.0,115.74929917171094,1.0,0.4822887465487956,1.0,0.4822887465487956,0.0,0.0
337.71,1.0,0.4822887465487956,79.0,115.74929917171094,1.0,0.4822887465487956,1.0,0.4822887465487956,0.0,0.0
337.06,1.0,0.4822887465487956,79.0,116.71387666480854,1.0,0.4822887465487956,1.0,0.4822887465487956,0.0,0.0
337.12335,1.0,0.4822887465487956,79.0,117.19616541135733,1.0,0.4822887465487956,1.0,0.4822887465487956,0.0,0.0
336.59167,1.0,0.4822887465487956,108.0,116.71387666480854,1.0,0.4822887465487956,1.0,0.4822887465487956,0.0,0.0
336.995,1.0,0.4822887465487956,80.0,116.71387666480854,1.0,0.4822887465487956,1.0,0.4822887465487956,0.0,0.0
337.175,1.0,0.4822887465487956,79.0,116.71387666480854,1.0,0.4822887465487956,1.0,0.4822887465487956,0.0,0.0
335.99335,1.0,0.4822887465487956,79.0,116.71387666480854,1.0,0.4822887465487956,1.0,0.4822887465487956,0.0,0.0
337.12668,1.0,0.4822887465487956,78.0,116.71387666480854,1.0,0.4822887465487956,1.0,0.4822887465487956,0.0,0.0
337.225,1.0,0.4822887465487956,78.0,116.23158791825975,1.0,0.4822887465487956,1.0,0.4822887465487956,0.0,0.0
337.73834,1.0,0.4822887465487956,78.0,116.71387666480854,1.0,0.4822887465487956,1.0,0.4822887465487956,0.0,0.0
337.27,1.0,0.4822887465487956,78.0,116.71387666480854,1.0,0.4822887465487956,1.0,0.4822887465487956,0.0,0.0
337.32,1.0,0.4822887465487956,78.0,116.23158791825975,1.0,0.4822887465487956,1.0,0.4822887465487956,0.0,0.0
337.81665,1.0,0.4822887465487956,78.0,116.71387666480854,1.0,0.4822887465487956,1.0,0.4822887465487956,0.0,0.0
337.895,1.0,0.4822887465487956,78.0,115.26701042516216,1.0,0.4822887465487956,1.0,0.4822887465487956,0.0,0.0
338.30167,1.0,0.4822887465487956,78.0,116.23158791825975,1.0,0.4822887465487956,1.0,0.4822887465487956,0.0,0.0
337.73834,1.0,0.4822887465487956,78.0,115.74929917171094,1.0,0.4822887465487956,1.0,0.4822887465487956,0.0,0.0
338.06833,1.0,0.4822887465487956,78.0,116.23158791825975,1.0,0.4822887465487956,1.0,0.4822887465487956,0.0,0.0
338.15167,1.0,0.4822887465487956,78.0,116.23158791825975,1.0,0.4822887465487956,1.0,0.4822887465487956,0.0,0.0
337.84332,1.0,0.4822887465487956,78.0,116.71387666480854,1.0,0.4822887465487956,1.0,0.4822887465487956,0.0,0.0
338.34668,1.0,0.4822887465487956,78.0,116.71387666480854,1.0,0.4822887465487956,1.0,0.4822887465487956,0.0,0.0
337.58667,1.0,0.4822887465487956,79.0,116.71387666480854,1.0,0.4822887465487956,1.0,0.4822887465487956,0.0,0.0
336.92667,1.0,0.4822887465487956,77.0,116.71387666480854,1.0,0.4822887465487956,1.0,0.4822887465487956,0.0,0.0
336.01166,1.0,0.4822887465487956,77.0,116.23158791825975,1.0,0.4822887465487956,1.0,0.4822887465487956,0.0,0.0
335.55,1.0,0.4822887465487956,77.0,115.74929917171094,1.0,0.4822887465487956,1.0,0.4822887465487956,0.0,0.0
334.735,1.0,0.4822887465487956,77.0,116.23158791825975,1.0,0.4822887465487956,1.0,0.4822887465487956,0.0,0.0
335.27667,1.0,0.4822887465487956,77.0,115.74929917171094,1.0,0.4822887465487956,1.0,0.4822887465487956,0.0,0.0
335.88333,1.0,0.4822887465487956,78.0,115.74929917171094,1.0,0.4822887465487956,1.0,0.4822887465487956,0.0,0.0
335.43832,1.0,0.4822887465487956,77.0,115.74929917171094,1.0,0.4822887465487956,1.0,0.4822887465487956,0.0,0.0
335.24,1.0,0.4822887465487956,77.0,115.74929917171094,1.0,0.4822887465487956,1.0,0.4822887465487956,0.0,0.0
335.17334,1.0,0.4822887465487956,77.0,115.74929917171094,1.0,0.4822887465487956,1.0,0.4822887465487956,0.0,0.0
334.62833,1.0,0.4822887465487956,77.0,115.74929917171094,1.0,0.4822887465487956,1.0,0.4822887465487956,0.0,0.0
335.39502,1.0,0.4822887465487956,77.0,115.74929917171094,1.0,0.4822887465487956,1.0,0.4822887465487956,0.0,0.0
335.17834,1.0,0.4822887465487956,77.0,116.23158791825975,1.0,0.4822887465487956,1.0,0.4822887465487956,0.0,0.0
330.51166,1.0,0.4822887465487956,76.0,116.71387666480854,1.0,0.4822887465487956,1.0,0.4822887465487956,0.0,0.0
327.585,1.0,0.4822887465487956,76.0,0.0,1.0,0.4822887465487956,1.0,0.4822887465487956,0.0,0.0
328.12332,1.0,0.4822887465487956,76.0,0.0,1.0,0.4822887465487956,1.0,0.4822887465487956,0.0,0.0
327.64166,1.0,0.4822887465487956,76.0,0.0,1.0,0.4822887465487956,1.0,0.4822887465487956,0.0,0.0
327.62167,1.0,0.4822887465487956,76.0,0.0,1.0,0.4822887465487956,1.0,0.4822887465487956,0.0,0.0
326.79666,1.0,0.4822887465487956,76.0,0.0,1.0,0.4822887465487956,1.0,0.4822887465487956,0.0,0.0
326.41998,1.0,0.4822887465487956,76.0,0.0,1.0,0.4822887465487956,1.0,0.4822887465487956,0.0,0.0
341.29166,1.0,0.4819048324652905,82.0,115.17525495920442,1.0,0.4819048324652905,1.0,0.4819048324652905,0.0,0.0
341.13666,1.0,0.4819048324652905,81.0,115.17525495920442,1.0,0.4819048324652905,1.0,0.4819048324652905,0.0,0.0
341.15,1.0,0.4819048324652905,81.0,115.17525495920442,1.0,0.4819048324652905,1.0,0.4819048324652905,0.0,0.0
340.89,1.0,0.4819048324652905,81.0,114.69335012673913,1.0,0.4819048324652905,1.0,0.4819048324652905,0.0,0.0
341.30167,1.0,0.4819048324652905,81.0,115.17525495920442,1.0,0.4819048324652905,1.0,0.4819048324652905,0.0,0.0
340.785,1.0,0.4819048324652905,81.0,114.69335012673913,1.0,0.4819048324652905,1.0,0.4819048324652905,0.0,0.0
341.08334,1.0,0.4819048324652905,81.0,115.65715979166971,1.0,0.4819048324652905,1.0,0.4819048324652905,0.0,0.0
340.99835,1.0,0.4819048324652905,81.0,115.65715979166971,1.0,0.4819048324652905,1.0,0.4819048324652905,0.0,0.0
340.98666,1.0,0.4819048324652905,80.0,115.65715979166971,1.0,0.4819048324652905,1.0,0.4819048324652905,0.0,0.0
341.52167,1.0,0.4819048324652905,80.0,115.65715979166971,1.0,0.4819048324652905,1.0,0.4819048324652905,0.0,0.0
341.13333,1.0,0.4819048324652905,81.0,115.65715979166971,1.0,0.4819048324652905,1.0,0.4819048324652905,0.0,0.0
340.92334,1.0,0.4819048324652905,80.0,115.65715979166971,1.0,0.4819048324652905,1.0,0.4819048324652905,0.0,0.0
339.075,1.0,0.4819048324652905,80.0,116.62096945660029,1.0,0.4819048324652905,1.0,0.4819048324652905,0.0,0.0
338.175,1.0,0.4819048324652905,80.0,116.62096945660029,1.0,0.4819048324652905,1.0,0.4819048324652905,0.0,0.0
338.54666,1.0,0.4819048324652905,80.0,116.139064624135,1.0,0.4819048324652905,1.0,0.4819048324652905,0.0,0.0
338.04333,1.0,0.4819048324652905,80.0,116.62096945660029,1.0,0.4819048324652905,1.0,0.4819048324652905,0.0,0.0
338.334,1.0,0.4819048324652905,79.0,115.65715979166971,1.0,0.4819048324652905,1.0,0.4819048324652905,0.0,0.0
338.25668,1.0,0.4819048324652905,79.0,116.139064624135,1.0,0.4819048324652905,1.0,0.4819048324652905,0.0,0.0
337.71,1.0,0.4819048324652905,80.0,115.65715979166971,1.0,0.4819048324652905,1.0,0.4819048324652905,0.0,0.0
337.71,1.0,0.4819048324652905,79.0,115.65715979166971,1.0,0.4819048324652905,1.0,0.4819048324652905,0.0,0.0
337.06,1.0,0.4819048324652905,79.0,115.65715979166971,1.0,0.4819048324652905,1.0,0.4819048324652905,0.0,0.0
337.12335,1.0,0.4819048324652905,79.0,116.62096945660029,1.0,0.4819048324652905,1.0,0.4819048324652905,0.0,0.0
336.59167,1.0,0.4819048324652905,108.0,117.10287428906558,1.0,0.4819048324652905,1.0,0.4819048324652905,0.0,0.0
336.995,1.0,0.4819048324652905,80.0,116.62096945660029,1.0,0.4819048324652905,1.0,0.4819048324652905,0.0,0.0
337.175,1.0,0.4819048324652905,79.0,116.62096945660029,1.0,0.4819048324652905,1.0,0.4819048324652905,0.0,0.0
335.99335,1.0,0.4819048324652905,79.0,116.62096945660029,1.0,0.4819048324652905,1.0,0.4819048324652905,0.0,0.0
337.12668,1.0,0.4819048324652905,78.0,116.62096945660029,1.0,0.4819048324652905,1.0,0.4819048324652905,0.0,0.0
337.225,1.0,0.4819048324652905,78.0,116.62096945660029,1.0,0.4819048324652905,1.0,0.4819048324652905,0.0,0.0
337.73834,1.0,0.4819048324652905,78.0,116.139064624135,1.0,0.4819048324652905,1.0,0.4819048324652905,0.0,0.0
337.27,1.0,0.4819048324652905,78.0,116.62096945660029,1.0,0.4819048324652905,1.0,0.4819048324652905,0.0,0.0
337.32,1.0,0.4819048324652905,78.0,116.62096945660029,1.0,0.4819048324652905,1.0,0.4819048324652905,0.0,0.0
337.81665,1.0,0.4819048324652905,78.0,116.139064624135,1.0,0.4819048324652905,1.0,0.4819048324652905,0.0,0.0
337.895,1.0,0.4819048324652905,78.0,116.62096945660029,1.0,0.4819048324652905,1.0,0.4819048324652905,0.0,0.0
338.30167,1.0,0.4819048324652905,78.0,115.17525495920442,1.0,0.4819048324652905,1.0,0.4819048324652905,0.0,0.0
337.73834,1.0,0.4819048324652905,78.0,116.139064624135,1.0,0.4819048324652905,1.0,0.4819048324652905,0.0,0.0
338.06833,1.0,0.4819048324652905,78.0,115.65715979166971,1.0,0.4819048324652905,1.0,0.4819048324652905,0.0,0.0
338.15167,1.0,0.4819048324652905,78.0,116.139064624135,1.0,0.4819048324652905,1.0,0.4819048324652905,0.0,0.0
337.84332,1.0,0.4819048324652905,78.0,116.139064624135,1.0,0.4819048324652905,1.0,0.4819048324652905,0.0,0.0
338.34668,1.0,0.4819048324652905,78.0,116.62096945660029,1.0,0.4819048324652905,1.0,0.4819048324652905,0.0,0.0
337.58667,1.0,0.4819048324652905,79.0,116.62096945660029,1.0,0.4819048324652905,1.0,0.4819048324652905,0.0,0.0
336.92667,1.0,0.4819048324652905,77.0,116.62096945660029,1.0,0.4819048324652905,1.0,0.4819048324652905,0.0,0.0
336.01166,1.0,0.4819048324652905,77.0,116.62096945660029,1.0,0.4819048324652905,1.0,0.4819048324652905,0.0,0.0
335.55,1.0,0.4819048324652905,77.0,116.139064624135,1.0,0.4819048324652905,1.0,0.4819048324652905,0.0,0.0
334.735,1.0,0.4819048324652905,77.0,115.65715979166971,1.0,0.4819048324652905,1.0,0.4819048324652905,0.0,0.0
335.27667,1.0,0.4819048324652905,77.0,116.139064624135,1.0,0.4819048324652905,1.0,0.4819048324652905,0.0,0.0
335.88333,1.0,0.4819048324652905,78.0,115.65715979166971,1.0,0.4819048324652905,1.0,0.4819048324652905,0.0,0.0
335.43832,1.0,0.4819048324652905,77.0,115.65715979166971,1.0,0.4819048324652905,1.0,0.4819048324652905,0.0,0.0
335.24,1.0,0.4819048324652905,77.0,115.65715979166971,1.0,0.4819048324652905,1.0,0.4819048324652905,0.0,0.0
335.17334,1.0,0.4819048324652905,77.0,115.65715979166971,1.0,0.4819048324652905,1.0,0.4819048324652905,0.0,0.0
334.62833,1.0,0.4819048324652905,77.0,115.65715979166971,1.0,0.4819048324652905,1.0,0.4819048324652905,0.0,0.0
335.39502,1.0,0.4819048324652905,77.0,115.65715979166971,1.0,0.4819048324652905,1.0,0.4819048324652905,0.0,0.0
335.17834,1.0,0.4819048324652905,77.0,115.65715979166971,1.0,0.4819048324652905,1.0,0.4819048324652905,0.0,0.0
330.51166,1.0,0.4819048324652905,76.0,116.139064624135,1.0,0.4819048324652905,1.0,0.4819048324652905,0.0,0.0
327.585,1.0,0.4819048324652905,76.0,116.62096945660029,1.0,0.4819048324652905,1.0,0.4819048324652905,0.0,0.0
328.12332,1.0,0.4819048324652905,76.0,0.0,1.0,0.4819048324652905,1.0,0.4819048324652905,0.0,0.0
327.64166,1.0,0.4819048324652905,76.0,0.0,1.0,0.4819048324652905,1.0,0.4819048324652905,0.0,0.0
327.62167,1.0,0.4819048324652905,76.0,0.0,1.0,0.4819048324652905,1.0,0.4819048324652905,0.0,0.0
326.79666,1.0,0.4819048324652905,76.0,0.0,1.0,0.4819048324652905,1.0,0.4819048324652905,0.0,0.0
326.41998,1.0,0.4819048324652905,76.0,0.0,1.0,0.4819048324652905,1.0,0.4819048324652905,0.0,0.0
325.63,1.0,0.4819048324652905,76.0,0.0,1.0,0.4819048324652905,1.0,0.4819048324652905,0.0,0.0
341.13666,1.0,0.4847888869868016,81.0,115.86454398984559,1.0,0.4847888869868016,1.0,0.4847888869868016,0.0,0.0
341.15,1.0,0.4847888869868016,81.0,115.86454398984559,1.0,0.4847888869868016,1.0,0.4847888869868016,0.0,0.0
340.89,1.0,0.4847888869868016,81.0,115.37975510285878,1.0,0.4847888869868016,1.0,0.4847888869868016,0.0,0.0
341.30167,1.0,0.4847888869868016,81.0,115.86454398984559,1.0,0.4847888869868016,1.0,0.4847888869868016,0.0,0.0
340.785,1.0,0.4847888869868016,81.0,115.37975510285878,1.0,0.4847888869868016,1.0,0.4847888869868016,0.0,0.0
341.08334,1.0,0.4847888869868016,81.0,116.34933287683239,1.0,0.4847888869868016,1.0,0.4847888869868016,0.0,0.0
340.99835,1.0,0.4847888869868016,81.0,116.34933287683239,1.0,0.4847888869868016,1.0,0.4847888869868016,0.0,0.0
340.98666,1.0,0.4847888869868016,80.0,116.34933287683239,1.0,0.4847888869868016,1.0,0.4847888869868016,0.0,0.0
341.52167,1.0,0.4847888869868016,80.0,116.34933287683239,1.0,0.4847888869868016,1.0,0.4847888869868016,0.0,0.0
341.13333,1.0,0.4847888869868016,81.0,116.34933287683239,1.0,0.4847888869868016,1.0,0.4847888869868016,0.0,0.0
340.92334,1.0,0.4847888869868016,80.0,116.34933287683239,1.0,0.4847888869868016,1.0,0.4847888869868016,0.0,0.0
339.075,1.0,0.4847888869868016,80.0,117.31891065080599,1.0,0.4847888869868016,1.0,0.4847888869868016,0.0,0.0
338.175,1.0,0.4847888869868016,80.0,117.31891065080599,1.0,0.4847888869868016,1.0,0.4847888869868016,0.0,0.0
338.54666,1.0,0.4847888869868016,80.0,116.83412176381918,1.0,0.4847888869868016,1.0,0.4847888869868016,0.0,0.0
338.04333,1.0,0.4847888869868016,80.0,117.31891065080599,1.0,0.4847888869868016,1.0,0.4847888869868016,0.0,0.0
338.334,1.0,0.4847888869868016,79.0,116.34933287683239,1.0,0.4847888869868016,1.0,0.4847888869868016,0.0,0.0
338.25668,1.0,0.4847888869868016,79.0,116.83412176381918,1.0,0.4847888869868016,1.0,0.4847888869868016,0.0,0.0
337.71,1.0,0.4847888869868016,80.0,116.34933287683239,1.0,0.4847888869868016,1.0,0.4847888869868016,0.0,0.0
337.71,1.0,0.4847888869868016,79.0,116.34933287683239,1.0,0.4847888869868016,1.0,0.4847888869868016,0.0,0.0
337.06,1.0,0.4847888869868016,79.0,116.34933287683239,1.0,0.4847888869868016,1.0,0.4847888869868016,0.0,0.0
337.12335,1.0,0.4847888869868016,79.0,117.31891065080599,1.0,0.4847888869868016,1.0,0.4847888869868016,0.0,0.0
336.59167,1.0,0.4847888869868016,108.0,117.8036995377928,1.0,0.4847888869868016,1.0,0.4847888869868016,0.0,0.0
336.995,1.0,0.4847888869868016,80.0,117.31891065080599,1.0,0.4847888869868016,1.0,0.4847888869868016,0.0,0.0
337.175,1.0,0.4847888869868016,79.0,117.31891065080599,1.0,0.4847888869868016,1.0,0.4847888869868016,0.0,0.0
335.99335,1.0,0.4847888869868016,79.0,117.31891065080599,1.0,0.4847888869868016,1.0,0.4847888869868016,0.0,0.0
337.12668,1.0,0.4847888869868016,78.0,117.31891065080599,1.0,0.4847888869868016,1.0,0.4847888869868016,0.0,0.0
337.225,1.0,0.4847888869868016,78.0,117.31891065080599,1.0,0.4847888869868016,1.0,0.4847888869868016,0.0,0.0
337.73834,1.0,0.4847888869868016,78.0,116.83412176381918,1.0,0.4847888869868016,1.0,0.4847888869868016,0.0,0.0
337.27,1.0,0.4847888869868016,78.0,117.31891065080599,1.0,0.4847888869868016,1.0,0.4847888869868016,0.0,0.0
337.32,1.0,0.4847888869868016,78.0,117.31891065080599,1.0,0.4847888869868016,1.0,0.4847888869868016,0.0,0.0
337.81665,1.0,0.4847888869868016,78.0,116.83412176381918,1.0,0.4847888869868016,1.0,0.4847888869868016,0.0,0.0
337.895,1.0,0.4847888869868016,78.0,117.31891065080599,1.0,0.4847888869868016,1.0,0.4847888869868016,0.0,0.0
338.30167,1.0,0.4847888869868016,78.0,115.86454398984559,1.0,0.4847888869868016,1.0,0.4847888869868016,0.0,0.0
337.73834,1.0,0.4847888869868016,78.0,116.83412176381918,1.0,0.4847888869868016,1.0,0.4847888869868016,0.0,0.0
338.06833,1.0,0.4847888869868016,78.0,116.34933287683239,1.0,0.4847888869868016,1.0,0.4847888869868016,0.0,0.0
338.15167,1.0,0.4847888869868016,78.0,116.83412176381918,1.0,0.4847888869868016,1.0,0.4847888869868016,0.0,0.0
337.84332,1.0,0.4847888869868016,78.0,116.83412176381918,1.0,0.4847888869868016,1.0,0.4847888869868016,0.0,0.0
338.34668,1.0,0.4847888869868016,78.0,117.31891065080599,1.0,0.4847888869868016,1.0,0.4847888869868016,0.0,0.0
337.58667,1.0,0.4847888869868016,79.0,117.31891065080599,1.0,0.4847888869868016,1.0,0.4847888869868016,0.0,0.0
336.92667,1.0,0.4847888869868016,77.0,117.31891065080599,1.0,0.4847888869868016,1.0,0.4847888869868016,0.0,0.0
336.01166,1.0,0.4847888869868016,77.0,117.31891065080599,1.0,0.4847888869868016,1.0,0.4847888869868016,0.0,0.0
335.55,1.0,0.4847888869868016,77.0,116.83412176381918,1.0,0.4847888869868016,1.0,0.4847888869868016,0.0,0.0
334.735,1.0,0.4847888869868016,77.0,116.34933287683239,1.0,0.4847888869868016,1.0,0.4847888869868016,0.0,0.0
335.27667,1.0,0.4847888869868016,77.0,116.83412176381918,1.0,0.4847888869868016,1.0,0.4847888869868016,0.0,0.0
335.88333,1.0,0.4847888869868016,78.0,116.34933287683239,1.0,0.4847888869868016,1.0,0.4847888869868016,0.0,0.0
335.43832,1.0,0.4847888869868016,77.0,116.34933287683239,1.0,0.4847888869868016,1.0,0.4847888869868016,0.0,0.0
335.24,1.0,0.4847888869868016,77.0,116.34933287683239,1.0,0.4847888869868016,1.0,0.4847888869868016,0.0,0.0
335.17334,1.0,0.4847888869868016,77.0,116.34933287683239,1.0,0.4847888869868016,1.0,0.4847888869868016,0.0,0.0
334.62833,1.0,0.4847888869868016,77.0,116.34933287683239,1.0,0.4847888869868016,1.0,0.4847888869868016,0.0,0.0
335.39502,1.0,0.4847888869868016,77.0,116.34933287683239,1.0,0.4847888869868016,1.0,0.4847888869868016,0.0,0.0
335.17834,1.0,0.4847888869868016,77.0,116.34933287683239,1.0,0.4847888869868016,1.0,0.4847888869868016,0.0,0.0
330.51166,1.0,0.4847888869868016,76.0,116.83412176381918,1.0,0.4847888869868016,1.0,0.4847888869868016,0.0,0.0
327.585,1.0,0.4847888869868016,76.0,117.31891065080599,1.0,0.4847888869868016,1.0,0.4847888869868016,0.0,0.0
328.12332,1.0,0.4847888869868016,76.0,0.0,1.0,0.4847888869868016,1.0,0.4847888869868016,0.0,0.0
327.64166,1.0,0.4847888869868016,76.0,0.0,1.0,0.4847888869868016,1.0,0.4847888869868016,0.0,0.0
327.62167,1.0,0.4847888869868016,76.0,0.0,1.0,0.4847888869868016,1.0,0.4847888869868016,0.0,0.0
326.79666,1.0,0.4847888869868016,76.0,0.0,1.0,0.4847888869868016,1.0,0.4847888869868016,0.0,0.0
326.41998,1.0,0.4847888869868016,76.0,0.0,1.0,0.4847888869868016,1.0,0.4847888869868016,0.0,0.0
325.63,1.0,0.4847888869868016,76.0,0.0,1.0,0.4847888869868016,1.0,0.4847888869868016,0.0,0.0
324.90833,1.0,0.4847888869868016,76.0,0.0,1.0,0.4847888869868016,1.0,0.4847888869868016,0.0,0.0
341.15,1.0,0.4877296601894363,81.0,116.56738878527528,1.0,0.4877296601894363,1.0,0.4877296601894363,0.0,0.0
340.89,1.0,0.4877296601894363,81.0,116.07965912508584,1.0,0.4877296601894363,1.0,0.4877296601894363,0.0,0.0
341.30167,1.0,0.4877296601894363,81.0,116.56738878527528,1.0,0.4877296601894363,1.0,0.4877296601894363,0.0,0.0
340.785,1.0,0.4877296601894363,81.0,116.07965912508584,1.0,0.4877296601894363,1.0,0.4877296601894363,0.0,0.0
341.08334,1.0,0.4877296601894363,81.0,117.05511844546471,1.0,0.4877296601894363,1.0,0.4877296601894363,0.0,0.0
340.99835,1.0,0.4877296601894363,81.0,117.05511844546471,1.0,0.4877296601894363,1.0,0.4877296601894363,0.0,0.0
340.98666,1.0,0.4877296601894363,80.0,117.05511844546471,1.0,0.4877296601894363,1.0,0.4877296601894363,0.0,0.0
341.52167,1.0,0.4877296601894363,80.0,117.05511844546471,1.0,0.4877296601894363,1.0,0.4877296601894363,0.0,0.0
341.13333,1.0,0.4877296601894363,81.0,117.05511844546471,1.0,0.4877296601894363,1.0,0.4877296601894363,0.0,0.0
340.92334,1.0,0.4877296601894363,80.0,117.05511844546471,1.0,0.4877296601894363,1.0,0.4877296601894363,0.0,0.0
339.075,1.0,0.4877296601894363,80.0,118.03057776584359,1.0,0.4877296601894363,1.0,0.4877296601894363,0.0,0.0
338.175,1.0,0.4877296601894363,80.0,118.03057776584359,1.0,0.4877296601894363,1.0,0.4877296601894363,0.0,0.0
338.54666,1.0,0.4877296601894363,80.0,117.54284810565414,1.0,0.4877296601894363,1.0,0.4877296601894363,0.0,0.0
338.04333,1.0,0.4877296601894363,80.0,118.03057776584359,1.0,0.4877296601894363,1.0,0.4877296601894363,0.0,0.0
338.334,1.0,0.4877296601894363,79.0,117.05511844546471,1.0,0.4877296601894363,1.0,0.4877296601894363,0.0,0.0
338.25668,1.0,0.4877296601894363,79.0,117.54284810565414,1.0,0.4877296601894363,1.0,0.4877296601894363,0.0,0.0
337.71,1.0,0.4877296601894363,80.0,117.05511844546471,1.0,0.4877296601894363,1.0,0.4877296601894363,0.0,0.0
337.71,1.0,0.4877296601894363,79.0,117.05511844546471,1.0,0.4877296601894363,1.0,0.4877296601894363,0.0,0.0
337.06,1.0,0.4877296601894363,79.0,117.05511844546471,1.0,0.4877296601894363,1.0,0.4877296601894363,0.0,0.0
337.12335,1.0,0.4877296601894363,79.0,118.03057776584359,1.0,0.4877296601894363,1.0,0.4877296601894363,0.0,0.0
336.59167,1.0,0.4877296601894363,108.0,118.51830742603302,1.0,0.4877296601894363,1.0,0.4877296601894363,0.0,0.0
336.995,1.0,0.4877296601894363,80.0,118.03057776584359,1.0,0.4877296601894363,1.0,0.4877296601894363,0.0,0.0
337.175,1.0,0.4877296601894363,79.0,118.03057776584359,1.0,0.4877296601894363,1.0,0.4877296601894363,0.0,0.0
335.99335,1.0,0.4877296601894363,79.0,118.03057776584359,1.0,0.4877296601894363,1.0,0.4877296601894363,0.0,0.0
337.12668,1.0,0.4877296601894363,78.0,118.03057776584359,1.0,0.4877296601894363,1.0,0.4877296601894363,0.0,0.0
337.225,1.0,0.4877296601894363,78.0,118.03057776584359,1.0,0.4877296601894363,1.0,0.4877296601894363,0.0,0.0
337.73834,1.0,0.4877296601894363,78.0,117.54284810565414,1.0,0.4877296601894363,1.0,0.4877296601894363,0.0,0.0
337.27,1.0,0.4877296601894363,78.0,118.03057776584359,1.0,0.4877296601894363,1.0,0.4877296601894363,0.0,0.0
337.32,1.0,0.4877296601894363,78.0,118.03057776584359,1.0,0.4877296601894363,1.0,0.4877296601894363,0.0,0.0
337.81665,1.0,0.4877296601894363,78.0,117.54284810565414,1.0,0.4877296601894363,1.0,0.4877296601894363,0.0,0.0
337.895,1.0,0.4877296601894363,78.0,118.03057776584359,1.0,0.4877296601894363,1.0,0.4877296601894363,0.0,0.0
338.30167,1.0,0.4877296601894363,78.0,116.56738878527528,1.0,0.4877296601894363,1.0,0.4877296601894363,0.0,0.0
337.73834,1.0,0.4877296601894363,78.0,117.54284810565414,1.0,0.4877296601894363,1.0,0.4877296601894363,0.0,0.0
338.06833,1.0,0.4877296601894363,78.0,117.05511844546471,1.0,0.4877296601894363,1.0,0.4877296601894363,0.0,0.0
338.15167,1.0,0.4877296601894363,78.0,117.54284810565414,1.0,0.4877296601894363,1.0,0.4877296601894363,0.0,0.0
337.84332,1.0,0.4877296601894363,78.0,117.54284810565414,1.0,0.4877296601894363,1.0,0.4877296601894363,0.0,0.0
338.34668,1.0,0.4877296601894363,78.0,118.03057776584359,1.0,0.4877296601894363,1.0,0.4877296601894363,0.0,0.0
337.58667,1.0,0.4877296601894363,79.0,118.03057776584359,1.0,0.4877296601894363,1.0,0.4877296601894363,0.0,0.0
336.92667,1.0,0.4877296601894363,77.0,118.03057776584359,1.0,0.4877296601894363,1.0,0.4877296601894363,0.0,0.0
336.01166,1.0,0.4877296601894363,77.0,118.03057776584359,1.0,0.4877296601894363,1.0,0.4877296601894363,0.0,0.0
335.55,1.0,0.4877296601894363,77.0,117.54284810565414,1.0,0.4877296601894363,1.0,0.4877296601894363,0.0,0.0
334.735,1.0,0.4877296601894363,77.0,117.05511844546471,1.0,0.4877296601894363,1.0,0.4877296601894363,0.0,0.0
335.27667,1.0,0.4877296601894363,77.0,117.54284810565414,1.0,0.4877296601894363,1.0,0.4877296601894363,0.0,0.0
335.88333,1.0,0.4877296601894363,78.0,117.05511844546471,1.0,0.4877296601894363,1.0,0.4877296601894363,0.0,0.0
335.43832,1.0,0.4877296601894363,77.0,117.05511844546471,1.0,0.4877296601894363,1.0,0.4877296601894363,0.0,0.0
335.24,1.0,0.4877296601894363,77.0,117.05511844546471,1.0,0.4877296601894363,1.0,0.4877296601894363,0.0,0.0
335.17334,1.0,0.4877296601894363,77.0,117.05511844546471,1.0,0.4877296601894363,1.0,0.4877296601894363,0.0,0.0
334.62833,1.0,0.4877296601894363,77.0,117.05511844546471,1.0,0.4877296601894363,1.0,0.4877296601894363,0.0,0.0
335.39502,1.0,0.4877296601894363,77.0,117.05511844546471,1.0,0.4877296601894363,1.0,0.4877296601894363,0.0,0.0
335.17834,1.0,0.4877296601894363,77.0,117.05511844546471,1.0,0.4877296601894363,1.0,0.4877296601894363,0.0,0.0
330.51166,1.0,0.4877296601894363,76.0,117.54284810565414,1.0,0.4877296601894363,1.0,0.4877296601894363,0.0,0.0
327.585,1.0,0.4877296601894363,76.0,118.03057776584359,1.0,0.4877296601894363,1.0,0.4877296601894363,0.0,0.0
328.12332,1.0,0.4877296601894363,76.0,0.0,1.0,0.4877296601894363,1.0,0.4877296601894363,0.0,0.0
327.64166,1.0,0.4877296601894363,76.0,0.0,1.0,0.4877296601894363,1.0,0.4877296601894363,0.0,0.0
327.62167,1.0,0.4877296601894363,76.0,0.0,1.0,0.4877296601894363,1.0,0.4877296601894363,0.0,0.0
326.79666,1.0,0.4877296601894363,76.0,0.0,1.0,0.4877296601894363,1.0,0.4877296601894363,0.0,0.0
326.41998,1.0,0.4877296601894363,76.0,0.0,1.0,0.4877296601894363,1.0,0.4877296601894363,0.0,0.0
325.63,1.0,0.4877296601894363,76.0,0.0,1.0,0.4877296601894363,1.0,0.4877296601894363,0.0,0.0
324.90833,1.0,0.4877296601894363,76.0,0.0,1.0,0.4877296601894363,1.0,0.4877296601894363,0.0,0.0
326.07666,1.0,0.4877296601894363,76.0,0.0,1.0,0.4877296601894363,1.0,0.4877296601894363,0.0,0.0
340.89,1.0,0.4907875844836472,81.0,116.80744510710802,1.0,0.4907875844836472,1.0,0.4907875844836472,0.0,0.0
341.30167,1.0,0.4907875844836472,81.0,117.29823269159168,1.0,0.4907875844836472,1.0,0.4907875844836472,0.0,0.0
340.785,1.0,0.4907875844836472,81.0,116.80744510710802,1.0,0.4907875844836472,1.0,0.4907875844836472,0.0,0.0
341.08334,1.0,0.4907875844836472,81.0,117.78902027607532,1.0,0.4907875844836472,1.0,0.4907875844836472,0.0,0.0
340.99835,1.0,0.4907875844836472,81.0,117.78902027607532,1.0,0.4907875844836472,1.0,0.4907875844836472,0.0,0.0
340.98666,1.0,0.4907875844836472,80.0,117.78902027607532,1.0,0.4907875844836472,1.0,0.4907875844836472,0.0,0.0
341.52167,1.0,0.4907875844836472,80.0,117.78902027607532,1.0,0.4907875844836472,1.0,0.4907875844836472,0.0,0.0
341.13333,1.0,0.4907875844836472,81.0,117.78902027607532,1.0,0.4907875844836472,1.0,0.4907875844836472,0.0,0.0
340.92334,1.0,0.4907875844836472,80.0,117.78902027607532,1.0,0.4907875844836472,1.0,0.4907875844836472,0.0,0.0
339.075,1.0,0.4907875844836472,80.0,118.77059544504262,1.0,0.4907875844836472,1.0,0.4907875844836472,0.0,0.0
338.175,1.0,0.4907875844836472,80.0,118.77059544504262,1.0,0.4907875844836472,1.0,0.4907875844836472,0.0,0.0
338.54666,1.0,0.4907875844836472,80.0,118.27980786055898,1.0,0.4907875844836472,1.0,0.4907875844836472,0.0,0.0
338.04333,1.0,0.4907875844836472,80.0,118.77059544504262,1.0,0.4907875844836472,1.0,0.4907875844836472,0.0,0.0
338.334,1.0,0.4907875844836472,79.0,117.78902027607532,1.0,0.4907875844836472,1.0,0.4907875844836472,0.0,0.0
338.25668,1.0,0.4907875844836472,79.0,118.27980786055898,1.0,0.4907875844836472,1.0,0.4907875844836472,0.0,0.0
337.71,1.0,0.4907875844836472,80.0,117.78902027607532,1.0,0.4907875844836472,1.0,0.4907875844836472,0.0,0.0
337.71,1.0,0.4907875844836472,79.0,117.78902027607532,1.0,0.4907875844836472,1.0,0.4907875844836472,0.0,0.0
337.06,1.0,0.4907875844836472,79.0,117.78902027607532,1.0,0.4907875844836472,1.0,0.4907875844836472,0.0,0.0
337.12335,1.0,0.4907875844836472,79.0,118.77059544504262,1.0,0.4907875844836472,1.0,0.4907875844836472,0.0,0.0
336.59167,1.0,0.4907875844836472,108.0,119.26138302952626,1.0,0.4907875844836472,1.0,0.4907875844836472,0.0,0.0
336.995,1.0,0.4907875844836472,80.0,118.77059544504262,1.0,0.4907875844836472,1.0,0.4907875844836472,0.0,0.0
337.175,1.0,0.4907875844836472,79.0,118.77059544504262,1.0,0.4907875844836472,1.0,0.4907875844836472,0.0,0.0
335.99335,1.0,0.4907875844836472,79.0,118.77059544504262,1.0,0.4907875844836472,1.0,0.4907875844836472,0.0,0.0
337.12668,1.0,0.4907875844836472,78.0,118.77059544504262,1.0,0.4907875844836472,1.0,0.4907875844836472,0.0,0.0
337.225,1.0,0.4907875844836472,78.0,118.77059544504262,1.0,0.4907875844836472,1.0,0.4907875844836472,0.0,0.0
337.73834,1.0,0.4907875844836472,78.0,118.27980786055898,1.0,0.4907875844836472,1.0,0.4907875844836472,0.0,0.0
337.27,1.0,0.4907875844836472,78.0,118.77059544504262,1.0,0.4907875844836472,1.0,0.4907875844836472,0.0,0.0
337.32,1.0,0.4907875844836472,78.0,118.77059544504262,1.0,0.4907875844836472,1.0,0.4907875844836472,0.0,0.0
337.81665,1.0,0.4907875844836472,78.0,118.27980786055898,1.0,0.4907875844836472,1.0,0.4907875844836472,0.0,0.0
337.895,1.0,0.4907875844836472,78.0,118.77059544504262,1.0,0.4907875844836472,1.0,0.4907875844836472,0.0,0.0
338.30167,1.0,0.4907875844836472,78.0,117.29823269159168,1.0,0.4907875844836472,1.0,0.4907875844836472,0.0,0.0
337.73834,1.0,0.4907875844836472,78.0,118.27980786055898,1.0,0.4907875844836472,1.0,0.4907875844836472,0.0,0.0
338.06833,1.0,0.4907875844836472,78.0,117.78902027607532,1.0,0.4907875844836472,1.0,0.4907875844836472,0.0,0.0
338.15167,1.0,0.4907875844836472,78.0,118.27980786055898,1.0,0.4907875844836472,1.0,0.4907875844836472,0.0,0.0
337.84332,1.0,0.4907875844836472,78.0,118.27980786055898,1.0,0.4907875844836472,1.0,0.4907875844836472,0.0,0.0
338.34668,1.0,0.4907875844836472,78.0,118.77059544504262,1.0,0.4907875844836472,1.0,0.4907875844836472,0.0,0.0
337.58667,1.0,0.4907875844836472,79.0,118.77059544504262,1.0,0.4907875844836472,1.0,0.4907875844836472,0.0,0.0
336.92667,1.0,0.4907875844836472,77.0,118.77059544504262,1.0,0.4907875844836472,1.0,0.4907875844836472,0.0,0.0
336.01166,1.0,0.4907875844836472,77.0,118.77059544504262,1.0,0.4907875844836472,1.0,0.4907875844836472,0.0,0.0
335.55,1.0,0.4907875844836472,77.0,118.27980786055898,1.0,0.4907875844836472,1.0,0.4907875844836472,0.0,0.0
334.735,1.0,0.4907875844836472,77.0,117.78902027607532,1.0,0.4907875844836472,1.0,0.4907875844836472,0.0,0.0
335.27667,1.0,0.4907875844836472,77.0,118.27980786055898,1.0,0.4907875844836472,1.0,0.4907875844836472,0.0,0.0
335.88333,1.0,0.4907875844836472,78.0,117.78902027607532,1.0,0.4907875844836472,1.0,0.4907875844836472,0.0,0.0
335.43832,1.0,0.4907875844836472,77.0,117.78902027607532,1.0,0.4907875844836472,1.0,0.4907875844836472,0.0,0.0
335.24,1.0,0.4907875844836472,77.0,117.78902027607532,1.0,0.4907875844836472,1.0,0.4907875844836472,0.0,0.0
335.17334,1.0,0.4907875844836472,77.0,117.78902027607532,1.0,0.4907875844836472,1.0,0.4907875844836472,0.0,0.0
334.62833,1.0,0.4907875844836472,77.0,117.78902027607532,1.0,0.4907875844836472,1.0,0.4907875844836472,0.0,0.0
335.39502,1.0,0.4907875844836472,77.0,117.78902027607532,1.0,0.4907875844836472,1.0,0.4907875844836472,0.0,0.0
335.17834,1.0,0.4907875844836472,77.0,117.78902027607532,1.0,0.4907875844836472,1.0,0.4907875844836472,0.0,0.0
330.51166,1.0,0.4907875844836472,76.0,118.27980786055898,1.0,0.4907875844836472,1.0,0.4907875844836472,0.0,0.0
327.585,1.0,0.4907875844836472,76.0,118.77059544504262,1.0,0.4907875844836472,1.0,0.4907875844836472,0.0,0.0
328.12332,1.0,0.4907875844836472,76.0,0.0,1.0,0.4907875844836472,1.0,0.4907875844836472,0.0,0.0
327.64166,1.0,0.4907875844836472,76.0,0.0,1.0,0.4907875844836472,1.0,0.4907875844836472,0.0,0.0
327.62167,1.0,0.4907875844836472,76.0,0.0,1.0,0.4907875844836472,1.0,0.4907875844836472,0.0,0.0
326.79666,1.0,0.4907875844836472,76.0,0.0,1.0,0.4907875844836472,1.0,0.4907875844836472,0.0,0.0
326.41998,1.0,0.4907875844836472,76.0,0.0,1.0,0.4907875844836472,1.0,0.4907875844836472,0.0,0.0
325.63,1.0,0.4907875844836472,76.0,0.0,1.0,0.4907875844836472,1.0,0.4907875844836472,0.0,0.0
324.90833,1.0,0.4907875844836472,76.0,0.0,1.0,0.4907875844836472,1.0,0.4907875844836472,0.0,0.0
326.07666,1.0,0.4907875844836472,76.0,0.0,1.0,0.4907875844836472,1.0,0.4907875844836472,0.0,0.0
326.77832,1.0,0.4907875844836472,76.0,0.0,1.0,0.4907875844836472,1.0,0.4907875844836472,0.0,0.0
341.30167,1.0,0.4938931057960268,81.0,118.04045228525041,1.0,0.4938931057960268,1.0,0.4938931057960268,0.0,0.0
340.785,1.0,0.4938931057960268,81.0,117.54655917945438,1.0,0.4938931057960268,1.0,0.4938931057960268,0.0,0.0
341.08334,1.0,0.4938931057960268,81.0,118.53434539104643,1.0,0.4938931057960268,1.0,0.4938931057960268,0.0,0.0
340.99835,1.0,0.4938931057960268,81.0,118.53434539104643,1.0,0.4938931057960268,1.0,0.4938931057960268,0.0,0.0
340.98666,1.0,0.4938931057960268,80.0,118.53434539104643,1.0,0.4938931057960268,1.0,0.4938931057960268,0.0,0.0
341.52167,1.0,0.4938931057960268,80.0,118.53434539104643,1.0,0.4938931057960268,1.0,0.4938931057960268,0.0,0.0
341.13333,1.0,0.4938931057960268,81.0,118.53434539104643,1.0,0.4938931057960268,1.0,0.4938931057960268,0.0,0.0
340.92334,1.0,0.4938931057960268,80.0,118.53434539104643,1.0,0.4938931057960268,1.0,0.4938931057960268,0.0,0.0
339.075,1.0,0.4938931057960268,80.0,119.52213160263848,1.0,0.4938931057960268,1.0,0.4938931057960268,0.0,0.0
338.175,1.0,0.4938931057960268,80.0,119.52213160263848,1.0,0.4938931057960268,1.0,0.4938931057960268,0.0,0.0
338.54666,1.0,0.4938931057960268,80.0,119.02823849684246,1.0,0.4938931057960268,1.0,0.4938931057960268,0.0,0.0
338.04333,1.0,0.4938931057960268,80.0,119.52213160263848,1.0,0.4938931057960268,1.0,0.4938931057960268,0.0,0.0
338.334,1.0,0.4938931057960268,79.0,118.53434539104643,1.0,0.4938931057960268,1.0,0.4938931057960268,0.0,0.0
338.25668,1.0,0.4938931057960268,79.0,119.02823849684246,1.0,0.4938931057960268,1.0,0.4938931057960268,0.0,0.0
337.71,1.0,0.4938931057960268,80.0,118.53434539104643,1.0,0.4938931057960268,1.0,0.4938931057960268,0.0,0.0
337.71,1.0,0.4938931057960268,79.0,118.53434539104643,1.0,0.4938931057960268,1.0,0.4938931057960268,0.0,0.0
337.06,1.0,0.4938931057960268,79.0,118.53434539104643,1.0,0.4938931057960268,1.0,0.4938931057960268,0.0,0.0
337.12335,1.0,0.4938931057960268,79.0,119.52213160263848,1.0,0.4938931057960268,1.0,0.4938931057960268,0.0,0.0
336.59167,1.0,0.4938931057960268,108.0,120.01602470843451,1.0,0.4938931057960268,1.0,0.4938931057960268,0.0,0.0
336.995,1.0,0.4938931057960268,80.0,119.52213160263848,1.0,0.4938931057960268,1.0,0.4938931057960268,0.0,0.0
337.175,1.0,0.4938931057960268,79.0,119.52213160263848,1.0,0.4938931057960268,1.0,0.4938931057960268,0.0,0.0
335.99335,1.0,0.4938931057960268,79.0,119.52213160263848,1.0,0.4938931057960268,1.0,0.4938931057960268,0.0,0.0
337.12668,1.0,0.4938931057960268,78.0,119.52213160263848,1.0,0.4938931057960268,1.0,0.4938931057960268,0.0,0.0
337.225,1.0,0.4938931057960268,78.0,119.52213160263848,1.0,0.4938931057960268,1.0,0.4938931057960268,0.0,0.0
337.73834,1.0,0.4938931057960268,78.0,119.02823849684246,1.0,0.4938931057960268,1.0,0.4938931057960268,0.0,0.0
337.27,1.0,0.4938931057960268,78.0,119.52213160263848,1.0,0.4938931057960268,1.0,0.4938931057960268,0.0,0.0
337.32,1.0,0.4938931057960268,78.0,119.52213160263848,1.0,0.4938931057960268,1.0,0.4938931057960268,0.0,0.0
337.81665,1.0,0.4938931057960268,78.0,119.02823849684246,1.0,0.4938931057960268,1.0,0.4938931057960268,0.0,0.0
337.895,1.0,0.4938931057960268,78.0,119.52213160263848,1.0,0.4938931057960268,1.0,0.4938931057960268,0.0,0.0
338.30167,1.0,0.4938931057960268,78.0,118.04045228525041,1.0,0.4938931057960268,1.0,0.4938931057960268,0.0,0.0
337.73834,1.0,0.4938931057960268,78.0,119.02823849684246,1.0,0.4938931057960268,1.0,0.4938931057960268,0.0,0.0
338.06833,1.0,0.4938931057960268,78.0,118.53434539104643,1.0,0.4938931057960268,1.0,0.4938931057960268,0.0,0.0
338.15167,1.0,0.4938931057960268,78.0,119.02823849684246,1.0,0.4938931057960268,1.0,0.4938931057960268,0.0,0.0
337.84332,1.0,0.4938931057960268,78.0,119.02823849684246,1.0,0.4938931057960268,1.0,0.4938931057960268,0.0,0.0
338.34668,1.0,0.4938931057960268,78.0,119.52213160263848,1.0,0.4938931057960268,1.0,0.4938931057960268,0.0,0.0
337.58667,1.0,0.4938931057960268,79.0,119.52213160263848,1.0,0.4938931057960268,1.0,0.4938931057960268,0.0,0.0
336.92667,1.0,0.4938931057960268,77.0,119.52213160263848,1.0,0.4938931057960268,1.0,0.4938931057960268,0.0,0.0
336.01166,1.0,0.4938931057960268,77.0,119.52213160263848,1.0,0.4938931057960268,1.0,0.4938931057960268,0.0,0.0
335.55,1.0,0.4938931057960268,77.0,119.02823849684246,1.0,0.4938931057960268,1.0,0.4938931057960268,0.0,0.0
334.735,1.0,0.4938931057960268,77.0,118.53434539104643,1.0,0.4938931057960268,1.0,0.4938931057960268,0.0,0.0
335.27667,1.0,0.4938931057960268,77.0,119.02823849684246,1.0,0.4938931057960268,1.0,0.4938931057960268,0.0,0.0
335.88333,1.0,0.4938931057960268,78.0,118.53434539104643,1.0,0.4938931057960268,1.0,0.4938931057960268,0.0,0.0
335.43832,1.0,0.4938931057960268,77.0,118.53434539104643,1.0,0.4938931057960268,1.0,0.4938931057960268,0.0,0.0
335.24,1.0,0.4938931057960268,77.0,118.53434539104643,1.0,0.4938931057960268,1.0,0.4938931057960268,0.0,0.0
335.17334,1.0,0.4938931057960268,77.0,118.53434539104643,1.0,0.4938931057960268,1.0,0.4938931057960268,0.0,0.0
334.62833,1.0,0.4938931057960268,77.0,118.53434539104643,1.0,0.4938931057960268,1.0,0.4938931057960268,0.0,0.0
335.39502,1.0,0.4938931057960268,77.0,118.53434539104643,1.0,0.4938931057960268,1.0,0.4938931057960268,0.0,0.0
335.17834,1.0,0.4938931057960268,77.0,118.53434539104643,1.0,0.4938931057960268,1.0,0.4938931057960268,0.0,0.0
330.51166,1.0,0.4938931057960268,76.0,119.02823849684246,1.0,0.4938931057960268,1.0,0.4938931057960268,0.0,0.0
327.585,1.0,0.4938931057960268,76.0,119.52213160263848,1.0,0.4938931057960268,1.0,0.4938931057960268,0.0,0.0
328.12332,1.0,0.4938931057960268,76.0,0.0,1.0,0.4938931057960268,1.0,0.4938931057960268,0.0,0.0
327.64166,1.0,0.4938931057960268,76.0,0.0,1.0,0.4938931057960268,1.0,0.4938931057960268,0.0,0.0
327.62167,1.0,0.4938931057960268,76.0,0.0,1.0,0.4938931057960268,1.0,0.4938931057960268,0.0,0.0
326.79666,1.0,0.4938931057960268,76.0,0.0,1.0,0.4938931057960268,1.0,0.4938931057960268,0.0,0.0
326.41998,1.0,0.4938931057960268,76.0,0.0,1.0,0.4938931057960268,1.0,0.4938931057960268,0.0,0.0
325.63,1.0,0.4938931057960268,76.0,0.0,1.0,0.4938931057960268,1.0,0.4938931057960268,0.0,0.0
324.90833,1.0,0.4938931057960268,76.0,0.0,1.0,0.4938931057960268,1.0,0.4938931057960268,0.0,0.0
326.07666,1.0,0.4938931057960268,76.0,0.0,1.0,0.4938931057960268,1.0,0.4938931057960268,0.0,0.0
326.77832,1.0,0.4938931057960268,76.0,0.0,1.0,0.4938931057960268,1.0,0.4938931057960268,0.0,0.0
326.38666,1.0,0.4938931057960268,76.0,0.0,1.0,0.4938931057960268,1.0,0.4938931057960268,0.0,0.0
340.785,1.0,0.49713664254570983,81.0,118.31852092587894,1.0,0.49713664254570983,1.0,0.49713664254570983,0.0,0.0
341.08334,1.0,0.49713664254570983,81.0,119.31279421097035,1.0,0.49713664254570983,1.0,0.49713664254570983,0.0,0.0
340.99835,1.0,0.49713664254570983,81.0,119.31279421097035,1.0,0.49713664254570983,1.0,0.49713664254570983,0.0,0.0
340.98666,1.0,0.49713664254570983,80.0,119.31279421097035,1.0,0.49713664254570983,1.0,0.49713664254570983,0.0,0.0
341.52167,1.0,0.49713664254570983,80.0,119.31279421097035,1.0,0.49713664254570983,1.0,0.49713664254570983,0.0,0.0
341.13333,1.0,0.49713664254570983,81.0,119.31279421097035,1.0,0.49713664254570983,1.0,0.49713664254570983,0.0,0.0
340.92334,1.0,0.49713664254570983,80.0,119.31279421097035,1.0,0.49713664254570983,1.0,0.49713664254570983,0.0,0.0
339.075,1.0,0.49713664254570983,80.0,120.30706749606178,1.0,0.49713664254570983,1.0,0.49713664254570983,0.0,0.0
338.175,1.0,0.49713664254570983,80.0,120.30706749606178,1.0,0.49713664254570983,1.0,0.49713664254570983,0.0,0.0
338.54666,1.0,0.49713664254570983,80.0,119.80993085351606,1.0,0.49713664254570983,1.0,0.49713664254570983,0.0,0.0
338.04333,1.0,0.49713664254570983,80.0,120.30706749606178,1.0,0.49713664254570983,1.0,0.49713664254570983,0.0,0.0
338.334,1.0,0.49713664254570983,79.0,119.31279421097035,1.0,0.49713664254570983,1.0,0.49713664254570983,0.0,0.0
338.25668,1.0,0.49713664254570983,79.0,119.80993085351606,1.0,0.49713664254570983,1.0,0.49713664254570983,0.0,0.0
337.71,1.0,0.49713664254570983,80.0,119.31279421097035,1.0,0.49713664254570983,1.0,0.49713664254570983,0.0,0.0
337.71,1.0,0.49713664254570983,79.0,119.31279421097035,1.0,0.49713664254570983,1.0,0.49713664254570983,0.0,0.0
337.06,1.0,0.49713664254570983,79.0,119.31279421097035,1.0,0.49713664254570983,1.0,0.49713664254570983,0.0,0.0
337.12335,1.0,0.49713664254570983,79.0,120.30706749606178,1.0,0.49713664254570983,1.0,0.49713664254570983,0.0,0.0
336.59167,1.0,0.49713664254570983,108.0,120.80420413860749,1.0,0.49713664254570983,1.0,0.49713664254570983,0.0,0.0
336.995,1.0,0.49713664254570983,80.0,120.30706749606178,1.0,0.49713664254570983,1.0,0.49713664254570983,0.0,0.0
337.175,1.0,0.49713664254570983,79.0,120.30706749606178,1.0,0.49713664254570983,1.0,0.49713664254570983,0.0,0.0
335.99335,1.0,0.49713664254570983,79.0,120.30706749606178,1.0,0.49713664254570983,1.0,0.49713664254570983,0.0,0.0
337.12668,1.0,0.49713664254570983,78.0,120.30706749606178,1.0,0.49713664254570983,1.0,0.49713664254570983,0.0,0.0
337.225,1.0,0.49713664254570983,78.0,120.30706749606178,1.0,0.49713664254570983,1.0,0.49713664254570983,0.0,0.0
337.73834,1.0,0.49713664254570983,78.0,119.80993085351606,1.0,0.49713664254570983,1.0,0.49713664254570983,0.0,0.0
337.27,1.0,0.49713664254570983,78.0,120.30706749606178,1.0,0.49713664254570983,1.0,0.49713664254570983,0.0,0.0
337.32,1.0,0.49713664254570983,78.0,120.30706749606178,1.0,0.49713664254570983,1.0,0.49713664254570983,0.0,0.0
337.81665,1.0,0.49713664254570983,78.0,119.80993085351606,1.0,0.49713664254570983,1.0,0.49713664254570983,0.0,0.0
337.895,1.0,0.49713664254570983,78.0,120.30706749606178,1.0,0.49713664254570983,1.0,0.49713664254570983,0.0,0.0
338.30167,1.0,0.49713664254570983,78.0,118.81565756842465,1.0,0.49713664254570983,1.0,0.49713664254570983,0.0,0.0
337.73834,1.0,0.49713664254570983,78.0,119.80993085351606,1.0,0.49713664254570983,1.0,0.49713664254570983,0.0,0.0
338.06833,1.0,0.49713664254570983,78.0,119.31279421097035,1.0,0.49713664254570983,1.0,0.49713664254570983,0.0,0.0
338.15167,1.0,0.49713664254570983,78.0,119.80993085351606,1.0,0.49713664254570983,1.0,0.49713664254570983,0.0,0.0
337.84332,1.0,0.49713664254570983,78.0,119.80993085351606,1.0,0.49713664254570983,1.0,0.49713664254570983,0.0,0.0
338.34668,1.0,0.49713664254570983,78.0,120.30706749606178,1.0,0.49713664254570983,1.0,0.49713664254570983,0.0,0.0
337.58667,1.0,0.49713664254570983,79.0,120.30706749606178,1.0,0.49713664254570983,1.0,0.49713664254570983,0.0,0.0
336.92667,1.0,0.49713664254570983,77.0,120.30706749606178,1.0,0.49713664254570983,1.0,0.49713664254570983,0.0,0.0
336.01166,1.0,0.49713664254570983,77.0,120.30706749606178,1.0,0.49713664254570983,1.0,0.49713664254570983,0.0,0.0
335.55,1.0,0.49713664254570983,77.0,119.80993085351606,1.0,0.49713664254570983,1.0,0.49713664254570983,0.0,0.0
334.735,1.0,0.49713664254570983,77.0,119.31279421097035,1.0,0.49713664254570983,1.0,0.49713664254570983,0.0,0.0
335.27667,1.0,0.49713664254570983,77.0,119.80993085351606,1.0,0.49713664254570983,1.0,0.49713664254570983,0.0,0.0
335.88333,1.0,0.49713664254570983,78.0,119.31279421097035,1.0,0.49713664254570983,1.0,0.49713664254570983,0.0,0.0
335.43832,1.0,0.49713664254570983,77.0,119.31279421097035,1.0,0.49713664254570983,1.0,0.49713664254570983,0.0,0.0
335.24,1.0,0.49713664254570983,77.0,119.31279421097035,1.0,0.49713664254570983,1.0,0.49713664254570983,0.0,0.0
335.17334,1.0,0.49713664254570983,77.0,119.31279421097035,1.0,0.49713664254570983,1.0,0.49713664254570983,0.0,0.0
334.62833,1.0,0.49713664254570983,77.0,119.31279421097035,1.0,0.49713664254570983,1.0,0.49713664254570983,0.0,0.0
335.39502,1.0,0.49713664254570983,77.0,119.31279421097035,1.0,0.49713664254570983,1.0,0.49713664254570983,0.0,0.0
335.17834,1.0,0.49713664254570983,77.0,119.31279421097035,1.0,0.49713664254570983,1.0,0.49713664254570983,0.0,0.0
330.51166,1.0,0.49713664254570983,76.0,119.80993085351606,1.0,0.49713664254570983,1.0,0.49713664254570983,0.0,0.0
327.585,1.0,0.49713664254570983,76.0,120.30706749606178,1.0,0.49713664254570983,1.0,0.49713664254570983,0.0,0.0
328.12332,1.0,0.49713664254570983,76.0,0.0,1.0,0.49713664254570983,1.0,0.49713664254570983,0.0,0.0
327.64166,1.0,0.49713664254570983,76.0,0.0,1.0,0.49713664254570983,1.0,0.49713664254570983,0.0,0.0
327.62167,1.0,0.49713664254570983,76.0,0.0,1.0,0.49713664254570983,1.0,0.49713664254570983,0.0,0.0
326.79666,1.0,0.49713664254570983,76.0,0.0,1.0,0.49713664254570983,1.0,0.49713664254570983,0.0,0.0
326.41998,1.0,0.49713664254570983,76.0,0.0,1.0,0.49713664254570983,1.0,0.49713664254570983,0.0,0.0
325.63,1.0,0.49713664254570983,76.0,0.0,1.0,0.49713664254570983,1.0,0.49713664254570983,0.0,0.0
324.90833,1.0,0.49713664254570983,76.0,0.0,1.0,0.49713664254570983,1.0,0.49713664254570983,0.0,0.0
326.07666,1.0,0.49713664254570983,76.0,0.0,1.0,0.49713664254570983,1.0,0.49713664254570983,0.0,0.0
326.77832,1.0,0.49713664254570983,76.0,0.0,1.0,0.49713664254570983,1.0,0.49713664254570983,0.0,0.0
326.38666,1.0,0.49713664254570983,76.0,0.0,1.0,0.49713664254570983,1.0,0.49713664254570983,0.0,0.0
325.99835,1.0,0.49713664254570983,76.0,0.0,1.0,0.49713664254570983,1.0,0.49713664254570983,0.0,0.0
341.08334,1.0,0.5004973234437653,81.0,120.11935762650367,1.0,0.5004973234437653,1.0,0.5004973234437653,0.0,0.0
340.99835,1.0,0.5004973234437653,81.0,120.11935762650367,1.0,0.5004973234437653,1.0,0.5004973234437653,0.0,0.0
340.98666,1.0,0.5004973234437653,80.0,120.11935762650367,1.0,0.5004973234437653,1.0,0.5004973234437653,0.0,0.0
341.52167,1.0,0.5004973234437653,80.0,120.11935762650367,1.0,0.5004973234437653,1.0,0.5004973234437653,0.0,0.0
341.13333,1.0,0.5004973234437653,81.0,120.11935762650367,1.0,0.5004973234437653,1.0,0.5004973234437653,0.0,0.0
340.92334,1.0,0.5004973234437653,80.0,120.11935762650367,1.0,0.5004973234437653,1.0,0.5004973234437653,0.0,0.0
339.075,1.0,0.5004973234437653,80.0,121.1203522733912,1.0,0.5004973234437653,1.0,0.5004973234437653,0.0,0.0
338.175,1.0,0.5004973234437653,80.0,121.1203522733912,1.0,0.5004973234437653,1.0,0.5004973234437653,0.0,0.0
338.54666,1.0,0.5004973234437653,80.0,120.61985494994744,1.0,0.5004973234437653,1.0,0.5004973234437653,0.0,0.0
338.04333,1.0,0.5004973234437653,80.0,121.1203522733912,1.0,0.5004973234437653,1.0,0.5004973234437653,0.0,0.0
338.334,1.0,0.5004973234437653,79.0,120.11935762650367,1.0,0.5004973234437653,1.0,0.5004973234437653,0.0,0.0
338.25668,1.0,0.5004973234437653,79.0,120.61985494994744,1.0,0.5004973234437653,1.0,0.5004973234437653,0.0,0.0
337.71,1.0,0.5004973234437653,80.0,120.11935762650367,1.0,0.5004973234437653,1.0,0.5004973234437653,0.0,0.0
337.71,1.0,0.5004973234437653,79.0,120.11935762650367,1.0,0.5004973234437653,1.0,0.5004973234437653,0.0,0.0
337.06,1.0,0.5004973234437653,79.0,120.11935762650367,1.0,0.5004973234437653,1.0,0.5004973234437653,0.0,0.0
337.12335,1.0,0.5004973234437653,79.0,121.1203522733912,1.0,0.5004973234437653,1.0,0.5004973234437653,0.0,0.0
336.59167,1.0,0.5004973234437653,108.0,121.62084959683497,1.0,0.5004973234437653,1.0,0.5004973234437653,0.0,0.0
336.995,1.0,0.5004973234437653,80.0,121.1203522733912,1.0,0.5004973234437653,1.0,0.5004973234437653,0.0,0.0
337.175,1.0,0.5004973234437653,79.0,121.1203522733912,1.0,0.5004973234437653,1.0,0.5004973234437653,0.0,0.0
335.99335,1.0,0.5004973234437653,79.0,121.1203522733912,1.0,0.5004973234437653,1.0,0.5004973234437653,0.0,0.0
337.12668,1.0,0.5004973234437653,78.0,121.1203522733912,1.0,0.5004973234437653,1.0,0.5004973234437653,0.0,0.0
337.225,1.0,0.5004973234437653,78.0,121.1203522733912,1.0,0.5004973234437653,1.0,0.5004973234437653,0.0,0.0
337.73834,1.0,0.5004973234437653,78.0,120.61985494994744,1.0,0.5004973234437653,1.0,0.5004973234437653,0.0,0.0
337.27,1.0,0.5004973234437653,78.0,121.1203522733912,1.0,0.5004973234437653,1.0,0.5004973234437653,0.0,0.0
337.32,1.0,0.5004973234437653,78.0,121.1203522733912,1.0,0.5004973234437653,1.0,0.5004973234437653,0.0,0.0
337.81665,1.0,0.5004973234437653,78.0,120.61985494994744,1.0,0.5004973234437653,1.0,0.5004973234437653,0.0,0.0
337.895,1.0,0.5004973234437653,78.0,121.1203522733912,1.0,0.5004973234437653,1.0,0.5004973234437653,0.0,0.0
338.30167,1.0,0.5004973234437653,78.0,119.6188603030599,1.0,0.5004973234437653,1.0,0.5004973234437653,0.0,0.0
337.73834,1.0,0.5004973234437653,78.0,120.61985494994744,1.0,0.5004973234437653,1.0,0.5004973234437653,0.0,0.0
338.06833,1.0,0.5004973234437653,78.0,120.11935762650367,1.0,0.5004973234437653,1.0,0.5004973234437653,0.0,0.0
338.15167,1.0,0.5004973234437653,78.0,120.61985494994744,1.0,0.5004973234437653,1.0,0.5004973234437653,0.0,0.0
337.84332,1.0,0.5004973234437653,78.0,120.61985494994744,1.0,0.5004973234437653,1.0,0.5004973234437653,0.0,0.0
338.34668,1.0,0.5004973234437653,78.0,121.1203522733912,1.0,0.5004973234437653,1.0,0.5004973234437653,0.0,0.0
337.58667,1.0,0.5004973234437653,79.0,121.1203522733912,1.0,0.5004973234437653,1.0,0.5004973234437653,0.0,0.0
336.92667,1.0,0.5004973234437653,77.0,121.1203522733912,1.0,0.5004973234437653,1.0,0.5004973234437653,0.0,0.0
336.01166,1.0,0.5004973234437653,77.0,121.1203522733912,1.0,0.5004973234437653,1.0,0.5004973234437653,0.0,0.0
335.55,1.0,0.5004973234437653,77.0,120.61985494994744,1.0,0.5004973234437653,1.0,0.5004973234437653,0.0,0.0
334.735,1.0,0.5004973234437653,77.0,120.11935762650367,1.0,0.5004973234437653,1.0,0.5004973234437653,0.0,0.0
335.27667,1.0,0.5004973234437653,77.0,120.61985494994744,1.0,0.5004973234437653,1.0,0.5004973234437653,0.0,0.0
335.88333,1.0,0.5004973234437653,78.0,120.11935762650367,1.0,0.5004973234437653,1.0,0.5004973234437653,0.0,0.0
335.43832,1.0,0.5004973234437653,77.0,120.11935762650367,1.0,0.5004973234437653,1.0,0.5004973234437653,0.0,0.0
335.24,1.0,0.5004973234437653,77.0,120.11935762650367,1.0,0.5004973234437653,1.0,0.5004973234437653,0.0,0.0
335.17334,1.0,0.5004973234437653,77.0,120.11935762650367,1.0,0.5004973234437653,1.0,0.5004973234437653,0.0,0.0
334.62833,1.0,0.5004973234437653,77.0,120.11935762650367,1.0,0.5004973234437653,1.0,0.5004973234437653,0.0,0.0
335.39502,1.0,0.5004973234437653,77.0,120.11935762650367,1.0,0.5004973234437653,1.0,0.5004973234437653,0.0,0.0
335.17834,1.0,0.5004973234437653,77.0,120.11935762650367,1.0,0.5004973234437653,1.0,0.5004973234437653,0.0,0.0
330.51166,1.0,0.5004973234437653,76.0,120.61985494994744,1.0,0.5004973234437653,1.0,0.5004973234437653,0.0,0.0
327.585,1.0,0.5004973234437653,76.0,121.1203522733912,1.0,0.5004973234437653,1.0,0.5004973234437653,0.0,0.0
328.12332,1.0,0.5004973234437653,76.0,0.0,1.0,0.5004973234437653,1.0,0.5004973234437653,0.0,0.0
327.64166,1.0,0.5004973234437653,76.0,0.0,1.0,0.5004973234437653,1.0,0.5004973234437653,0.0,0.0
327.62167,1.0,0.5004973234437653,76.0,0.0,1.0,0.5004973234437653,1.0,0.5004973234437653,0.0,0.0
326.79666,1.0,0.5004973234437653,76.0,0.0,1.0,0.5004973234437653,1.0,0.5004973234437653,0.0,0.0
326.41998,1.0,0.5004973234437653,76.0,0.0,1.0,0.5004973234437653,1.0,0.5004973234437653,0.0,0.0
325.63,1.0,0.5004973234437653,76.0,0.0,1.0,0.5004973234437653,1.0,0.5004973234437653,0.0,0.0
324.90833,1.0,0.5004973234437653,76.0,0.0,1.0,0.5004973234437653,1.0,0.5004973234437653,0.0,0.0
326.07666,1.0,0.5004973234437653,76.0,0.0,1.0,0.5004973234437653,1.0,0.5004973234437653,0.0,0.0
326.77832,1.0,0.5004973234437653,76.0,0.0,1.0,0.5004973234437653,1.0,0.5004973234437653,0.0,0.0
326.38666,1.0,0.5004973234437653,76.0,0.0,1.0,0.5004973234437653,1.0,0.5004973234437653,0.0,0.0
325.99835,1.0,0.5004973234437653,76.0,0.0,1.0,0.5004973234437653,1.0,0.5004973234437653,0.0,0.0
326.645,1.0,0.5004973234437653,75.0,0.0,1.0,0.5004973234437653,1.0,0.5004973234437653,0.0,0.0
